# OpenMS Rust Modification Table, generated 2026-09-10
# Derived from UniMod (C) 2002-2006 Unimod, Design Science License,
# and OpenMS custom modifications, BSD-3-Clause. See README.md.
# id	name	full_name	site	term	mono_delta	average_delta	formula	hidden	classification	neutral_losses
1	Acetyl	Acetylation	T	anywhere	42.010565	42.0367	C2H2O1	1	Post-translational	
1	Acetyl	Acetylation	N-term	protein-n-term	42.010565	42.0367	C2H2O1	0	Post-translational	
1	Acetyl	Acetylation	S	anywhere	42.010565	42.0367	C2H2O1	1	Post-translational	
1	Acetyl	Acetylation	C	anywhere	42.010565	42.0367	C2H2O1	1	Post-translational	
1	Acetyl	Acetylation	N-term	n-term	42.010565	42.0367	C2H2O1	0	Multiple	
1	Acetyl	Acetylation	K	anywhere	42.010565	42.0367	C2H2O1	0	Multiple	
1	Acetyl	Acetylation	Y	anywhere	42.010565	42.0367	C2H2O1	1	Chemical derivative	
1	Acetyl	Acetylation	H	anywhere	42.010565	42.0367	C2H2O1	1	Chemical derivative	
1	Acetyl	Acetylation	R	anywhere	42.010565	42.0367	C2H2O1	1	Artefact	
2	Amidated	Amidation	C-term	c-term	-0.984016	-0.9848	H1N1O-1	0	Artefact	
2	Amidated	Amidation	C-term	protein-c-term	-0.984016	-0.9848	H1N1O-1	0	Post-translational	
3	Biotin	Biotinylation	N-term	n-term	226.077598	226.2954	C10H14N2O2S1	1	Chemical derivative	
3	Biotin	Biotinylation	K	anywhere	226.077598	226.2954	C10H14N2O2S1	1	Post-translational	
4	Carbamidomethyl	Iodoacetamide derivative	Y	anywhere	57.021464	57.0513	C2H3N1O1	1	Artefact	
4	Carbamidomethyl	Iodoacetamide derivative	T	anywhere	57.021464	57.0513	C2H3N1O1	1	Artefact	
4	Carbamidomethyl	Iodoacetamide derivative	S	anywhere	57.021464	57.0513	C2H3N1O1	1	Artefact	
4	Carbamidomethyl	Iodoacetamide derivative	E	anywhere	57.021464	57.0513	C2H3N1O1	1	Artefact	
4	Carbamidomethyl	Iodoacetamide derivative	D	anywhere	57.021464	57.0513	C2H3N1O1	1	Artefact	
4	Carbamidomethyl	Iodoacetamide derivative	H	anywhere	57.021464	57.0513	C2H3N1O1	1	Artefact	
4	Carbamidomethyl	Iodoacetamide derivative	N-term	n-term	57.021464	57.0513	C2H3N1O1	0	Artefact	
4	Carbamidomethyl	Iodoacetamide derivative	K	anywhere	57.021464	57.0513	C2H3N1O1	1	Artefact	
4	Carbamidomethyl	Iodoacetamide derivative	C	anywhere	57.021464	57.0513	C2H3N1O1	0	Chemical derivative	
4	Carbamidomethyl	Iodoacetamide derivative	U	anywhere	57.021464	57.0513	C2H3N1O1	1	Chemical derivative	
4	Carbamidomethyl	Iodoacetamide derivative	M	anywhere	57.021464	57.0513	C2H3N1O1	1	Chemical derivative	C3H7N1O1S1@105.024835@105.1588
5	Carbamyl	Carbamylation	Y	anywhere	43.005814	43.0247	C1H1N1O1	1	Chemical derivative	
5	Carbamyl	Carbamylation	T	anywhere	43.005814	43.0247	C1H1N1O1	1	Chemical derivative	
5	Carbamyl	Carbamylation	S	anywhere	43.005814	43.0247	C1H1N1O1	1	Chemical derivative	
5	Carbamyl	Carbamylation	M	anywhere	43.005814	43.0247	C1H1N1O1	1	Artefact	
5	Carbamyl	Carbamylation	C	anywhere	43.005814	43.0247	C1H1N1O1	1	Artefact	
5	Carbamyl	Carbamylation	R	anywhere	43.005814	43.0247	C1H1N1O1	1	Artefact	
5	Carbamyl	Carbamylation	N-term	n-term	43.005814	43.0247	C1H1N1O1	0	Multiple	
5	Carbamyl	Carbamylation	K	anywhere	43.005814	43.0247	C1H1N1O1	0	Multiple	
5	Carbamyl	Carbamylation	N-term	protein-n-term	43.005814	43.0247	C1H1N1O1	1	Post-translational	
6	Carboxymethyl	Iodoacetic acid derivative	N-term	n-term	58.005479	58.0361	C2H2O2	1	Artefact	
6	Carboxymethyl	Iodoacetic acid derivative	K	anywhere	58.005479	58.0361	C2H2O2	1	Artefact	
6	Carboxymethyl	Iodoacetic acid derivative	C	anywhere	58.005479	58.0361	C2H2O2	0	Chemical derivative	
6	Carboxymethyl	Iodoacetic acid derivative	W	anywhere	58.005479	58.0361	C2H2O2	1	Chemical derivative	
6	Carboxymethyl	Iodoacetic acid derivative	U	anywhere	58.005479	58.0361	C2H2O2	1	Chemical derivative	
7	Deamidated	Deamidation	Q	anywhere	0.984016	0.9848	H-1N-1O1	0	Artefact	
7	Deamidated	Deamidation	R	anywhere	0.984016	0.9848	H-1N-1O1	1	Post-translational	C1H1N1O1@43.005814@43.0247
7	Deamidated	Deamidation	N	anywhere	0.984016	0.9848	H-1N-1O1	0	Artefact	
7	Deamidated	Deamidation	F	protein-n-term	0.984016	0.9848	H-1N-1O1	1	Post-translational	
8	ICAT-G	Gygi ICAT(TM) d0	C	anywhere	486.251206	486.6253	C22H38N4O6S1	1	Isotopic label	
9	ICAT-G:2H(8)	Gygi ICAT(TM) d8	C	anywhere	494.30142	494.6746	(2)H8C22H30N4O6S1	1	Isotopic label	
10	Met->Hse	Homoserine	M	c-term	-29.992806	-30.0922	C-1H-2O1S-1	0	Chemical derivative	
11	Met->Hsl	Homoserine lactone	M	c-term	-48.003371	-48.1075	C-1H-4S-1	0	Chemical derivative	
12	ICAT-D:2H(8)	Applied Biosystems original ICAT(TM) d8	C	anywhere	450.275205	450.6221	(2)H8C20H26N4O5S1	1	Isotopic label	
13	ICAT-D	Applied Biosystems original ICAT(TM) d0	C	anywhere	442.224991	442.5728	C20H34N4O5S1	1	Isotopic label	
17	NIPCAM	N-isopropylcarboxamidomethyl	C	anywhere	99.068414	99.1311	C5H9N1O1	0	Chemical derivative	
20	PEO-Iodoacetyl-LC-Biotin	Biotinyl-iodoacetamidyl-3,6-dioxaoctanediamine	C	anywhere	414.193691	414.5196	C18H30N4O5S1	1	Chemical derivative	
21	Phospho	Phosphorylation	E	anywhere	79.966331	79.9799	H1O3P1	1	Post-translational	
21	Phospho	Phosphorylation	R	anywhere	79.966331	79.9799	H1O3P1	1	Post-translational	
21	Phospho	Phosphorylation	K	anywhere	79.966331	79.9799	H1O3P1	1	Post-translational	
21	Phospho	Phosphorylation	H	anywhere	79.966331	79.9799	H1O3P1	1	Post-translational	
21	Phospho	Phosphorylation	C	anywhere	79.966331	79.9799	H1O3P1	1	Post-translational	
21	Phospho	Phosphorylation	D	anywhere	79.966331	79.9799	H1O3P1	1	Post-translational	
21	Phospho	Phosphorylation	Y	anywhere	79.966331	79.9799	H1O3P1	0	Post-translational	
21	Phospho	Phosphorylation	T	anywhere	79.966331	79.9799	H1O3P1	0	Post-translational	H3O4P1@97.976896@97.9952
21	Phospho	Phosphorylation	S	anywhere	79.966331	79.9799	H1O3P1	0	Post-translational	H3O4P1@97.976896@97.9952
2007	Methamidophos-S	S-methyl amino phosphinate	Y	anywhere	108.975121	109.0873	C1H4N1O1P1S1	1	Chemical derivative	
2007	Methamidophos-S	S-methyl amino phosphinate	T	anywhere	108.975121	109.0873	C1H4N1O1P1S1	1	Chemical derivative	
2007	Methamidophos-S	S-methyl amino phosphinate	S	anywhere	108.975121	109.0873	C1H4N1O1P1S1	1	Chemical derivative	
2007	Methamidophos-S	S-methyl amino phosphinate	K	anywhere	108.975121	109.0873	C1H4N1O1P1S1	1	Chemical derivative	
2007	Methamidophos-S	S-methyl amino phosphinate	H	anywhere	108.975121	109.0873	C1H4N1O1P1S1	1	Chemical derivative	
2007	Methamidophos-S	S-methyl amino phosphinate	C	anywhere	108.975121	109.0873	C1H4N1O1P1S1	1	Chemical derivative	
23	Dehydrated	Dehydration	D	anywhere	-18.010565	-18.0153	H-2O-1	1	Chemical derivative	
23	Dehydrated	Dehydration	Y	anywhere	-18.010565	-18.0153	H-2O-1	1	Post-translational	
23	Dehydrated	Dehydration	T	anywhere	-18.010565	-18.0153	H-2O-1	1	Post-translational	
23	Dehydrated	Dehydration	S	anywhere	-18.010565	-18.0153	H-2O-1	1	Post-translational	
23	Dehydrated	Dehydration	N	protein-c-term	-18.010565	-18.0153	H-2O-1	1	Post-translational	
23	Dehydrated	Dehydration	Q	protein-c-term	-18.010565	-18.0153	H-2O-1	1	Post-translational	
23	Dehydrated	Dehydration	C	n-term	-18.010565	-18.0153	H-2O-1	0	Artefact	
24	Propionamide	Acrylamide adduct	N-term	n-term	71.037114	71.0779	C3H5N1O1	1	Chemical derivative	
24	Propionamide	Acrylamide adduct	K	anywhere	71.037114	71.0779	C3H5N1O1	1	Chemical derivative	
24	Propionamide	Acrylamide adduct	C	anywhere	71.037114	71.0779	C3H5N1O1	0	Artefact	
25	Pyridylacetyl	pyridylacetyl	N-term	n-term	119.037114	119.1207	C7H5N1O1	1	Chemical derivative	
25	Pyridylacetyl	pyridylacetyl	K	anywhere	119.037114	119.1207	C7H5N1O1	1	Chemical derivative	
26	Pyro-carbamidomethyl	S-carbamoylmethylcysteine cyclization (N-terminus)	C	n-term	39.994915	40.0208	C2O1	0	Artefact	
27	Glu->pyro-Glu	Pyro-glu from E	E	n-term	-18.010565	-18.0153	H-2O-1	0	Artefact	
28	Gln->pyro-Glu	Pyro-glu from Q	Q	n-term	-17.026549	-17.0305	H-3N-1	0	Artefact	
29	SMA	N-Succinimidyl-2-morpholine acetate	N-term	n-term	127.063329	127.1412	C6H9N1O2	1	Chemical derivative	
29	SMA	N-Succinimidyl-2-morpholine acetate	K	anywhere	127.063329	127.1412	C6H9N1O2	1	Chemical derivative	
30	Cation:Na	Sodium adduct	D	anywhere	21.981943	21.9818	H-1Na1	0	Artefact	
30	Cation:Na	Sodium adduct	C-term	c-term	21.981943	21.9818	H-1Na1	0	Artefact	
30	Cation:Na	Sodium adduct	E	anywhere	21.981943	21.9818	H-1Na1	0	Artefact	
31	Pyridylethyl	S-pyridylethylation	C	anywhere	105.057849	105.1372	C7H7N1	0	Chemical derivative	
34	Methyl	Methylation	E	anywhere	14.01565	14.0266	C1H2	0	Post-translational	
34	Methyl	Methylation	D	anywhere	14.01565	14.0266	C1H2	0	Post-translational	
34	Methyl	Methylation	C-term	c-term	14.01565	14.0266	C1H2	0	Multiple	
34	Methyl	Methylation	N-term	protein-n-term	14.01565	14.0266	C1H2	1	Post-translational	
34	Methyl	Methylation	L	anywhere	14.01565	14.0266	C1H2	1	Post-translational	
34	Methyl	Methylation	I	anywhere	14.01565	14.0266	C1H2	1	Post-translational	
34	Methyl	Methylation	R	anywhere	14.01565	14.0266	C1H2	1	Post-translational	
34	Methyl	Methylation	Q	anywhere	14.01565	14.0266	C1H2	1	Post-translational	
34	Methyl	Methylation	N-term	n-term	14.01565	14.0266	C1H2	1	Chemical derivative	
34	Methyl	Methylation	N	anywhere	14.01565	14.0266	C1H2	1	Post-translational	
34	Methyl	Methylation	K	anywhere	14.01565	14.0266	C1H2	1	Post-translational	
34	Methyl	Methylation	H	anywhere	14.01565	14.0266	C1H2	1	Post-translational	
34	Methyl	Methylation	C	anywhere	14.01565	14.0266	C1H2	1	Post-translational	
34	Methyl	Methylation	S	anywhere	14.01565	14.0266	C1H2	1	Post-translational	
34	Methyl	Methylation	T	anywhere	14.01565	14.0266	C1H2	1	Post-translational	
35	Oxidation	Oxidation or Hydroxylation	T	anywhere	15.994915	15.9994	O1	1	Chemical derivative	
35	Oxidation	Oxidation or Hydroxylation	E	anywhere	15.994915	15.9994	O1	1	Chemical derivative	
35	Oxidation	Oxidation or Hydroxylation	S	anywhere	15.994915	15.9994	O1	1	Chemical derivative	
35	Oxidation	Oxidation or Hydroxylation	Q	anywhere	15.994915	15.9994	O1	1	Chemical derivative	
35	Oxidation	Oxidation or Hydroxylation	L	anywhere	15.994915	15.9994	O1	1	Chemical derivative	
35	Oxidation	Oxidation or Hydroxylation	I	anywhere	15.994915	15.9994	O1	1	Chemical derivative	
35	Oxidation	Oxidation or Hydroxylation	U	anywhere	15.994915	15.9994	O1	1	Multiple	
35	Oxidation	Oxidation or Hydroxylation	G	c-term	15.994915	15.9994	O1	1	Pre-translational	
35	Oxidation	Oxidation or Hydroxylation	W	anywhere	15.994915	15.9994	O1	0	Artefact	
35	Oxidation	Oxidation or Hydroxylation	C	anywhere	15.994915	15.9994	O1	1	Post-translational	
35	Oxidation	Oxidation or Hydroxylation	H	anywhere	15.994915	15.9994	O1	0	Artefact	
35	Oxidation	Oxidation or Hydroxylation	V	anywhere	15.994915	15.9994	O1	1	Chemical derivative	
35	Oxidation	Oxidation or Hydroxylation	R	anywhere	15.994915	15.9994	O1	1	Post-translational	
35	Oxidation	Oxidation or Hydroxylation	M	anywhere	15.994915	15.9994	O1	0	Artefact	C1H4O1S1@63.998285@64.1069
35	Oxidation	Oxidation or Hydroxylation	Y	anywhere	15.994915	15.9994	O1	1	Post-translational	
35	Oxidation	Oxidation or Hydroxylation	F	anywhere	15.994915	15.9994	O1	1	Artefact	
35	Oxidation	Oxidation or Hydroxylation	P	anywhere	15.994915	15.9994	O1	1	Post-translational	
35	Oxidation	Oxidation or Hydroxylation	N	anywhere	15.994915	15.9994	O1	1	Post-translational	
35	Oxidation	Oxidation or Hydroxylation	K	anywhere	15.994915	15.9994	O1	1	Post-translational	
35	Oxidation	Oxidation or Hydroxylation	D	anywhere	15.994915	15.9994	O1	1	Post-translational	
36	Dimethyl	di-Methylation	N-term	protein-n-term	28.0313	28.0532	C2H4	1	Isotopic label	
36	Dimethyl	di-Methylation	P	protein-n-term	28.0313	28.0532	C2H4	1	Post-translational	
36	Dimethyl	di-Methylation	N	anywhere	28.0313	28.0532	C2H4	1	Post-translational	
36	Dimethyl	di-Methylation	N-term	n-term	28.0313	28.0532	C2H4	1	Isotopic label	
36	Dimethyl	di-Methylation	K	anywhere	28.0313	28.0532	C2H4	1	Multiple	
36	Dimethyl	di-Methylation	R	anywhere	28.0313	28.0532	C2H4	1	Post-translational	
37	Trimethyl	tri-Methylation	A	protein-n-term	42.04695	42.0797	C3H6	1	Post-translational	
37	Trimethyl	tri-Methylation	R	anywhere	42.04695	42.0797	C3H6	1	Chemical derivative	
37	Trimethyl	tri-Methylation	K	anywhere	42.04695	42.0797	C3H6	1	Post-translational	C3H9N1@59.073499@59.1103
39	Methylthio	Beta-methylthiolation	C	anywhere	45.987721	46.0916	C1H2S1	0	Multiple	
39	Methylthio	Beta-methylthiolation	N	anywhere	45.987721	46.0916	C1H2S1	1	Post-translational	
39	Methylthio	Beta-methylthiolation	D	anywhere	45.987721	46.0916	C1H2S1	1	Post-translational	
39	Methylthio	Beta-methylthiolation	K	anywhere	45.987721	46.0916	C1H2S1	1	Artefact	
39	Methylthio	Beta-methylthiolation	N-term	n-term	45.987721	46.0916	C1H2S1	1	Artefact	
40	Sulfo	O-Sulfonation	S	anywhere	79.956815	80.0632	O3S1	0	Post-translational	O3S1@79.956815@80.0632
40	Sulfo	O-Sulfonation	T	anywhere	79.956815	80.0632	O3S1	0	Post-translational	O3S1@79.956815@80.0632
40	Sulfo	O-Sulfonation	Y	anywhere	79.956815	80.0632	O3S1	0	Post-translational	O3S1@79.956815@80.0632
40	Sulfo	O-Sulfonation	C	anywhere	79.956815	80.0632	O3S1	1	Post-translational	
41	Hex	Hexose	C	anywhere	162.052824	162.1406	C6H10O5	1	Other glycosylation	
41	Hex	Hexose	W	anywhere	162.052824	162.1406	C6H10O5	1	Other glycosylation	
41	Hex	Hexose	T	anywhere	162.052824	162.1406	C6H10O5	1	O-linked glycosylation	C6H10O5@162.052824@162.1406
41	Hex	Hexose	S	anywhere	162.052824	162.1406	C6H10O5	1	O-linked glycosylation	C6H10O5@162.052824@162.1406
41	Hex	Hexose	N-term	n-term	162.052824	162.1406	C6H10O5	1	Other glycosylation	H6O3@54.031694@54.0458
41	Hex	Hexose	N	anywhere	162.052824	162.1406	C6H10O5	1	N-linked glycosylation	C6H10O5@162.052824@162.1406
41	Hex	Hexose	R	anywhere	162.052824	162.1406	C6H10O5	1	Other glycosylation	H6O3@54.031694@54.0458
41	Hex	Hexose	K	anywhere	162.052824	162.1406	C6H10O5	1	Other glycosylation	H6O3@54.031694@54.0458
41	Hex	Hexose	Y	anywhere	162.052824	162.1406	C6H10O5	1	O-linked glycosylation	
42	Lipoyl	Lipoyl	K	anywhere	188.032956	188.3103	C8H12O1S2	1	Post-translational	
43	HexNAc	N-Acetylhexosamine	C	anywhere	203.079373	203.1925	C8H13N1O5	1	Other glycosylation	C8H13N1O5@203.079373@203.1925
43	HexNAc	N-Acetylhexosamine	T	anywhere	203.079373	203.1925	C8H13N1O5	1	O-linked glycosylation	C8H13N1O5@203.079373@203.1925
43	HexNAc	N-Acetylhexosamine	S	anywhere	203.079373	203.1925	C8H13N1O5	1	O-linked glycosylation	C8H13N1O5@203.079373@203.1925
43	HexNAc	N-Acetylhexosamine	N	anywhere	203.079373	203.1925	C8H13N1O5	1	N-linked glycosylation	C8H13N1O5@203.079373@203.1925
44	Farnesyl	Farnesylation	C	anywhere	204.187801	204.3511	C15H24	1	Post-translational	
45	Myristoyl	Myristoylation	C	anywhere	210.198366	210.3556	C14H26O1	1	Post-translational	
45	Myristoyl	Myristoylation	K	anywhere	210.198366	210.3556	C14H26O1	1	Post-translational	
45	Myristoyl	Myristoylation	G	n-term	210.198366	210.3556	C14H26O1	1	Post-translational	
46	PyridoxalPhosphate	Pyridoxal phosphate	K	anywhere	229.014009	229.1266	C8H8N1O5P1	1	Post-translational	
47	Palmitoyl	Palmitoylation	T	anywhere	238.229666	238.4088	C16H30O1	1	Post-translational	
47	Palmitoyl	Palmitoylation	S	anywhere	238.229666	238.4088	C16H30O1	1	Post-translational	
47	Palmitoyl	Palmitoylation	K	anywhere	238.229666	238.4088	C16H30O1	1	Post-translational	
47	Palmitoyl	Palmitoylation	C	anywhere	238.229666	238.4088	C16H30O1	1	Post-translational	
47	Palmitoyl	Palmitoylation	N-term	protein-n-term	238.229666	238.4088	C16H30O1	1	Post-translational	
48	GeranylGeranyl	Geranyl-geranyl	C	anywhere	272.250401	272.4681	C20H32	1	Post-translational	
49	Phosphopantetheine	Phosphopantetheine	S	anywhere	340.085794	340.333	C11H21N2O6P1S1	1	Post-translational	
50	FAD	Flavin adenine dinucleotide	Y	anywhere	783.141486	783.5339	C27H31N9O15P2	1	Post-translational	
50	FAD	Flavin adenine dinucleotide	H	anywhere	783.141486	783.5339	C27H31N9O15P2	1	Post-translational	
50	FAD	Flavin adenine dinucleotide	C	anywhere	783.141486	783.5339	C27H31N9O15P2	1	Post-translational	
51	Tripalmitate	N-acyl diglyceride cysteine	C	protein-n-term	788.725777	789.3049	C51H96O5	1	Post-translational	
52	Guanidinyl	Guanidination	K	anywhere	42.021798	42.04	C1H2N2	0	Chemical derivative	
52	Guanidinyl	Guanidination	N-term	n-term	42.021798	42.04	C1H2N2	1	Chemical derivative	
53	HNE	4-hydroxynonenal (HNE)	R	anywhere	156.11503	156.2221	C9H16O2	1	Post-translational	
53	HNE	4-hydroxynonenal (HNE)	C	anywhere	156.11503	156.2221	C9H16O2	1	Post-translational	
53	HNE	4-hydroxynonenal (HNE)	H	anywhere	156.11503	156.2221	C9H16O2	1	Post-translational	
53	HNE	4-hydroxynonenal (HNE)	K	anywhere	156.11503	156.2221	C9H16O2	1	Post-translational	
53	HNE	4-hydroxynonenal (HNE)	A	anywhere	156.11503	156.2221	C9H16O2	1	Post-translational	
53	HNE	4-hydroxynonenal (HNE)	L	anywhere	156.11503	156.2221	C9H16O2	1	Post-translational	
54	Glucuronyl	hexuronic acid	T	anywhere	176.032088	176.1241	C6H8O6	1	O-linked glycosylation	C6H8O6@176.032088@176.1241
54	Glucuronyl	hexuronic acid	S	anywhere	176.032088	176.1241	C6H8O6	1	O-linked glycosylation	C6H8O6@176.032088@176.1241
54	Glucuronyl	hexuronic acid	N-term	protein-n-term	176.032088	176.1241	C6H8O6	1	Other glycosylation	
55	Glutathione	glutathione disulfide	C	anywhere	305.068156	305.3076	C10H15N3O6S1	1	Post-translational	
56	Acetyl:2H(3)	Acetate labeling reagent (N-term & K) (heavy form, +3amu)	Y	anywhere	45.029395	45.0552	(2)H3C2H-1O1	1	Isotopic label	
56	Acetyl:2H(3)	Acetate labeling reagent (N-term & K) (heavy form, +3amu)	T	anywhere	45.029395	45.0552	(2)H3C2H-1O1	1	Isotopic label	
56	Acetyl:2H(3)	Acetate labeling reagent (N-term & K) (heavy form, +3amu)	S	anywhere	45.029395	45.0552	(2)H3C2H-1O1	1	Isotopic label	
56	Acetyl:2H(3)	Acetate labeling reagent (N-term & K) (heavy form, +3amu)	H	anywhere	45.029395	45.0552	(2)H3C2H-1O1	1	Isotopic label	
56	Acetyl:2H(3)	Acetate labeling reagent (N-term & K) (heavy form, +3amu)	N-term	n-term	45.029395	45.0552	(2)H3C2H-1O1	1	Isotopic label	
56	Acetyl:2H(3)	Acetate labeling reagent (N-term & K) (heavy form, +3amu)	K	anywhere	45.029395	45.0552	(2)H3C2H-1O1	1	Isotopic label	
56	Acetyl:2H(3)	Acetate labeling reagent (N-term & K) (heavy form, +3amu)	N-term	protein-n-term	45.029395	45.0552	(2)H3C2H-1O1	1	Isotopic label	
58	Propionyl	Propionate labeling reagent light form (N-term & K)	N-term	protein-n-term	56.026215	56.0633	C3H4O1	1	Multiple	
58	Propionyl	Propionate labeling reagent light form (N-term & K)	T	anywhere	56.026215	56.0633	C3H4O1	1	Isotopic label	
58	Propionyl	Propionate labeling reagent light form (N-term & K)	S	anywhere	56.026215	56.0633	C3H4O1	1	Chemical derivative	
58	Propionyl	Propionate labeling reagent light form (N-term & K)	K	anywhere	56.026215	56.0633	C3H4O1	1	Isotopic label	
58	Propionyl	Propionate labeling reagent light form (N-term & K)	N-term	n-term	56.026215	56.0633	C3H4O1	1	Isotopic label	
59	Propionyl:13C(3)	Propionate labeling reagent heavy form (+3amu), N-term & K	N-term	n-term	59.036279	59.0412	(13)C3H4O1	1	Isotopic label	
59	Propionyl:13C(3)	Propionate labeling reagent heavy form (+3amu), N-term & K	K	anywhere	59.036279	59.0412	(13)C3H4O1	1	Isotopic label	
60	GIST-Quat	Quaternary amine labeling reagent light form (N-term & K)	N-term	n-term	127.099714	127.1842	C7H13N1O1	1	Isotopic label	C3H9N1@59.073499@59.1103
60	GIST-Quat	Quaternary amine labeling reagent light form (N-term & K)	K	anywhere	127.099714	127.1842	C7H13N1O1	1	Isotopic label	C3H9N1@59.073499@59.1103
61	GIST-Quat:2H(3)	Quaternary amine labeling reagent heavy (+3amu) form, N-term & K	N-term	n-term	130.118544	130.2027	(2)H3C7H10N1O1	1	Isotopic label	(2)H3C3H6N1@62.09233@62.1287
61	GIST-Quat:2H(3)	Quaternary amine labeling reagent heavy (+3amu) form, N-term & K	K	anywhere	130.118544	130.2027	(2)H3C7H10N1O1	1	Isotopic label	(2)H3C3H6N1@62.09233@62.1287
62	GIST-Quat:2H(6)	Quaternary amine labeling reagent heavy form (+6amu), N-term & K	N-term	n-term	133.137375	133.2212	(2)H6C7H7N1O1	1	Isotopic label	(2)H6C3H3N1@65.11116@65.1472
62	GIST-Quat:2H(6)	Quaternary amine labeling reagent heavy form (+6amu), N-term & K	K	anywhere	133.137375	133.2212	(2)H6C7H7N1O1	1	Isotopic label	(2)H6C3H3N1@65.11116@65.1472
63	GIST-Quat:2H(9)	Quaternary amine labeling reagent heavy form (+9amu), N-term & K	N-term	n-term	136.156205	136.2397	(2)H9C7H4N1O1	1	Isotopic label	(2)H9C3N1@68.12999@68.1657
63	GIST-Quat:2H(9)	Quaternary amine labeling reagent heavy form (+9amu), N-term & K	K	anywhere	136.156205	136.2397	(2)H9C7H4N1O1	1	Isotopic label	(2)H9C3N1@68.12999@68.1657
64	Succinyl	Succinic anhydride labeling reagent light form (N-term & K)	N-term	protein-n-term	100.016044	100.0728	C4H4O3	1	Post-translational	
64	Succinyl	Succinic anhydride labeling reagent light form (N-term & K)	N-term	n-term	100.016044	100.0728	C4H4O3	1	Isotopic label	
64	Succinyl	Succinic anhydride labeling reagent light form (N-term & K)	K	anywhere	100.016044	100.0728	C4H4O3	1	Isotopic label	
65	Succinyl:2H(4)	Succinic anhydride labeling reagent, heavy form (+4amu, 4H2), N-term & K	N-term	n-term	104.041151	104.0974	(2)H4C4O3	1	Isotopic label	
65	Succinyl:2H(4)	Succinic anhydride labeling reagent, heavy form (+4amu, 4H2), N-term & K	K	anywhere	104.041151	104.0974	(2)H4C4O3	1	Isotopic label	
66	Succinyl:13C(4)	Succinic anhydride labeling reagent, heavy form (+4amu, 4C13), N-term & K	N-term	n-term	104.029463	104.0434	(13)C4H4O3	1	Isotopic label	
66	Succinyl:13C(4)	Succinic anhydride labeling reagent, heavy form (+4amu, 4C13), N-term & K	K	anywhere	104.029463	104.0434	(13)C4H4O3	1	Isotopic label	
357	probiotinhydrazide	oxidized proline biotinylated with biotin hydrazide	P	anywhere	258.115047	258.3405	C10H18N4O2S1	1	Chemical derivative	
359	Pro->pyro-Glu	proline oxidation to pyroglutamic acid	P	anywhere	13.979265	13.9835	H-2O1	1	Chemical derivative	
348	His->Asn	His->Asn substitution	H	anywhere	-23.015984	-23.0366	C-2H-1N-1O1	1	AA substitution	
349	His->Asp	His->Asp substitution	H	anywhere	-22.031969	-22.0519	C-2H-2N-2O2	1	AA substitution	
350	Trp->Hydroxykynurenin	tryptophan oxidation to hydroxykynurenin	W	anywhere	19.989829	19.9881	C-1O2	1	Chemical derivative	
256	Delta:H(4)C(3)	Propionaldehyde +40	K	anywhere	40.0313	40.0639	C3H4	1	Other	
256	Delta:H(4)C(3)	Propionaldehyde +40	H	anywhere	40.0313	40.0639	C3H4	1	Other	
256	Delta:H(4)C(3)	Propionaldehyde +40	N-term	protein-n-term	40.0313	40.0639	C3H4	1	Other	
255	Delta:H(4)C(2)	Acetaldehyde +28	K	anywhere	28.0313	28.0532	C2H4	1	Other	
255	Delta:H(4)C(2)	Acetaldehyde +28	H	anywhere	28.0313	28.0532	C2H4	1	Other	
255	Delta:H(4)C(2)	Acetaldehyde +28	N-term	n-term	28.0313	28.0532	C2H4	1	Other	
368	Cys->Dha	Dehydroalanine (from Cysteine)	C	anywhere	-33.987721	-34.0809	H-2S-1	1	Chemical derivative	
344	Arg->GluSA	Arginine oxidation to glutamic semialdehyde	R	anywhere	-43.053433	-43.0711	C-1H-5N-3O1	1	Chemical derivative	
345	Trioxidation	cysteine oxidation to cysteic acid	Y	anywhere	47.984744	47.9982	O3	1	Chemical derivative	
345	Trioxidation	cysteine oxidation to cysteic acid	W	anywhere	47.984744	47.9982	O3	1	Chemical derivative	
345	Trioxidation	cysteine oxidation to cysteic acid	C	anywhere	47.984744	47.9982	O3	1	Chemical derivative	
345	Trioxidation	cysteine oxidation to cysteic acid	F	anywhere	47.984744	47.9982	O3	1	Artefact	
89	Iminobiotin	Iminobiotinylation	N-term	n-term	225.093583	225.3106	C10H15N3O1S1	1	Chemical derivative	
89	Iminobiotin	Iminobiotinylation	K	anywhere	225.093583	225.3106	C10H15N3O1S1	1	Chemical derivative	
90	ESP	ESP-Tag light d0	N-term	n-term	338.177647	338.4682	C16H26N4O2S1	1	Isotopic label	
90	ESP	ESP-Tag light d0	K	anywhere	338.177647	338.4682	C16H26N4O2S1	1	Isotopic label	
91	ESP:2H(10)	ESP-Tag heavy d10	N-term	n-term	348.240414	348.5299	(2)H10C16H16N4O2S1	1	Isotopic label	
91	ESP:2H(10)	ESP-Tag heavy d10	K	anywhere	348.240414	348.5299	(2)H10C16H16N4O2S1	1	Isotopic label	
92	NHS-LC-Biotin	NHS-LC-Biotin	N-term	n-term	339.161662	339.453	C16H25N3O3S1	1	Chemical derivative	
92	NHS-LC-Biotin	NHS-LC-Biotin	K	anywhere	339.161662	339.453	C16H25N3O3S1	1	Chemical derivative	
93	EDT-maleimide-PEO-biotin	EDT-maleimide-PEO-biotin	T	anywhere	601.206246	601.8021	C25H39N5O6S3	1	Chemical derivative	
93	EDT-maleimide-PEO-biotin	EDT-maleimide-PEO-biotin	S	anywhere	601.206246	601.8021	C25H39N5O6S3	1	Chemical derivative	
94	IMID	IMID d0	K	anywhere	68.037448	68.0773	C3H4N2	1	Isotopic label	
95	IMID:2H(4)	IMID d4	K	anywhere	72.062555	72.1019	(2)H4C3N2	1	Isotopic label	
353	Lysbiotinhydrazide	oxidized Lysine biotinylated with biotin hydrazide	K	anywhere	241.088497	241.31	C10H15N3O2S1	1	Chemical derivative	
97	Propionamide:2H(3)	Acrylamide d3	C	anywhere	74.055944	74.0964	(2)H3C3H2N1O1	1	Isotopic label	
354	Nitro	Oxidation to nitro	Y	anywhere	44.985078	44.9976	H-1N1O2	1	Chemical derivative	
354	Nitro	Oxidation to nitro	W	anywhere	44.985078	44.9976	H-1N1O2	1	Chemical derivative	
354	Nitro	Oxidation to nitro	F	anywhere	44.985078	44.9976	H-1N1O2	1	Artefact	
105	ICAT-C	Applied Biosystems cleavable ICAT(TM) light	C	anywhere	227.126991	227.2603	C10H17N3O3	0	Isotopic label	
254	Delta:H(2)C(2)	Acetaldehyde +26	N-term	protein-n-term	26.01565	26.0373	C2H2	1	Other	
254	Delta:H(2)C(2)	Acetaldehyde +26	K	anywhere	26.01565	26.0373	C2H2	1	Other	
254	Delta:H(2)C(2)	Acetaldehyde +26	H	anywhere	26.01565	26.0373	C2H2	1	Other	
254	Delta:H(2)C(2)	Acetaldehyde +26	N-term	n-term	26.01565	26.0373	C2H2	1	Other	
351	Trp->Kynurenin	tryptophan oxidation to kynurenin	W	anywhere	3.994915	3.9887	C-1O1	1	Chemical derivative	
352	Lys->Allysine	Lysine oxidation to aminoadipic semialdehyde	K	anywhere	-1.031634	-1.0311	H-3N-1O1	1	Post-translational	
106	ICAT-C:13C(9)	Applied Biosystems cleavable ICAT(TM) heavy	C	anywhere	236.157185	236.1942	(13)C9C1H17N3O3	0	Isotopic label	
107	FormylMet	Addition of N-formyl met	N-term	protein-n-term	159.035399	159.2062	C6H9N1O2S1	1	Pre-translational	
108	Nethylmaleimide	N-ethylmaleimide on cysteines	C	anywhere	125.047679	125.1253	C6H7N1O2	1	Chemical derivative	
112	OxLysBiotinRed	Oxidized lysine biotinylated with biotin-LC-hydrazide, reduced	K	anywhere	354.172562	354.4676	C16H26N4O3S1	1	Chemical derivative	
119	IBTP	Thio Ether Formation - BTP Adduct	C	anywhere	316.138088	316.3759	C22H21P1	1	Chemical derivative	
113	OxLysBiotin	Oxidized lysine biotinylated with biotin-LC-hydrazide	K	anywhere	352.156911	352.4518	C16H24N4O3S1	1	Chemical derivative	
114	OxProBiotinRed	Oxidized proline biotinylated with biotin-LC-hydrazide, reduced	P	anywhere	371.199111	371.4982	C16H29N5O3S1	1	Chemical derivative	
115	OxProBiotin	Oxidized Proline biotinylated with biotin-LC-hydrazide	P	anywhere	369.183461	369.4823	C16H27N5O3S1	1	Chemical derivative	
116	OxArgBiotin	Oxidized arginine biotinylated with biotin-LC-hydrazide	R	anywhere	310.135113	310.4118	C15H22N2O3S1	1	Chemical derivative	
117	OxArgBiotinRed	Oxidized arginine biotinylated with biotin-LC-hydrazide, reduced	R	anywhere	312.150763	312.4277	C15H24N2O3S1	1	Chemical derivative	
118	EDT-iodoacetyl-PEO-biotin	EDT-iodo-PEO-biotin	T	anywhere	490.174218	490.7034	C20H34N4O4S3	1	Chemical derivative	
118	EDT-iodoacetyl-PEO-biotin	EDT-iodo-PEO-biotin	S	anywhere	490.174218	490.7034	C20H34N4O4S3	1	Chemical derivative	
121	GG	ubiquitinylation residue	C	anywhere	114.042927	114.1026	C4H6N2O2	1	Other	
121	GG	ubiquitinylation residue	T	anywhere	114.042927	114.1026	C4H6N2O2	1	Other	
121	GG	ubiquitinylation residue	S	anywhere	114.042927	114.1026	C4H6N2O2	1	Other	
121	GG	ubiquitinylation residue	K	anywhere	114.042927	114.1026	C4H6N2O2	1	Other	
121	GG	ubiquitinylation residue	N-term	protein-n-term	114.042927	114.1026	C4H6N2O2	1	Post-translational	
122	Formyl	Formylation	N-term	protein-n-term	27.994915	28.0101	C1O1	0	Post-translational	
122	Formyl	Formylation	T	anywhere	27.994915	28.0101	C1O1	1	Artefact	
122	Formyl	Formylation	K	anywhere	27.994915	28.0101	C1O1	1	Artefact	
122	Formyl	Formylation	N-term	n-term	27.994915	28.0101	C1O1	0	Artefact	
122	Formyl	Formylation	S	anywhere	27.994915	28.0101	C1O1	1	Artefact	
123	ICAT-H	N-iodoacetyl, p-chlorobenzyl-12C6-glucamine	C	anywhere	345.097915	345.7754	C15Cl1H20N1O6	1	Isotopic label	
124	ICAT-H:13C(6)	N-iodoacetyl, p-chlorobenzyl-13C6-glucamine	C	anywhere	351.118044	351.7313	(13)C6C9Cl1H20N1O6	1	Isotopic label	
530	Cation:K	Replacement of proton by potassium	C-term	c-term	37.955882	38.0904	H-1K1	1	Artefact	
530	Cation:K	Replacement of proton by potassium	E	anywhere	37.955882	38.0904	H-1K1	1	Artefact	
530	Cation:K	Replacement of proton by potassium	D	anywhere	37.955882	38.0904	H-1K1	1	Artefact	
126	Xlink:DTSSP[88]	Cleaved and reduced DSP/DTSSP crosslinker	N-term	protein-n-term	87.998285	88.1283	C3H4O1S1	1	Chemical derivative	
126	Xlink:DTSSP[88]	Cleaved and reduced DSP/DTSSP crosslinker	K	anywhere	87.998285	88.1283	C3H4O1S1	1	Chemical derivative	
1897	Xlink:EGS[226]	Intact EGS cross-linker	K	anywhere	226.047738	226.1828	C10H10O6	1	Chemical derivative	
1897	Xlink:EGS[226]	Intact EGS cross-linker	N-term	protein-n-term	226.047738	226.1828	C10H10O6	1	Chemical derivative	
127	Fluoro	fluorination	Y	anywhere	17.990578	17.9905	F1H-1	1	Non-standard residue	
127	Fluoro	fluorination	W	anywhere	17.990578	17.9905	F1H-1	1	Non-standard residue	
127	Fluoro	fluorination	F	anywhere	17.990578	17.9905	F1H-1	1	Non-standard residue	
127	Fluoro	fluorination	A	anywhere	17.990578	17.9905	F1H-1	1	Chemical derivative	
128	Fluorescein	5-Iodoacetamidofluorescein (Molecular Probe, Eugene, OR)	C	anywhere	387.074287	387.3417	C22H13N1O6	1	Chemical derivative	
129	Iodo	Iodination	H	anywhere	125.896648	125.8965	H-1I1	1	Chemical derivative	
129	Iodo	Iodination	Y	anywhere	125.896648	125.8965	H-1I1	1	Chemical derivative	
130	Diiodo	di-Iodination	Y	anywhere	251.793296	251.7931	H-2I2	1	Chemical derivative	
130	Diiodo	di-Iodination	H	anywhere	251.793296	251.7931	H-2I2	1	Chemical derivative	
131	Triiodo	tri-Iodination	Y	anywhere	377.689944	377.6896	H-3I3	1	Chemical derivative	
134	Myristoleyl	(cis-delta 5)-tetradecaenoyl	G	protein-n-term	208.182715	208.3398	C14H24O1	1	Co-translational	
360	Pro->Pyrrolidinone	Proline oxidation to pyrrolidinone	P	anywhere	-30.010565	-30.026	C-1H-2O-1	1	Chemical derivative	
135	Myristoyl+Delta:H(-4)	(cis,cis-delta 5, delta 8)-tetradecadienoyl	G	protein-n-term	206.167065	206.3239	C14H22O1	1	Co-translational	
136	Benzoyl	labeling reagent light form (N-term & K)	N-term	n-term	104.026215	104.1061	C7H4O1	1	Isotopic label	
136	Benzoyl	labeling reagent light form (N-term & K)	K	anywhere	104.026215	104.1061	C7H4O1	1	Isotopic label	
137	Hex(5)HexNAc(2)	M5/Man5	N	anywhere	1216.422863	1217.088	C46H76N2O35	1	N-linked glycosylation	C46H76N2O35@1216.422863@1217.088
139	Dansyl	5-dimethylaminonaphthalene-1-sulfonyl	N-term	n-term	233.051049	233.2862	C12H11N1O2S1	1	Chemical derivative	
139	Dansyl	5-dimethylaminonaphthalene-1-sulfonyl	K	anywhere	233.051049	233.2862	C12H11N1O2S1	1	Chemical derivative	
140	a-type-ion	ISD a-series (C-Term)	C-term	c-term	-46.005479	-46.0254	C-1H-2O-2	1	Other	
141	Amidine	amidination of lysines or N-terminal amines with methyl acetimidate	N-term	n-term	41.026549	41.0519	C2H3N1	1	Chemical derivative	
141	Amidine	amidination of lysines or N-terminal amines with methyl acetimidate	K	anywhere	41.026549	41.0519	C2H3N1	1	Chemical derivative	
142	HexNAc(1)dHex(1)	HexNAc1dHex1	T	anywhere	349.137281	349.3337	C14H23N1O9	1	O-linked glycosylation	C14H23N1O9@349.137281@349.3337
142	HexNAc(1)dHex(1)	HexNAc1dHex1	S	anywhere	349.137281	349.3337	C14H23N1O9	1	O-linked glycosylation	C14H23N1O9@349.137281@349.3337
142	HexNAc(1)dHex(1)	HexNAc1dHex1	N	anywhere	349.137281	349.3337	C14H23N1O9	1	N-linked glycosylation	C14H23N1O9@349.137281@349.3337
143	HexNAc(2)	HexNAc2	T	anywhere	406.158745	406.385	C16H26N2O10	1	O-linked glycosylation	C16H26N2O10@406.158745@406.385
143	HexNAc(2)	HexNAc2	S	anywhere	406.158745	406.385	C16H26N2O10	1	O-linked glycosylation	C16H26N2O10@406.158745@406.385
143	HexNAc(2)	HexNAc2	N	anywhere	406.158745	406.385	C16H26N2O10	1	N-linked glycosylation	C16H26N2O10@406.158745@406.385
144	Hex(3)	Hex3	T	anywhere	486.158471	486.4218	C18H30O15	1	O-linked glycosylation	C18H30O15@486.158471@486.4218
144	Hex(3)	Hex3	S	anywhere	486.158471	486.4218	C18H30O15	1	O-linked glycosylation	C18H30O15@486.158471@486.4218
144	Hex(3)	Hex3	N	anywhere	486.158471	486.4218	C18H30O15	1	N-linked glycosylation	C18H30O15@486.158471@486.4218
145	HexNAc(1)dHex(2)	HexNAc1dHex2	N	anywhere	495.19519	495.4749	C20H33N1O13	1	N-linked glycosylation	C20H33N1O13@495.19519@495.4749
146	Hex(1)HexNAc(1)dHex(1)	Hex1HexNAc1dHex1	T	anywhere	511.190105	511.4743	C20H33N1O14	1	O-linked glycosylation	C20H33N1O14@511.190105@511.4743
146	Hex(1)HexNAc(1)dHex(1)	Hex1HexNAc1dHex1	S	anywhere	511.190105	511.4743	C20H33N1O14	1	O-linked glycosylation	C20H33N1O14@511.190105@511.4743
146	Hex(1)HexNAc(1)dHex(1)	Hex1HexNAc1dHex1	N	anywhere	511.190105	511.4743	C20H33N1O14	1	N-linked glycosylation	C20H33N1O14@511.190105@511.4743
147	HexNAc(2)dHex(1)	HexNAc2dHex1	N	anywhere	552.216654	552.5262	C22H36N2O14	1	N-linked glycosylation	C22H36N2O14@552.216654@552.5262
148	Hex(1)HexNAc(2)	Hex1HexNAc2	T	anywhere	568.211569	568.5256	C22H36N2O15	1	O-linked glycosylation	C22H36N2O15@568.211569@568.5256
148	Hex(1)HexNAc(2)	Hex1HexNAc2	S	anywhere	568.211569	568.5256	C22H36N2O15	1	O-linked glycosylation	C22H36N2O15@568.211569@568.5256
148	Hex(1)HexNAc(2)	Hex1HexNAc2	N	anywhere	568.211569	568.5256	C22H36N2O15	1	N-linked glycosylation	C22H36N2O15@568.211569@568.5256
149	Hex(1)HexNAc(1)NeuAc(1)	Hex1HexNAc1NeuAc1	T	anywhere	656.227613	656.5877	C25H40N2O18	1	O-linked glycosylation	C25H40N2O18@656.227613@656.5877
149	Hex(1)HexNAc(1)NeuAc(1)	Hex1HexNAc1NeuAc1	S	anywhere	656.227613	656.5877	C25H40N2O18	1	O-linked glycosylation	C25H40N2O18@656.227613@656.5877
149	Hex(1)HexNAc(1)NeuAc(1)	Hex1HexNAc1NeuAc1	N	anywhere	656.227613	656.5877	C25H40N2O18	1	N-linked glycosylation	C25H40N2O18@656.227613@656.5877
150	HexNAc(2)dHex(2)	HexNAc2dHex2	N	anywhere	698.274563	698.6674	C28H46N2O18	1	N-linked glycosylation	C28H46N2O18@698.274563@698.6674
151	Hex(1)HexNAc(2)Pent(1)	Hex1HexNAc2Pent1	N	anywhere	700.253828	700.6403	C27H44N2O19	1	N-linked glycosylation	C27H44N2O19@700.253828@700.6403
152	Hex(1)HexNAc(2)dHex(1)	Hex1HexNAc2dHex1	T	anywhere	714.269478	714.6668	C28H46N2O19	1	O-linked glycosylation	C28H46N2O19@714.269478@714.6668
152	Hex(1)HexNAc(2)dHex(1)	Hex1HexNAc2dHex1	S	anywhere	714.269478	714.6668	C28H46N2O19	1	O-linked glycosylation	C28H46N2O19@714.269478@714.6668
152	Hex(1)HexNAc(2)dHex(1)	Hex1HexNAc2dHex1	N	anywhere	714.269478	714.6668	C28H46N2O19	1	N-linked glycosylation	C28H46N2O19@714.269478@714.6668
153	Hex(2)HexNAc(2)	Hex2HexNAc2	T	anywhere	730.264392	730.6662	C28H46N2O20	1	O-linked glycosylation	C28H46N2O20@730.264392@730.6662
153	Hex(2)HexNAc(2)	Hex2HexNAc2	S	anywhere	730.264392	730.6662	C28H46N2O20	1	O-linked glycosylation	C28H46N2O20@730.264392@730.6662
153	Hex(2)HexNAc(2)	Hex2HexNAc2	N	anywhere	730.264392	730.6662	C28H46N2O20	1	N-linked glycosylation	C28H46N2O20@730.264392@730.6662
154	Hex(3)HexNAc(1)Pent(1)	Hex3HexNAc1Pent1	N	anywhere	821.280102	821.7289	C31H51N1O24	1	N-linked glycosylation	C31H51N1O24@821.280102@821.7289
155	Hex(1)HexNAc(2)dHex(1)Pent(1)	Hex1HexNAc2dHex1Pent1	N	anywhere	846.311736	846.7815	C33H54N2O23	1	N-linked glycosylation	C33H54N2O23@846.311736@846.7815
156	Hex(1)HexNAc(2)dHex(2)	Hex1HexNAc2dHex2	T	anywhere	860.327386	860.808	C34H56N2O23	1	O-linked glycosylation	C34H56N2O23@860.327386@860.808
156	Hex(1)HexNAc(2)dHex(2)	Hex1HexNAc2dHex2	S	anywhere	860.327386	860.808	C34H56N2O23	1	O-linked glycosylation	C34H56N2O23@860.327386@860.808
156	Hex(1)HexNAc(2)dHex(2)	Hex1HexNAc2dHex2	N	anywhere	860.327386	860.808	C34H56N2O23	1	N-linked glycosylation	C34H56N2O23@860.327386@860.808
157	Hex(2)HexNAc(2)Pent(1)	Hex2HexNAc2Pent1	N	anywhere	862.306651	862.7809	C33H54N2O24	1	N-linked glycosylation	C33H54N2O24@862.306651@862.7809
158	Hex(2)HexNAc(2)dHex(1)	Hex2HexNAc2dHex1	T	anywhere	876.322301	876.8074	C34H56N2O24	1	O-linked glycosylation	C34H56N2O24@876.322301@876.8074
158	Hex(2)HexNAc(2)dHex(1)	Hex2HexNAc2dHex1	S	anywhere	876.322301	876.8074	C34H56N2O24	1	O-linked glycosylation	C34H56N2O24@876.322301@876.8074
158	Hex(2)HexNAc(2)dHex(1)	Hex2HexNAc2dHex1	N	anywhere	876.322301	876.8074	C34H56N2O24	1	N-linked glycosylation	C34H56N2O24@876.322301@876.8074
159	Hex(3)HexNAc(2)	M3/Man3	T	anywhere	892.317216	892.8068	C34H56N2O25	1	O-linked glycosylation	C34H56N2O25@892.317216@892.8068
159	Hex(3)HexNAc(2)	M3/Man3	S	anywhere	892.317216	892.8068	C34H56N2O25	1	O-linked glycosylation	C34H56N2O25@892.317216@892.8068
159	Hex(3)HexNAc(2)	M3/Man3	N	anywhere	892.317216	892.8068	C34H56N2O25	1	N-linked glycosylation	C34H56N2O25@892.317216@892.8068
160	Hex(1)HexNAc(1)NeuAc(2)	Hex HexNAc NeuAc(2) ---OR--- Hex HexNAc(3) HexA	T	anywhere	947.323029	947.8423	C36H57N3O26	1	O-linked glycosylation	C36H57N3O26@947.323029@947.8423
160	Hex(1)HexNAc(1)NeuAc(2)	Hex HexNAc NeuAc(2) ---OR--- Hex HexNAc(3) HexA	S	anywhere	947.323029	947.8423	C36H57N3O26	1	O-linked glycosylation	C36H57N3O26@947.323029@947.8423
160	Hex(1)HexNAc(1)NeuAc(2)	Hex HexNAc NeuAc(2) ---OR--- Hex HexNAc(3) HexA	N	anywhere	947.323029	947.8423	C36H57N3O26	1	N-linked glycosylation	C36H57N3O26@947.323029@947.8423
161	Hex(3)HexNAc(2)Phos(1)	Hex(3) HexNAc(2) Phos	N	anywhere	972.283547	972.7867	C34H57N2O28P1	1	N-linked glycosylation	C34H57N2O28P1@972.283547@972.7867
162	Delta:S(-1)Se(1)	Selenium replaces sulfur	M	anywhere	47.944449	46.895	S-1Se1	1	Non-standard residue	
162	Delta:S(-1)Se(1)	Selenium replaces sulfur	C	anywhere	47.944449	46.895	S-1Se1	1	Non-standard residue	
171	NBS:13C(6)	Shimadzu NBS-13C	W	anywhere	159.008578	159.1144	(13)C6H3N1O2S1	1	Chemical derivative	
329	Methyl:2H(3)13C(1)	monomethylation	K	anywhere	18.037835	18.0377	(13)C1(2)H3H-1	1	Isotopic label	
329	Methyl:2H(3)13C(1)	monomethylation	R	anywhere	18.037835	18.0377	(13)C1(2)H3H-1	1	Isotopic label	
329	Methyl:2H(3)13C(1)	monomethylation	N-term	n-term	18.037835	18.0377	(13)C1(2)H3H-1	1	Isotopic label	
330	Dimethyl:2H(6)13C(2)	dimethylation	N-term	protein-n-term	36.07567	36.0754	(13)C2(2)H6H-2	1	Isotopic label	
330	Dimethyl:2H(6)13C(2)	dimethylation	N-term	n-term	36.07567	36.0754	(13)C2(2)H6H-2	1	Isotopic label	
330	Dimethyl:2H(6)13C(2)	dimethylation	R	anywhere	36.07567	36.0754	(13)C2(2)H6H-2	1	Isotopic label	
330	Dimethyl:2H(6)13C(2)	dimethylation	K	anywhere	36.07567	36.0754	(13)C2(2)H6H-2	1	Isotopic label	
172	NBS	Shimadzu NBS-12C	W	anywhere	152.988449	153.1585	C6H3N1O2S1	1	Chemical derivative	
170	Delta:H(-1)N(-1)18O(1)	glycosylated asparagine 18O labeling	N	anywhere	2.988261	2.9845	(18)O1H-1N-1	1	Isotopic label	
195	QAT	APTA-d0	C	anywhere	171.149738	171.26	C9H19N2O1	1	Chemical derivative	
176	BHT	Michael addition of BHT quinone methide to Cysteine and Lysine	H	anywhere	218.167065	218.3346	C15H22O1	1	Other	
176	BHT	Michael addition of BHT quinone methide to Cysteine and Lysine	K	anywhere	218.167065	218.3346	C15H22O1	1	Other	
176	BHT	Michael addition of BHT quinone methide to Cysteine and Lysine	C	anywhere	218.167065	218.3346	C15H22O1	1	Other	
327	Delta:H(4)C(2)O(-1)S(1)	S-Ethylcystine from Serine	S	anywhere	44.008456	44.1188	C2H4O-1S1	1	Chemical derivative	
178	DAET	phosphorylation to amine thiol	T	anywhere	87.050655	87.1866	C4H9N1O-1S1	1	Chemical derivative	
178	DAET	phosphorylation to amine thiol	S	anywhere	87.050655	87.1866	C4H9N1O-1S1	1	Chemical derivative	
369	Pro->Pyrrolidone	Pyrrolidone from Proline	P	anywhere	-27.994915	-28.0101	C-1O-1	1	Chemical derivative	
184	Label:13C(9)	13C(9) Silac label	Y	anywhere	9.030193	8.9339	(13)C9C-9	1	Isotopic label	
184	Label:13C(9)	13C(9) Silac label	F	anywhere	9.030193	8.9339	(13)C9C-9	1	Isotopic label	
185	Label:13C(9)+Phospho	C13 label (Phosphotyrosine)	Y	anywhere	88.996524	88.9138	(13)C9C-9H1O3P1	1	Isotopic label	
188	Label:13C(6)	13C(6) Silac label	I	anywhere	6.020129	5.9559	(13)C6C-6	1	Isotopic label	
188	Label:13C(6)	13C(6) Silac label	L	anywhere	6.020129	5.9559	(13)C6C-6	1	Isotopic label	
188	Label:13C(6)	13C(6) Silac label	K	anywhere	6.020129	5.9559	(13)C6C-6	1	Isotopic label	
188	Label:13C(6)	13C(6) Silac label	R	anywhere	6.020129	5.9559	(13)C6C-6	1	Isotopic label	
186	HPG	Hydroxyphenylglyoxal arginine	R	anywhere	132.021129	132.1162	C8H4O2	1	Chemical derivative	
187	2HPG	bis(hydroxphenylglyoxal) arginine	R	anywhere	282.052824	282.2476	C16H10O5	1	Chemical derivative	
196	QAT:2H(3)	APTA d3	C	anywhere	174.168569	174.2784	(2)H3C9H16N2O1	1	Isotopic label	
193	Label:18O(2)	O18 label at both C-terminal oxygens	C-term	c-term	4.008491	3.9995	(18)O2O-2	0	Isotopic label	
194	AccQTag	6-aminoquinolyl-N-hydroxysuccinimidyl carbamate	N-term	n-term	170.048013	170.1674	C10H6N2O1	1	Chemical derivative	
194	AccQTag	6-aminoquinolyl-N-hydroxysuccinimidyl carbamate	K	anywhere	170.048013	170.1674	C10H6N2O1	1	Chemical derivative	
199	Dimethyl:2H(4)	DiMethyl-CHD2	N-term	protein-n-term	32.056407	32.0778	(2)H4C2	1	Isotopic label	
199	Dimethyl:2H(4)	DiMethyl-CHD2	N-term	n-term	32.056407	32.0778	(2)H4C2	1	Isotopic label	
199	Dimethyl:2H(4)	DiMethyl-CHD2	K	anywhere	32.056407	32.0778	(2)H4C2	1	Isotopic label	
199	Dimethyl:2H(4)	DiMethyl-CHD2	R	anywhere	32.056407	32.0778	(2)H4C2	1	Isotopic label	
197	EQAT	EAPTA d0	C	anywhere	184.157563	184.2786	C10H20N2O1	1	Chemical derivative	
198	EQAT:2H(5)	EAPTA d5	C	anywhere	189.188947	189.3094	(2)H5C10H15N2O1	1	Isotopic label	
200	Ethanedithiol	EDT	T	anywhere	75.980527	76.1838	C2H4O-1S2	1	Chemical derivative	
200	Ethanedithiol	EDT	S	anywhere	75.980527	76.1838	C2H4O-1S2	1	Chemical derivative	
212	NEIAA:2H(5)	N-ethyl iodoacetamide-d5	Y	anywhere	90.084148	90.1353	(2)H5C4H2N1O1	1	Isotopic label	
212	NEIAA:2H(5)	N-ethyl iodoacetamide-d5	C	anywhere	90.084148	90.1353	(2)H5C4H2N1O1	1	Isotopic label	
205	Delta:H(6)C(6)O(1)	Acrolein addition +94	K	anywhere	94.041865	94.1112	C6H6O1	1	Other	
206	Delta:H(4)C(3)O(1)	Acrolein addition +56	K	anywhere	56.026215	56.0633	C3H4O1	1	Other	
206	Delta:H(4)C(3)O(1)	Acrolein addition +56	H	anywhere	56.026215	56.0633	C3H4O1	1	Other	
206	Delta:H(4)C(3)O(1)	Acrolein addition +56	C	anywhere	56.026215	56.0633	C3H4O1	1	Other	
206	Delta:H(4)C(3)O(1)	Acrolein addition +56	R	anywhere	56.026215	56.0633	C3H4O1	1	Artefact	
207	Delta:H(2)C(3)	Acrolein addition +38	K	anywhere	38.01565	38.048	C3H2	1	Other	
208	Delta:H(4)C(6)	Acrolein addition +76	K	anywhere	76.0313	76.096	C6H4	1	Other	
209	Delta:H(8)C(6)O(2)	Acrolein addition +112	K	anywhere	112.05243	112.1265	C6H8O2	1	Other	
213	ADP-Ribosyl	ADP  Ribose addition	D	anywhere	541.06111	541.3005	C15H21N5O13P2	1	Other glycosylation	
213	ADP-Ribosyl	ADP  Ribose addition	K	anywhere	541.06111	541.3005	C15H21N5O13P2	1	Other glycosylation	
213	ADP-Ribosyl	ADP  Ribose addition	E	anywhere	541.06111	541.3005	C15H21N5O13P2	1	Other glycosylation	
213	ADP-Ribosyl	ADP  Ribose addition	T	anywhere	541.06111	541.3005	C15H21N5O13P2	1	O-linked glycosylation	C15H21N5O13P2@541.06111@541.3005
213	ADP-Ribosyl	ADP  Ribose addition	S	anywhere	541.06111	541.3005	C15H21N5O13P2	1	O-linked glycosylation	C15H21N5O13P2@541.06111@541.3005
213	ADP-Ribosyl	ADP  Ribose addition	N	anywhere	541.06111	541.3005	C15H21N5O13P2	1	N-linked glycosylation	C15H21N5O13P2@541.06111@541.3005
213	ADP-Ribosyl	ADP  Ribose addition	C	anywhere	541.06111	541.3005	C15H21N5O13P2	1	Other glycosylation	
213	ADP-Ribosyl	ADP  Ribose addition	R	anywhere	541.06111	541.3005	C15H21N5O13P2	1	Other glycosylation	
211	NEIAA	N-ethyl iodoacetamide-d0	Y	anywhere	85.052764	85.1045	C4H7N1O1	1	Isotopic label	
211	NEIAA	N-ethyl iodoacetamide-d0	C	anywhere	85.052764	85.1045	C4H7N1O1	1	Isotopic label	
214	iTRAQ4plex	Representative mass and accurate mass for 116 & 117	N-term	protein-n-term	144.102063	144.1544	(13)C3(15)N1C4H12N1O1	1	Isotopic label	
214	iTRAQ4plex	Representative mass and accurate mass for 116 & 117	T	anywhere	144.102063	144.1544	(13)C3(15)N1C4H12N1O1	1	Isotopic label	
214	iTRAQ4plex	Representative mass and accurate mass for 116 & 117	S	anywhere	144.102063	144.1544	(13)C3(15)N1C4H12N1O1	1	Isotopic label	
214	iTRAQ4plex	Representative mass and accurate mass for 116 & 117	H	anywhere	144.102063	144.1544	(13)C3(15)N1C4H12N1O1	1	Isotopic label	
214	iTRAQ4plex	Representative mass and accurate mass for 116 & 117	Y	anywhere	144.102063	144.1544	(13)C3(15)N1C4H12N1O1	0	Isotopic label	
214	iTRAQ4plex	Representative mass and accurate mass for 116 & 117	N-term	n-term	144.102063	144.1544	(13)C3(15)N1C4H12N1O1	0	Isotopic label	
214	iTRAQ4plex	Representative mass and accurate mass for 116 & 117	K	anywhere	144.102063	144.1544	(13)C3(15)N1C4H12N1O1	0	Isotopic label	
214	iTRAQ4plex	Representative mass and accurate mass for 116 & 117	C	anywhere	144.102063	144.1544	(13)C3(15)N1C4H12N1O1	1	Isotopic label	
253	Crotonaldehyde	Crotonaldehyde	K	anywhere	70.041865	70.0898	C4H6O1	1	Other	
253	Crotonaldehyde	Crotonaldehyde	H	anywhere	70.041865	70.0898	C4H6O1	1	Other	
253	Crotonaldehyde	Crotonaldehyde	C	anywhere	70.041865	70.0898	C4H6O1	1	Other	
340	Bromo	bromination	F	anywhere	77.910511	78.8961	Br1H-1	1	Post-translational	
340	Bromo	bromination	H	anywhere	77.910511	78.8961	Br1H-1	1	Post-translational	
340	Bromo	bromination	W	anywhere	77.910511	78.8961	Br1H-1	1	Post-translational	
340	Bromo	bromination	Y	anywhere	77.910511	78.8961	Br1H-1	1	Artefact	
342	Amino	Tyrosine oxidation to 2-aminotyrosine	Y	anywhere	15.010899	15.0146	H1N1	1	Chemical derivative	
343	Argbiotinhydrazide	oxidized Arginine biotinylated with biotin hydrazide	R	anywhere	199.066699	199.27	C9H13N1O2S1	1	Chemical derivative	
258	Label:18O(1)	O18 Labeling	Y	anywhere	2.004246	1.9998	(18)O1O-1	1	Isotopic label	
258	Label:18O(1)	O18 Labeling	T	anywhere	2.004246	1.9998	(18)O1O-1	1	Isotopic label	
258	Label:18O(1)	O18 Labeling	S	anywhere	2.004246	1.9998	(18)O1O-1	1	Isotopic label	
258	Label:18O(1)	O18 Labeling	C-term	c-term	2.004246	1.9998	(18)O1O-1	0	Isotopic label	
259	Label:13C(6)15N(2)	13C(6) 15N(2) Silac label	K	anywhere	8.014199	7.9427	(13)C6(15)N2C-6N-2	1	Isotopic label	
260	Thiophospho	Thiophosphorylation	Y	anywhere	95.943487	96.0455	H1O2P1S1	1	Other	
260	Thiophospho	Thiophosphorylation	T	anywhere	95.943487	96.0455	H1O2P1S1	1	Other	
260	Thiophospho	Thiophosphorylation	S	anywhere	95.943487	96.0455	H1O2P1S1	1	Other	
261	SPITC	4-sulfophenyl isothiocyanate	K	anywhere	214.971084	215.2495	C7H5N1O3S2	1	Chemical derivative	
261	SPITC	4-sulfophenyl isothiocyanate	N-term	n-term	214.971084	215.2495	C7H5N1O3S2	1	Chemical derivative	
243	IGBP	Light IDBEST tag for quantitation	C	anywhere	296.016039	297.1478	Br1C12H13N2O2	1	Isotopic label	
270	Cytopiloyne	nucleophilic addtion to cytopiloyne	Y	anywhere	362.136553	362.3738	C19H22O7	1	Chemical derivative	
270	Cytopiloyne	nucleophilic addtion to cytopiloyne	S	anywhere	362.136553	362.3738	C19H22O7	1	Chemical derivative	
270	Cytopiloyne	nucleophilic addtion to cytopiloyne	R	anywhere	362.136553	362.3738	C19H22O7	1	Chemical derivative	
270	Cytopiloyne	nucleophilic addtion to cytopiloyne	P	anywhere	362.136553	362.3738	C19H22O7	1	Chemical derivative	
270	Cytopiloyne	nucleophilic addtion to cytopiloyne	N-term	n-term	362.136553	362.3738	C19H22O7	1	Chemical derivative	
270	Cytopiloyne	nucleophilic addtion to cytopiloyne	K	anywhere	362.136553	362.3738	C19H22O7	1	Chemical derivative	
270	Cytopiloyne	nucleophilic addtion to cytopiloyne	C	anywhere	362.136553	362.3738	C19H22O7	1	Chemical derivative	
271	Cytopiloyne+water	nucleophilic addition to cytopiloyne+H2O	Y	anywhere	380.147118	380.3891	C19H24O8	1	Chemical derivative	
271	Cytopiloyne+water	nucleophilic addition to cytopiloyne+H2O	T	anywhere	380.147118	380.3891	C19H24O8	1	Chemical derivative	
271	Cytopiloyne+water	nucleophilic addition to cytopiloyne+H2O	S	anywhere	380.147118	380.3891	C19H24O8	1	Chemical derivative	
271	Cytopiloyne+water	nucleophilic addition to cytopiloyne+H2O	R	anywhere	380.147118	380.3891	C19H24O8	1	Chemical derivative	
271	Cytopiloyne+water	nucleophilic addition to cytopiloyne+H2O	N-term	n-term	380.147118	380.3891	C19H24O8	1	Chemical derivative	
271	Cytopiloyne+water	nucleophilic addition to cytopiloyne+H2O	K	anywhere	380.147118	380.3891	C19H24O8	1	Chemical derivative	
271	Cytopiloyne+water	nucleophilic addition to cytopiloyne+H2O	C	anywhere	380.147118	380.3891	C19H24O8	1	Chemical derivative	
267	Label:13C(6)15N(4)	13C(6) 15N(4) Silac label	R	anywhere	10.008269	9.9296	(13)C6(15)N4C-6N-4	1	Isotopic label	
269	Label:13C(9)15N(1)	13C(9) 15N(1) Silac label	F	anywhere	10.027228	9.9273	(13)C9(15)N1C-9N-1	1	Isotopic label	
262	Label:2H(3)	Trideuteration	L	anywhere	3.01883	3.0185	(2)H3H-3	1	Isotopic label	
262	Label:2H(3)	Trideuteration	M	anywhere	3.01883	3.0185	(2)H3H-3	1	Isotopic label	
268	Label:13C(5)15N(1)	13C(5) 15N(1) Silac label	M	anywhere	6.013809	5.9567	(13)C5(15)N1C-5N-1	1	Isotopic label	
268	Label:13C(5)15N(1)	13C(5) 15N(1) Silac label	P	anywhere	6.013809	5.9567	(13)C5(15)N1C-5N-1	1	Isotopic label	
268	Label:13C(5)15N(1)	13C(5) 15N(1) Silac label	V	anywhere	6.013809	5.9567	(13)C5(15)N1C-5N-1	1	Isotopic label	
268	Label:13C(5)15N(1)	13C(5) 15N(1) Silac label	E	anywhere	6.013809	5.9567	(13)C5(15)N1C-5N-1	1	Isotopic label	
264	PET	phosphorylation to pyridyl thiol	T	anywhere	121.035005	121.2028	C7H7N1O-1S1	1	Chemical derivative	
264	PET	phosphorylation to pyridyl thiol	S	anywhere	121.035005	121.2028	C7H7N1O-1S1	1	Chemical derivative	
272	CAF	sulfonation of N-terminus	N-term	n-term	135.983029	136.1265	C3H4O4S1	1	Chemical derivative	
1905	Xlink:BS2G[96]	Intact BS2-G crosslinker	N-term	protein-n-term	96.021129	96.0841	C5H4O2	1	Chemical derivative	
1905	Xlink:BS2G[96]	Intact BS2-G crosslinker	K	anywhere	96.021129	96.0841	C5H4O2	1	Chemical derivative	
275	Nitrosyl	nitrosylation	C	anywhere	28.990164	28.9982	H-1N1O1	1	Post-translational	
275	Nitrosyl	nitrosylation	Y	anywhere	28.990164	28.9982	H-1N1O1	1	Chemical derivative	
2022	Ser/Thr-KDO	Glycosylation of Serine/Threonine residues with KDO	T	anywhere	220.058303	220.1767	C8H12O7	1	O-linked glycosylation	C8H12O7@220.058303@220.1767
2022	Ser/Thr-KDO	Glycosylation of Serine/Threonine residues with KDO	S	anywhere	220.058303	220.1767	C8H12O7	1	O-linked glycosylation	C8H12O7@220.058303@220.1767
276	AEBS	Aminoethylbenzenesulfonylation	Y	anywhere	183.035399	183.2276	C8H9N1O2S1	1	Artefact	
276	AEBS	Aminoethylbenzenesulfonylation	S	anywhere	183.035399	183.2276	C8H9N1O2S1	1	Artefact	
276	AEBS	Aminoethylbenzenesulfonylation	N-term	protein-n-term	183.035399	183.2276	C8H9N1O2S1	1	Artefact	
276	AEBS	Aminoethylbenzenesulfonylation	K	anywhere	183.035399	183.2276	C8H9N1O2S1	1	Artefact	
276	AEBS	Aminoethylbenzenesulfonylation	H	anywhere	183.035399	183.2276	C8H9N1O2S1	1	Artefact	
278	Ethanolyl	Ethanolation	K	anywhere	44.026215	44.0526	C2H4O1	1	Chemical derivative	
278	Ethanolyl	Ethanolation	C	anywhere	44.026215	44.0526	C2H4O1	1	Chemical derivative	
278	Ethanolyl	Ethanolation	R	anywhere	44.026215	44.0526	C2H4O1	1	Chemical derivative	
987	Label:13C(6)15N(2)+Dimethyl	Dimethyl 13C(6)15N(2) Silac label	K	anywhere	36.045499	35.9959	(13)C6(15)N2C-4H4N-2	1	Isotopic label	
371	HMVK	Michael addition of hydroxymethylvinyl ketone to cysteine	C	anywhere	86.036779	86.0892	C4H6O2	1	Chemical derivative	
280	Ethyl	Ethylation	C-term	c-term	28.0313	28.0532	C2H4	1	Chemical derivative	
280	Ethyl	Ethylation	N-term	protein-n-term	28.0313	28.0532	C2H4	1	Chemical derivative	
280	Ethyl	Ethylation	E	anywhere	28.0313	28.0532	C2H4	1	Artefact	
280	Ethyl	Ethylation	N-term	n-term	28.0313	28.0532	C2H4	1	Multiple	
280	Ethyl	Ethylation	K	anywhere	28.0313	28.0532	C2H4	1	Multiple	
280	Ethyl	Ethylation	D	anywhere	28.0313	28.0532	C2H4	1	Chemical derivative	
281	CoenzymeA	Cysteine modified Coenzyme A	C	anywhere	765.09956	765.5182	C21H34N7O16P3S1	1	Post-translational	
528	Methyl+Deamidated	Deamidation followed by a methylation	Q	anywhere	14.999666	15.0113	C1H1N-1O1	1	Post-translational	
528	Methyl+Deamidated	Deamidation followed by a methylation	N	anywhere	14.999666	15.0113	C1H1N-1O1	1	Chemical derivative	
529	Delta:H(5)C(2)	Dimethylation of proline residue	P	anywhere	29.039125	29.0611	C2H5	1	Post-translational	
284	Methyl:2H(2)	Deuterium Methylation of Lysine	K	anywhere	16.028204	16.0389	(2)H2C1	1	Isotopic label	
284	Methyl:2H(2)	Deuterium Methylation of Lysine	N-term	n-term	16.028204	16.0389	(2)H2C1	1	Isotopic label	
285	SulfanilicAcid	Light Sulfanilic Acid (SA) C12	E	anywhere	155.004099	155.1744	C6H5N1O2S1	1	Isotopic label	
285	SulfanilicAcid	Light Sulfanilic Acid (SA) C12	D	anywhere	155.004099	155.1744	C6H5N1O2S1	1	Isotopic label	
285	SulfanilicAcid	Light Sulfanilic Acid (SA) C12	C-term	c-term	155.004099	155.1744	C6H5N1O2S1	1	Isotopic label	
286	SulfanilicAcid:13C(6)	Heavy Sulfanilic Acid (SA) C13	E	anywhere	161.024228	161.1303	(13)C6H5N1O2S1	1	Chemical derivative	
286	SulfanilicAcid:13C(6)	Heavy Sulfanilic Acid (SA) C13	D	anywhere	161.024228	161.1303	(13)C6H5N1O2S1	1	Chemical derivative	
286	SulfanilicAcid:13C(6)	Heavy Sulfanilic Acid (SA) C13	C-term	c-term	161.024228	161.1303	(13)C6H5N1O2S1	1	Chemical derivative	
289	Biotin-PEO-Amine	Biotin polyethyleneoxide amine	D	anywhere	356.188212	356.4835	C16H28N4O3S1	1	Chemical derivative	
289	Biotin-PEO-Amine	Biotin polyethyleneoxide amine	C-term	protein-c-term	356.188212	356.4835	C16H28N4O3S1	1	Chemical derivative	
289	Biotin-PEO-Amine	Biotin polyethyleneoxide amine	E	anywhere	356.188212	356.4835	C16H28N4O3S1	1	Chemical derivative	
288	Trp->Oxolactone	Tryptophan oxidation to oxolactone	W	anywhere	13.979265	13.9835	H-2O1	1	Chemical derivative	
290	Biotin-HPDP	Pierce EZ-Link Biotin-HPDP	C	anywhere	428.191582	428.6124	C19H32N4O3S2	1	Chemical derivative	
291	Delta:Hg(1)	Mercury Mercaptan	C	anywhere	201.970617	200.59	Hg1	1	Chemical derivative	
292	IodoU-AMP	(Iodo)-uracil MP	Y	anywhere	322.020217	322.1654	C9H11N2O9P1	1	Chemical derivative	
292	IodoU-AMP	(Iodo)-uracil MP	W	anywhere	322.020217	322.1654	C9H11N2O9P1	1	Chemical derivative	
292	IodoU-AMP	(Iodo)-uracil MP	F	anywhere	322.020217	322.1654	C9H11N2O9P1	1	Chemical derivative	
293	CAMthiopropanoyl	3-(carbamidomethylthio)propanoyl	N-term	protein-n-term	145.019749	145.1796	C5H7N1O2S1	1	Chemical derivative	
293	CAMthiopropanoyl	3-(carbamidomethylthio)propanoyl	K	anywhere	145.019749	145.1796	C5H7N1O2S1	1	Chemical derivative	
294	IED-Biotin	biotinoyl-iodoacetyl-ethylenediamine	C	anywhere	326.141261	326.4145	C14H22N4O3S1	1	Chemical derivative	
295	dHex	Fucose	N	anywhere	146.057909	146.1412	C6H10O4	1	N-linked glycosylation	C6H10O4@146.057909@146.1412
295	dHex	Fucose	T	anywhere	146.057909	146.1412	C6H10O4	1	O-linked glycosylation	C6H10O4@146.057909@146.1412
295	dHex	Fucose	S	anywhere	146.057909	146.1412	C6H10O4	1	O-linked glycosylation	C6H10O4@146.057909@146.1412
298	Methyl:2H(3)	deuterated methyl ester	C-term	anywhere	17.03448	17.0451	(2)H3C1H-1	1	Isotopic label	
298	Methyl:2H(3)	deuterated methyl ester	D	anywhere	17.03448	17.0451	(2)H3C1H-1	1	Isotopic label	
298	Methyl:2H(3)	deuterated methyl ester	E	anywhere	17.03448	17.0451	(2)H3C1H-1	1	Isotopic label	
298	Methyl:2H(3)	deuterated methyl ester	K	anywhere	17.03448	17.0451	(2)H3C1H-1	1	Isotopic label	
298	Methyl:2H(3)	deuterated methyl ester	R	anywhere	17.03448	17.0451	(2)H3C1H-1	1	Isotopic label	
299	Carboxy	Carboxylation	E	anywhere	43.989829	44.0095	C1O2	1	Post-translational	
299	Carboxy	Carboxylation	D	anywhere	43.989829	44.0095	C1O2	1	Post-translational	
299	Carboxy	Carboxylation	K	anywhere	43.989829	44.0095	C1O2	1	Post-translational	
299	Carboxy	Carboxylation	W	anywhere	43.989829	44.0095	C1O2	1	Chemical derivative	
299	Carboxy	Carboxylation	M	protein-n-term	43.989829	44.0095	C1O2	1	Post-translational	
301	Bromobimane	Monobromobimane derivative	C	anywhere	190.074228	190.1986	C10H10N2O2	1	Chemical derivative	
302	Menadione	Menadione quinone derivative	K	anywhere	170.036779	170.1641	C11H6O2	1	Chemical derivative	
302	Menadione	Menadione quinone derivative	C	anywhere	170.036779	170.1641	C11H6O2	1	Chemical derivative	
303	DeStreak	Cysteine mercaptoethanol	C	anywhere	75.998285	76.1176	C2H4O1S1	1	Chemical derivative	
305	dHex(1)Hex(3)HexNAc(4)	FA2/G0F	T	anywhere	1444.53387	1445.3331	C56H92N4O39	1	O-linked glycosylation	C56H92N4O39@1444.53387@1445.3331
305	dHex(1)Hex(3)HexNAc(4)	FA2/G0F	S	anywhere	1444.53387	1445.3331	C56H92N4O39	1	O-linked glycosylation	C56H92N4O39@1444.53387@1445.3331
305	dHex(1)Hex(3)HexNAc(4)	FA2/G0F	N	anywhere	1444.53387	1445.3331	C56H92N4O39	1	N-linked glycosylation	C56H92N4O39@1444.53387@1445.3331
307	dHex(1)Hex(4)HexNAc(4)	FA2G1/G1F	T	anywhere	1606.586693	1607.4737	C62H102N4O44	1	O-linked glycosylation	C62H102N4O44@1606.586693@1607.4737
307	dHex(1)Hex(4)HexNAc(4)	FA2G1/G1F	S	anywhere	1606.586693	1607.4737	C62H102N4O44	1	O-linked glycosylation	C62H102N4O44@1606.586693@1607.4737
307	dHex(1)Hex(4)HexNAc(4)	FA2G1/G1F	N	anywhere	1606.586693	1607.4737	C62H102N4O44	1	N-linked glycosylation	C62H102N4O44@1606.586693@1607.4737
2035	Pro+O(2)	Photo-induced Proline adduct	H	anywhere	129.042593	129.114	C5H7N1O3	1	Post-translational	
308	dHex(1)Hex(5)HexNAc(4)	FA2G2/G2F	N	anywhere	1768.639517	1769.6143	C68H112N4O49	1	N-linked glycosylation	C68H112N4O49@1768.639517@1769.6143
309	Hex(3)HexNAc(4)	A2/G0	T	anywhere	1298.475961	1299.1919	C50H82N4O35	1	O-linked glycosylation	C50H82N4O35@1298.475961@1299.1919
309	Hex(3)HexNAc(4)	A2/G0	S	anywhere	1298.475961	1299.1919	C50H82N4O35	1	O-linked glycosylation	C50H82N4O35@1298.475961@1299.1919
309	Hex(3)HexNAc(4)	A2/G0	N	anywhere	1298.475961	1299.1919	C50H82N4O35	1	N-linked glycosylation	C50H82N4O35@1298.475961@1299.1919
310	Hex(4)HexNAc(4)	A2G1/G1	T	anywhere	1460.528784	1461.3325	C56H92N4O40	1	O-linked glycosylation	C56H92N4O40@1460.528784@1461.3325
310	Hex(4)HexNAc(4)	A2G1/G1	S	anywhere	1460.528784	1461.3325	C56H92N4O40	1	O-linked glycosylation	C56H92N4O40@1460.528784@1461.3325
310	Hex(4)HexNAc(4)	A2G1/G1	N	anywhere	1460.528784	1461.3325	C56H92N4O40	1	N-linked glycosylation	C56H92N4O40@1460.528784@1461.3325
311	Hex(5)HexNAc(4)	A2G2/G2	T	anywhere	1622.581608	1623.4731	C62H102N4O45	1	O-linked glycosylation	C62H102N4O45@1622.581608@1623.4731
311	Hex(5)HexNAc(4)	A2G2/G2	S	anywhere	1622.581608	1623.4731	C62H102N4O45	1	O-linked glycosylation	C62H102N4O45@1622.581608@1623.4731
311	Hex(5)HexNAc(4)	A2G2/G2	N	anywhere	1622.581608	1623.4731	C62H102N4O45	1	N-linked glycosylation	C62H102N4O45@1622.581608@1623.4731
312	Cysteinyl	Cysteinylation	C	anywhere	119.004099	119.1423	C3H5N1O2S1	1	Multiple	
313	Lys-loss	Loss of Lysine	K	anywhere	-128.094963	-128.1723	C-6H-12N-2O-1	1	Artefact	
313	Lys-loss	Loss of Lysine	K	protein-c-term	-128.094963	-128.1723	C-6H-12N-2O-1	1	Post-translational	
314	Nmethylmaleimide	Nmethylmaleimide	K	anywhere	111.032028	111.0987	C5H5N1O2	1	Chemical derivative	
314	Nmethylmaleimide	Nmethylmaleimide	C	anywhere	111.032028	111.0987	C5H5N1O2	1	Chemical derivative	
494	CyDye-Cy3	Cy3 CyDye DIGE Fluor saturation dye	C	anywhere	672.298156	672.8335	C37H44N4O6S1	1	Chemical derivative	
316	DimethylpyrroleAdduct	2,5-dimethypyrrole	K	anywhere	78.04695	78.1118	C6H6	1	Chemical derivative	
318	Delta:H(2)C(5)	MDA adduct +62	K	anywhere	62.01565	62.0694	C5H2	1	Chemical derivative	
319	Delta:H(2)C(3)O(1)	MDA adduct +54	K	anywhere	54.010565	54.0474	C3H2O1	1	Chemical derivative	
319	Delta:H(2)C(3)O(1)	MDA adduct +54	R	anywhere	54.010565	54.0474	C3H2O1	1	Chemical derivative	
320	Nethylmaleimide+water	Nethylmaleimidehydrolysis	K	anywhere	143.058243	143.1406	C6H9N1O3	1	Chemical derivative	
320	Nethylmaleimide+water	Nethylmaleimidehydrolysis	C	anywhere	143.058243	143.1406	C6H9N1O3	1	Chemical derivative	
768	Methyl+Acetyl:2H(3)	Mono-methylated lysine labelled with Acetyl_heavy	K	anywhere	59.045045	59.0817	(2)H3C3H1O1	1	Isotopic label	
323	Xlink:B10621	bis-((N-iodoacetyl)piperazinyl)sulfonerhodamine	C	anywhere	713.093079	713.5626	C31H30I1N4O6S1	1	Chemical derivative	
324	Xlink:DTBP[87]	Cleaved and reduced DTBP crosslinker	N-term	protein-n-term	87.01427	87.1435	C3H5N1S1	1	Chemical derivative	
324	Xlink:DTBP[87]	Cleaved and reduced DTBP crosslinker	K	anywhere	87.01427	87.1435	C3H5N1S1	1	Chemical derivative	
325	FP-Biotin	10-ethoxyphosphinyl-N-(biotinamidopentyl)decanamide	K	anywhere	572.316129	572.7405	C27H49N4O5P1S1	1	Chemical derivative	
325	FP-Biotin	10-ethoxyphosphinyl-N-(biotinamidopentyl)decanamide	T	anywhere	572.316129	572.7405	C27H49N4O5P1S1	1	Chemical derivative	
325	FP-Biotin	10-ethoxyphosphinyl-N-(biotinamidopentyl)decanamide	Y	anywhere	572.316129	572.7405	C27H49N4O5P1S1	1	Chemical derivative	
325	FP-Biotin	10-ethoxyphosphinyl-N-(biotinamidopentyl)decanamide	S	anywhere	572.316129	572.7405	C27H49N4O5P1S1	1	Chemical derivative	
332	Thiophos-S-S-biotin	thiophosphate labeled with biotin-HPDP	Y	anywhere	525.142894	525.6658	C19H34N4O5P1S3	1	Chemical derivative	C19H34N4O5P1S3@525.142894@525.6658
332	Thiophos-S-S-biotin	thiophosphate labeled with biotin-HPDP	T	anywhere	525.142894	525.6658	C19H34N4O5P1S3	1	Chemical derivative	C19H34N4O5P1S3@525.142894@525.6658
332	Thiophos-S-S-biotin	thiophosphate labeled with biotin-HPDP	S	anywhere	525.142894	525.6658	C19H34N4O5P1S3	1	Chemical derivative	C19H34N4O5P1S3@525.142894@525.6658
333	Can-FP-biotin	6-N-biotinylaminohexyl isopropyl phosphate	T	anywhere	447.195679	447.5291	C19H34N3O5P1S1	1	Chemical derivative	
333	Can-FP-biotin	6-N-biotinylaminohexyl isopropyl phosphate	Y	anywhere	447.195679	447.5291	C19H34N3O5P1S1	1	Chemical derivative	
333	Can-FP-biotin	6-N-biotinylaminohexyl isopropyl phosphate	S	anywhere	447.195679	447.5291	C19H34N3O5P1S1	1	Chemical derivative	
335	HNE+Delta:H(2)	reduced 4-Hydroxynonenal	K	anywhere	158.13068	158.238	C9H18O2	1	Chemical derivative	
335	HNE+Delta:H(2)	reduced 4-Hydroxynonenal	H	anywhere	158.13068	158.238	C9H18O2	1	Chemical derivative	
335	HNE+Delta:H(2)	reduced 4-Hydroxynonenal	C	anywhere	158.13068	158.238	C9H18O2	1	Chemical derivative	
361	Thrbiotinhydrazide	oxidized Threonine biotinylated with biotin hydrazide	T	anywhere	240.104482	240.3252	C10H16N4O1S1	1	Chemical derivative	
337	Methylamine	Michael addition with methylamine	T	anywhere	13.031634	13.0418	C1H3N1O-1	1	Artefact	
337	Methylamine	Michael addition with methylamine	S	anywhere	13.031634	13.0418	C1H3N1O-1	1	Artefact	
362	Diisopropylphosphate	O-Diisopropylphosphorylation	K	anywhere	164.060231	164.1394	C6H13O3P1	1	Chemical derivative	
362	Diisopropylphosphate	O-Diisopropylphosphorylation	Y	anywhere	164.060231	164.1394	C6H13O3P1	1	Chemical derivative	
362	Diisopropylphosphate	O-Diisopropylphosphorylation	T	anywhere	164.060231	164.1394	C6H13O3P1	1	Chemical derivative	
362	Diisopropylphosphate	O-Diisopropylphosphorylation	S	anywhere	164.060231	164.1394	C6H13O3P1	1	Chemical derivative	
362	Diisopropylphosphate	O-Diisopropylphosphorylation	N-term	n-term	164.060231	164.1394	C6H13O3P1	1	Chemical derivative	
363	Isopropylphospho	O-Isopropylphosphorylation	Y	anywhere	122.013281	122.0596	C3H7O3P1	1	Chemical derivative	
363	Isopropylphospho	O-Isopropylphosphorylation	T	anywhere	122.013281	122.0596	C3H7O3P1	1	Chemical derivative	
363	Isopropylphospho	O-Isopropylphosphorylation	S	anywhere	122.013281	122.0596	C3H7O3P1	1	Chemical derivative	
364	ICPL:13C(6)	Bruker Daltonics SERVA-ICPL(TM) quantification chemistry, heavy form	N-term	n-term	111.041593	111.05	(13)C6H3N1O1	1	Isotopic label	
364	ICPL:13C(6)	Bruker Daltonics SERVA-ICPL(TM) quantification chemistry, heavy form	N-term	protein-n-term	111.041593	111.05	(13)C6H3N1O1	0	Isotopic label	
364	ICPL:13C(6)	Bruker Daltonics SERVA-ICPL(TM) quantification chemistry, heavy form	K	anywhere	111.041593	111.05	(13)C6H3N1O1	0	Isotopic label	
893	CarbamidomethylDTT	Carbamidomethylated DTT modification of cysteine	C	anywhere	209.018035	209.2864	C6H11N1O3S2	1	Artefact	
365	ICPL	Bruker Daltonics SERVA-ICPL(TM) quantification chemistry, light form	N-term	protein-n-term	105.021464	105.0941	C6H3N1O1	0	Isotopic label	
365	ICPL	Bruker Daltonics SERVA-ICPL(TM) quantification chemistry, light form	K	anywhere	105.021464	105.0941	C6H3N1O1	0	Isotopic label	
365	ICPL	Bruker Daltonics SERVA-ICPL(TM) quantification chemistry, light form	N-term	n-term	105.021464	105.0941	C6H3N1O1	1	Isotopic label	
366	Deamidated:18O(1)	Deamidation in presence of O18	Q	anywhere	2.988261	2.9845	(18)O1H-1N-1	1	Isotopic label	
366	Deamidated:18O(1)	Deamidation in presence of O18	N	anywhere	2.988261	2.9845	(18)O1H-1N-1	1	Isotopic label	
372	Arg->Orn	Ornithine from Arginine	R	anywhere	-42.021798	-42.04	C-1H-2N-2	1	Artefact	
531	Cation:Cu[I]	Replacement of proton by copper	C-term	c-term	61.921774	62.5381	Cu1H-1	1	Artefact	
531	Cation:Cu[I]	Replacement of proton by copper	E	anywhere	61.921774	62.5381	Cu1H-1	1	Artefact	
531	Cation:Cu[I]	Replacement of proton by copper	D	anywhere	61.921774	62.5381	Cu1H-1	1	Artefact	
531	Cation:Cu[I]	Replacement of proton by copper	H	anywhere	61.921774	62.5381	Cu1H-1	1	Artefact	
374	Dehydro	Half of a disulfide bridge	C	anywhere	-1.007825	-1.0079	H-1	0	Multiple	
375	Diphthamide	Diphthamide	H	anywhere	142.110613	142.1989	C7H14N2O1	1	Post-translational	
376	Hydroxyfarnesyl	hydroxyfarnesyl	C	anywhere	220.182715	220.3505	C15H24O1	1	Post-translational	
377	Diacylglycerol	diacylglycerol	C	anywhere	576.511761	576.9334	C37H68O4	1	Post-translational	
378	Carboxyethyl	carboxyethyl	H	anywhere	72.021129	72.0627	C3H4O2	1	Chemical derivative	
378	Carboxyethyl	carboxyethyl	K	anywhere	72.021129	72.0627	C3H4O2	1	Post-translational	
379	Hypusine	hypusine	K	anywhere	87.068414	87.1204	C4H9N1O1	1	Post-translational	
380	Retinylidene	retinal	K	anywhere	266.203451	266.4204	C20H26	1	Post-translational	
381	Lys->AminoadipicAcid	alpha-amino adipic acid	K	anywhere	14.96328	14.9683	H-3N-1O2	1	Post-translational	
382	Cys->PyruvicAcid	pyruvic acid from N-term cys	C	protein-n-term	-33.003705	-33.0961	H-3N-1O1S-1	1	Post-translational	
385	Ammonia-loss	Loss of ammonia	C	n-term	-17.026549	-17.0305	H-3N-1	0	Artefact	
385	Ammonia-loss	Loss of ammonia	S	protein-n-term	-17.026549	-17.0305	H-3N-1	1	Post-translational	
385	Ammonia-loss	Loss of ammonia	T	protein-n-term	-17.026549	-17.0305	H-3N-1	1	Post-translational	
385	Ammonia-loss	Loss of ammonia	N	anywhere	-17.026549	-17.0305	H-3N-1	1	Chemical derivative	
387	Phycocyanobilin	phycocyanobilin	C	anywhere	586.279135	586.678	C33H38N4O6	1	Post-translational	
388	Phycoerythrobilin	phycoerythrobilin	C	anywhere	588.294785	588.6939	C33H40N4O6	1	Post-translational	
389	Phytochromobilin	phytochromobilin	C	anywhere	584.263485	584.6621	C33H36N4O6	1	Post-translational	
390	Heme	heme	H	anywhere	616.177295	616.4873	C34Fe1H32N4O4	1	Post-translational	
390	Heme	heme	C	anywhere	616.177295	616.4873	C34Fe1H32N4O4	1	Post-translational	
391	Molybdopterin	molybdopterin	C	anywhere	521.884073	520.2668	C10H11Mo1N5O8P1S2	1	Post-translational	
392	Quinone	quinone	W	anywhere	29.974179	29.9829	H-2O2	1	Post-translational	
392	Quinone	quinone	Y	anywhere	29.974179	29.9829	H-2O2	1	Post-translational	
393	Glucosylgalactosyl	glucosylgalactosyl hydroxylysine	K	anywhere	340.100562	340.2806	C12H20O11	1	Other glycosylation	C12H20O11@340.100562@340.2806
394	GPIanchor	glycosylphosphatidylinositol	C-term	protein-c-term	123.00853	123.0477	C2H6N1O3P1	1	Post-translational	
395	PhosphoribosyldephosphoCoA	phosphoribosyl dephospho-coenzyme A	S	anywhere	881.146904	881.6335	C26H42N7O19P3S1	1	Post-translational	
396	GlycerylPE	glycerylphosphorylethanolamine	E	anywhere	197.04531	197.1262	C5H12N1O5P1	1	Post-translational	
397	Triiodothyronine	triiodo	Y	anywhere	469.716159	469.785	C6H1I3O1	1	Post-translational	
398	Thyroxine	tetraiodo	Y	anywhere	595.612807	595.6815	C6I4O1	1	Post-translational	
400	Tyr->Dha	Dehydroalanine (from Tyrosine)	Y	anywhere	-94.041865	-94.1112	C-6H-6O-1	1	Post-translational	
401	Didehydro	2-amino-3-oxo-butanoic_acid	S	anywhere	-2.01565	-2.0159	H-2	1	Post-translational	
401	Didehydro	2-amino-3-oxo-butanoic_acid	Y	anywhere	-2.01565	-2.0159	H-2	1	Post-translational	
401	Didehydro	2-amino-3-oxo-butanoic_acid	T	anywhere	-2.01565	-2.0159	H-2	1	Chemical derivative	
401	Didehydro	2-amino-3-oxo-butanoic_acid	K	c-term	-2.01565	-2.0159	H-2	1	Artefact	
402	Cys->Oxoalanine	oxoalanine	C	anywhere	-17.992806	-18.0815	H-2O1S-1	1	Post-translational	
403	Ser->LacticAcid	lactic acid from N-term Ser	S	protein-n-term	-15.010899	-15.0146	H-1N-1	1	Post-translational	
451	GluGlu	diglutamyl	E	anywhere	258.085186	258.228	C10H14N2O6	1	Post-translational	
451	GluGlu	diglutamyl	C-term	protein-c-term	258.085186	258.228	C10H14N2O6	1	Post-translational	
405	Phosphoadenosine	AMP	S	anywhere	329.05252	329.2059	C10H12N5O6P1	1	Post-translational	C10H14N5O7P1@347.063085@347.2212
405	Phosphoadenosine	AMP	H	anywhere	329.05252	329.2059	C10H12N5O6P1	1	Post-translational	
405	Phosphoadenosine	AMP	T	anywhere	329.05252	329.2059	C10H12N5O6P1	1	Post-translational	C10H14N5O7P1@347.063085@347.2212
405	Phosphoadenosine	AMP	K	anywhere	329.05252	329.2059	C10H12N5O6P1	1	Post-translational	
405	Phosphoadenosine	AMP	Y	anywhere	329.05252	329.2059	C10H12N5O6P1	1	Post-translational	C5H5N5@135.054495@135.1267;C10H11N5O3@249.086189@249.226
450	Glu	monoglutamyl	E	anywhere	129.042593	129.114	C5H7N1O3	1	Post-translational	
450	Glu	monoglutamyl	C-term	protein-c-term	129.042593	129.114	C5H7N1O3	1	Chemical derivative	
407	Hydroxycinnamyl	hydroxycinnamyl	C	anywhere	146.036779	146.1427	C9H6O2	1	Post-translational	
408	Glycosyl	glycosyl-L-hydroxyproline	P	anywhere	148.037173	148.114	C5H8O5	1	Other glycosylation	
409	FMNH	flavin mononucleotide	H	anywhere	454.088965	454.3279	C17H19N4O9P1	1	Post-translational	
409	FMNH	flavin mononucleotide	C	anywhere	454.088965	454.3279	C17H19N4O9P1	1	Post-translational	
410	Archaeol	S-diphytanylglycerol diether	C	anywhere	634.662782	635.1417	C43H86O2	1	Post-translational	
411	Phenylisocyanate	phenyl isocyanate	N-term	n-term	119.037114	119.1207	C7H5N1O1	1	Chemical derivative	
412	Phenylisocyanate:2H(5)	d5-phenyl isocyanate	N-term	n-term	124.068498	124.1515	(2)H5C7N1O1	1	Chemical derivative	
413	Phosphoguanosine	phospho-guanosine	H	anywhere	345.047435	345.2053	C10H12N5O7P1	1	Post-translational	
413	Phosphoguanosine	phospho-guanosine	K	anywhere	345.047435	345.2053	C10H12N5O7P1	1	Post-translational	
414	Hydroxymethyl	hydroxymethyl	N	anywhere	30.010565	30.026	C1H2O1	1	Post-translational	
415	MolybdopterinGD+Delta:S(-1)Se(1)	L-selenocysteinyl molybdenum bis(molybdopterin guanine dinucleotide)	C	anywhere	1620.930224	1618.9096	C40H47Mo1N20O26P4S3Se1	1	Post-translational	
416	Dipyrrolylmethanemethyl	dipyrrolylmethanemethyl	C	anywhere	418.137616	418.3973	C20H22N2O8	1	Post-translational	
417	PhosphoUridine	uridine phosphodiester	H	anywhere	306.025302	306.166	C9H11N2O8P1	1	Post-translational	
417	PhosphoUridine	uridine phosphodiester	Y	anywhere	306.025302	306.166	C9H11N2O8P1	1	Post-translational	
419	Glycerophospho	glycerophospho	S	anywhere	154.00311	154.0584	C3H7O5P1	1	Post-translational	
420	Carboxy->Thiocarboxy	thiocarboxylic acid	G	protein-c-term	15.977156	16.0656	O-1S1	1	Post-translational	
421	Sulfide	persulfide	D	anywhere	31.972071	32.065	S1	1	Post-translational	
421	Sulfide	persulfide	C	anywhere	31.972071	32.065	S1	1	Post-translational	
421	Sulfide	persulfide	W	anywhere	31.972071	32.065	S1	1	Chemical derivative	
422	PyruvicAcidIminyl	N-pyruvic acid 2-iminyl	K	anywhere	70.005479	70.0468	C3H2O2	1	Post-translational	
422	PyruvicAcidIminyl	N-pyruvic acid 2-iminyl	V	protein-n-term	70.005479	70.0468	C3H2O2	1	Post-translational	
422	PyruvicAcidIminyl	N-pyruvic acid 2-iminyl	C	protein-n-term	70.005479	70.0468	C3H2O2	1	Post-translational	
423	Delta:Se(1)	selenyl	C	anywhere	79.91652	78.96	Se1	1	Post-translational	
424	MolybdopterinGD	molybdenum bis(molybdopterin guanine dinucleotide)	D	anywhere	1572.985775	1572.0146	C40H47Mo1N20O26P4S4	1	Post-translational	
424	MolybdopterinGD	molybdenum bis(molybdopterin guanine dinucleotide)	C	anywhere	1572.985775	1572.0146	C40H47Mo1N20O26P4S4	1	Post-translational	
424	MolybdopterinGD	molybdenum bis(molybdopterin guanine dinucleotide)	U	anywhere	1572.985775	1572.0146	C40H47Mo1N20O26P4S4	1	Post-translational	
425	Dioxidation	dihydroxy	U	anywhere	31.989829	31.9988	O2	1	Multiple	
425	Dioxidation	dihydroxy	C	anywhere	31.989829	31.9988	O2	1	Post-translational	
425	Dioxidation	dihydroxy	W	anywhere	31.989829	31.9988	O2	1	Chemical derivative	
425	Dioxidation	dihydroxy	Y	anywhere	31.989829	31.9988	O2	1	Post-translational	
425	Dioxidation	dihydroxy	F	anywhere	31.989829	31.9988	O2	1	Chemical derivative	
425	Dioxidation	dihydroxy	M	anywhere	31.989829	31.9988	O2	0	Post-translational	
425	Dioxidation	dihydroxy	K	anywhere	31.989829	31.9988	O2	1	Post-translational	
425	Dioxidation	dihydroxy	R	anywhere	31.989829	31.9988	O2	1	Post-translational	
425	Dioxidation	dihydroxy	P	anywhere	31.989829	31.9988	O2	1	Post-translational	
425	Dioxidation	dihydroxy	E	anywhere	31.989829	31.9988	O2	1	Chemical derivative	
425	Dioxidation	dihydroxy	I	anywhere	31.989829	31.9988	O2	1	Chemical derivative	
425	Dioxidation	dihydroxy	L	anywhere	31.989829	31.9988	O2	1	Chemical derivative	
425	Dioxidation	dihydroxy	V	anywhere	31.989829	31.9988	O2	1	Chemical derivative	
426	Octanoyl	octanoyl	T	anywhere	126.104465	126.1962	C8H14O1	1	Post-translational	
426	Octanoyl	octanoyl	S	anywhere	126.104465	126.1962	C8H14O1	1	Post-translational	
426	Octanoyl	octanoyl	C	anywhere	126.104465	126.1962	C8H14O1	1	Post-translational	
428	PhosphoHexNAc	N-acetylglucosamine-1-phosphoryl	T	anywhere	283.045704	283.1724	C8H14N1O8P1	1	O-linked glycosylation	C8H14N1O8P1@283.045704@283.1724
428	PhosphoHexNAc	N-acetylglucosamine-1-phosphoryl	S	anywhere	283.045704	283.1724	C8H14N1O8P1	1	O-linked glycosylation	C8H14N1O8P1@283.045704@283.1724
429	PhosphoHex	phosphoglycosyl-D-mannose-1-phosphoryl	T	anywhere	242.019154	242.1205	C6H11O8P1	1	O-linked glycosylation	C6H11O8P1@242.019154@242.1205
429	PhosphoHex	phosphoglycosyl-D-mannose-1-phosphoryl	S	anywhere	242.019154	242.1205	C6H11O8P1	1	O-linked glycosylation	C6H11O8P1@242.019154@242.1205
431	Palmitoleyl	palmitoleyl	C	anywhere	236.214016	236.3929	C16H28O1	1	Post-translational	
431	Palmitoleyl	palmitoleyl	S	anywhere	236.214016	236.3929	C16H28O1	1	Post-translational	
431	Palmitoleyl	palmitoleyl	T	anywhere	236.214016	236.3929	C16H28O1	1	Pre-translational	
432	Cholesterol	cholesterol ester	C-term	protein-c-term	368.344302	368.6383	C27H44	1	Post-translational	
433	Didehydroretinylidene	3,4-didehydroretinylidene	K	anywhere	264.187801	264.4046	C20H24	1	Post-translational	
434	CHDH	cis-14-hydroxy-10,13-dioxo-7-heptadecenoic ester	D	anywhere	294.183109	294.3859	C17H26O4	1	Post-translational	
435	Methylpyrroline	4-methyl-delta-1-pyrroline-5-carboxyl	K	anywhere	109.052764	109.1259	C6H7N1O1	1	Post-translational	
436	Hydroxyheme	hydroxyheme	E	anywhere	614.161645	614.4714	C34Fe1H30N4O4	1	Post-translational	
437	MicrocinC7	(3-aminopropyl)(L-aspartyl-1-amino)phosphoryl-5-adenosine	C-term	protein-c-term	386.110369	386.3003	C13H19N6O6P1	1	Post-translational	
438	Cyano	cyano	C	anywhere	24.995249	25.0095	C1H-1N1	1	Post-translational	
439	Diironsubcluster	hydrogenase diiron subcluster	C	anywhere	342.786916	342.876	C5Fe2H-1N2O5S2	1	Post-translational	
440	Amidino	amidino	C	anywhere	42.021798	42.04	C1H2N2	1	Post-translational	
442	FMN	O3-(riboflavin phosphoryl)	S	anywhere	438.094051	438.3285	C17H19N4O8P1	1	Post-translational	
442	FMN	O3-(riboflavin phosphoryl)	T	anywhere	438.094051	438.3285	C17H19N4O8P1	1	Post-translational	
443	FMNC	S-(4a-FMN)	C	anywhere	456.104615	456.3438	C17H21N4O9P1	1	Post-translational	
444	CuSMo	copper sulfido molybdopterin cytosine dinuncleotide	C	anywhere	922.834855	922.067	C19Cu1H24Mo1N8O15P2S3	1	Post-translational	
445	Hydroxytrimethyl	5-hydroxy-N6,N6,N6-trimethyl	K	anywhere	59.04969	59.0871	C3H7O1	1	Post-translational	
447	Deoxy	reduction	T	anywhere	-15.994915	-15.9994	O-1	1	Chemical derivative	
447	Deoxy	reduction	D	anywhere	-15.994915	-15.9994	O-1	1	Post-translational	
447	Deoxy	reduction	S	anywhere	-15.994915	-15.9994	O-1	1	Chemical derivative	
448	Microcin	microcin E492 siderophore ester from serine	C-term	protein-c-term	831.197041	831.6871	C36H37N3O20	1	Post-translational	
449	Decanoyl	lipid	T	anywhere	154.135765	154.2493	C10H18O1	1	Post-translational	
449	Decanoyl	lipid	S	anywhere	154.135765	154.2493	C10H18O1	1	Post-translational	
452	GluGluGlu	triglutamyl	C-term	protein-c-term	387.127779	387.3419	C15H21N3O9	1	Post-translational	
452	GluGluGlu	triglutamyl	E	anywhere	387.127779	387.3419	C15H21N3O9	1	Post-translational	
453	GluGluGluGlu	tetraglutamyl	C-term	protein-c-term	516.170373	516.4559	C20H28N4O12	1	Post-translational	
453	GluGluGluGlu	tetraglutamyl	E	anywhere	516.170373	516.4559	C20H28N4O12	1	Post-translational	
454	HexN	Hexosamine	W	anywhere	161.068808	161.1558	C6H11N1O4	1	Other glycosylation	
454	HexN	Hexosamine	T	anywhere	161.068808	161.1558	C6H11N1O4	1	O-linked glycosylation	C6H11N1O4@161.068808@161.1558
454	HexN	Hexosamine	S	anywhere	161.068808	161.1558	C6H11N1O4	1	O-linked glycosylation	C6H11N1O4@161.068808@161.1558
454	HexN	Hexosamine	N	anywhere	161.068808	161.1558	C6H11N1O4	1	N-linked glycosylation	C6H11N1O4@161.068808@161.1558
454	HexN	Hexosamine	K	anywhere	161.068808	161.1558	C6H11N1O4	1	Synth. pep. protect. gp.	
455	Xlink:DMP[154]	Free monolink of DMP crosslinker	N-term	protein-n-term	154.110613	154.2096	C8H14N2O1	1	Chemical derivative	
455	Xlink:DMP[154]	Free monolink of DMP crosslinker	K	anywhere	154.110613	154.2096	C8H14N2O1	1	Chemical derivative	
457	NDA	naphthalene-2,3-dicarboxaldehyde	N-term	n-term	175.042199	175.1855	C13H5N1	1	Chemical derivative	
457	NDA	naphthalene-2,3-dicarboxaldehyde	K	anywhere	175.042199	175.1855	C13H5N1	1	Chemical derivative	
464	SPITC:13C(6)	4-sulfophenyl isothiocyanate (Heavy C13)	N-term	n-term	220.991213	221.2054	(13)C6C1H5N1O3S2	1	Chemical derivative	
464	SPITC:13C(6)	4-sulfophenyl isothiocyanate (Heavy C13)	K	anywhere	220.991213	221.2054	(13)C6C1H5N1O3S2	1	Chemical derivative	
477	TMAB:2H(9)	d9-4-trimethyllammoniumbutyryl-	N-term	n-term	137.16403	137.2476	(2)H9C7H5N1O1	1	Isotopic label	(2)H9C3N1@68.12999@68.1657
477	TMAB:2H(9)	d9-4-trimethyllammoniumbutyryl-	K	anywhere	137.16403	137.2476	(2)H9C7H5N1O1	1	Isotopic label	(2)H9C3N1@68.12999@68.1657
476	TMAB	4-trimethyllammoniumbutyryl-	N-term	n-term	128.107539	128.1922	C7H14N1O1	1	Isotopic label	C3H9N1@59.073499@59.1103
476	TMAB	4-trimethyllammoniumbutyryl-	K	anywhere	128.107539	128.1922	C7H14N1O1	1	Isotopic label	C3H9N1@59.073499@59.1103
478	FTC	fluorescein-5-thiosemicarbazide	S	anywhere	421.073241	421.4259	C21H15N3O5S1	1	Chemical derivative	
478	FTC	fluorescein-5-thiosemicarbazide	R	anywhere	421.073241	421.4259	C21H15N3O5S1	1	Chemical derivative	
478	FTC	fluorescein-5-thiosemicarbazide	P	anywhere	421.073241	421.4259	C21H15N3O5S1	1	Chemical derivative	
478	FTC	fluorescein-5-thiosemicarbazide	K	anywhere	421.073241	421.4259	C21H15N3O5S1	1	Chemical derivative	
478	FTC	fluorescein-5-thiosemicarbazide	C	anywhere	421.073241	421.4259	C21H15N3O5S1	1	Chemical derivative	
472	AEC-MAEC	aminoethylcysteine	T	anywhere	59.019355	59.1334	C2H5N1O-1S1	1	Chemical derivative	
472	AEC-MAEC	aminoethylcysteine	S	anywhere	59.019355	59.1334	C2H5N1O-1S1	1	Chemical derivative	
493	BADGE	Bisphenol A diglycidyl ether derivative	C	anywhere	340.167459	340.4129	C21H24O4	1	Non-standard residue	
481	Label:2H(4)	4,4,5,5-D4 Lysine	A	anywhere	4.025107	4.0246	(2)H4H-4	1	Isotopic label	
481	Label:2H(4)	4,4,5,5-D4 Lysine	Y	anywhere	4.025107	4.0246	(2)H4H-4	1	Isotopic label	
481	Label:2H(4)	4,4,5,5-D4 Lysine	F	anywhere	4.025107	4.0246	(2)H4H-4	1	Isotopic label	
481	Label:2H(4)	4,4,5,5-D4 Lysine	K	anywhere	4.025107	4.0246	(2)H4H-4	1	Isotopic label	
481	Label:2H(4)	4,4,5,5-D4 Lysine	U	anywhere	4.025107	4.0246	(2)H4H-4	1	Isotopic label	
490	Hep	Heptose	T	anywhere	192.063388	192.1666	C7H12O6	1	O-linked glycosylation	C7H12O6@192.063388@192.1666
490	Hep	Heptose	S	anywhere	192.063388	192.1666	C7H12O6	1	O-linked glycosylation	C7H12O6@192.063388@192.1666
490	Hep	Heptose	R	anywhere	192.063388	192.1666	C7H12O6	1	N-linked glycosylation	
490	Hep	Heptose	Q	anywhere	192.063388	192.1666	C7H12O6	1	Other glycosylation	
490	Hep	Heptose	N	anywhere	192.063388	192.1666	C7H12O6	1	N-linked glycosylation	C7H12O6@192.063388@192.1666
490	Hep	Heptose	K	anywhere	192.063388	192.1666	C7H12O6	1	Other glycosylation	
495	CyDye-Cy5	Cy5 CyDye DIGE Fluor saturation dye	C	anywhere	684.298156	684.8442	C38H44N4O6S1	1	Chemical derivative	
488	DHP	Dehydropyrrolizidine alkaloid (dehydroretronecine) on cysteines	C	anywhere	118.065674	118.1558	C8H8N1	1	Chemical derivative	
498	BHTOH	Michael addition of t-butyl hydroxylated BHT (BHTOH) to C, H or K	H	anywhere	234.16198	234.334	C15H22O2	1	Other	
498	BHTOH	Michael addition of t-butyl hydroxylated BHT (BHTOH) to C, H or K	C	anywhere	234.16198	234.334	C15H22O2	1	Other	
498	BHTOH	Michael addition of t-butyl hydroxylated BHT (BHTOH) to C, H or K	K	anywhere	234.16198	234.334	C15H22O2	1	Other	
499	IGBP:13C(2)	Heavy IDBEST tag for quantitation	C	anywhere	298.022748	299.1331	(13)C2Br1C10H13N2O2	1	Isotopic label	
500	Nmethylmaleimide+water	Nmethylmaleimidehydrolysis	C	anywhere	129.042593	129.114	C5H7N1O3	1	Chemical derivative	
501	PyMIC	3-methyl-2-pyridyl isocyanate	N-term	n-term	134.048013	134.1353	C7H6N2O1	1	Chemical derivative	
503	LG-lactam-K	Levuglandinyl - lysine lactam adduct	N-term	protein-n-term	332.19876	332.4339	C20H28O4	1	Post-translational	
503	LG-lactam-K	Levuglandinyl - lysine lactam adduct	K	anywhere	332.19876	332.4339	C20H28O4	1	Post-translational	
519	BisANS	4,4\'-dianilino-1,1\'-binaphthyl-5,5\'-disulfonic acid	K	anywhere	594.091928	594.6569	C32H22N2O6S2	1	Chemical derivative	
520	Piperidine	Piperidination	N-term	n-term	68.0626	68.117	C5H8	1	Chemical derivative	
520	Piperidine	Piperidination	K	anywhere	68.0626	68.117	C5H8	1	Chemical derivative	
518	Diethyl	Diethylation, analogous to Dimethylation	N-term	n-term	56.0626	56.1063	C4H8	1	Chemical derivative	
518	Diethyl	Diethylation, analogous to Dimethylation	K	anywhere	56.0626	56.1063	C4H8	1	Chemical derivative	
504	LG-Hlactam-K	Levuglandinyl - lysine hydroxylactam adduct	N-term	protein-n-term	348.193674	348.4333	C20H28O5	1	Post-translational	
504	LG-Hlactam-K	Levuglandinyl - lysine hydroxylactam adduct	K	anywhere	348.193674	348.4333	C20H28O5	1	Post-translational	
510	Dimethyl:2H(4)13C(2)	DiMethyl-C13HD2	N-term	protein-n-term	34.063117	34.0631	(13)C2(2)H4	1	Isotopic label	
510	Dimethyl:2H(4)13C(2)	DiMethyl-C13HD2	R	anywhere	34.063117	34.0631	(13)C2(2)H4	1	Isotopic label	
510	Dimethyl:2H(4)13C(2)	DiMethyl-C13HD2	K	anywhere	34.063117	34.0631	(13)C2(2)H4	1	Isotopic label	
510	Dimethyl:2H(4)13C(2)	DiMethyl-C13HD2	N-term	n-term	34.063117	34.0631	(13)C2(2)H4	1	Isotopic label	
513	C8-QAT	[3-(2,5)-Dioxopyrrolidin-1-yloxycarbonyl)-propyl]dimethyloctylammonium	N-term	n-term	227.224915	227.3862	C14H29N1O1	1	Chemical derivative	
513	C8-QAT	[3-(2,5)-Dioxopyrrolidin-1-yloxycarbonyl)-propyl]dimethyloctylammonium	K	anywhere	227.224915	227.3862	C14H29N1O1	1	Chemical derivative	
512	Hex(2)	Lactosylation	R	anywhere	324.105647	324.2812	C12H20O10	1	Other glycosylation	
512	Hex(2)	Lactosylation	K	anywhere	324.105647	324.2812	C12H20O10	1	Other glycosylation	
512	Hex(2)	Lactosylation	S	anywhere	324.105647	324.2812	C12H20O10	1	O-linked glycosylation	C12H20O10@324.105647@324.2812
512	Hex(2)	Lactosylation	T	anywhere	324.105647	324.2812	C12H20O10	1	O-linked glycosylation	C12H20O10@324.105647@324.2812
505	LG-lactam-R	Levuglandinyl - arginine lactam adduct	R	anywhere	290.176961	290.3939	C19H26N-2O4	1	Post-translational	
1036	Withaferin	Modification of cystein by withaferin	C	anywhere	470.266839	470.5977	C28H38O6	1	Chemical derivative	
1037	Biotin:Thermo-88317	desthiobiotin fluorophosphonate	S	anywhere	443.291294	443.5603	C22H42N3O4P1	1	Chemical derivative	
1037	Biotin:Thermo-88317	desthiobiotin fluorophosphonate	Y	anywhere	443.291294	443.5603	C22H42N3O4P1	1	Chemical derivative	
525	CLIP_TRAQ_2	CLIP_TRAQ_2	N-term	n-term	141.098318	141.1756	(13)C1C6H12N2O1	1	Isotopic label	
525	CLIP_TRAQ_2	CLIP_TRAQ_2	K	anywhere	141.098318	141.1756	(13)C1C6H12N2O1	1	Isotopic label	
525	CLIP_TRAQ_2	CLIP_TRAQ_2	Y	anywhere	141.098318	141.1756	(13)C1C6H12N2O1	1	Isotopic label	
506	LG-Hlactam-R	Levuglandinyl - arginine hydroxylactam adduct	R	anywhere	306.171876	306.3933	C19H26N-2O5	1	Post-translational	
522	Maleimide-PEO2-Biotin	Maleimide-Biotin	C	anywhere	525.225719	525.6183	C23H35N5O7S1	1	Chemical derivative	
523	Sulfo-NHS-LC-LC-Biotin	Biot_LC_LC	N-term	n-term	452.245726	452.6106	C22H36N4O4S1	1	Chemical derivative	
523	Sulfo-NHS-LC-LC-Biotin	Biot_LC_LC	K	anywhere	452.245726	452.6106	C22H36N4O4S1	1	Chemical derivative	
515	FNEM	fluorescein-5-maleimide	C	anywhere	427.069202	427.3625	C24H13N1O7	1	Chemical derivative	
514	PropylNAGthiazoline	propyl-1,2-dideoxy-2\'-methyl-alpha-D-glucopyranoso-[2,1-d]-Delta2\'-thiazoline	C	anywhere	232.064354	232.2768	C9H14N1O4S1	1	Chemical derivative	
526	Dethiomethyl	Prompt loss of side chain from oxidised Met	M	anywhere	-48.003371	-48.1075	C-1H-4S-1	1	Artefact	
532	iTRAQ4plex114	Accurate mass for 114	Y	anywhere	144.105918	144.168	(13)C2(18)O1C5H12N2	1	Isotopic label	
532	iTRAQ4plex114	Accurate mass for 114	N-term	n-term	144.105918	144.168	(13)C2(18)O1C5H12N2	1	Isotopic label	
532	iTRAQ4plex114	Accurate mass for 114	K	anywhere	144.105918	144.168	(13)C2(18)O1C5H12N2	1	Isotopic label	
532	iTRAQ4plex114	Accurate mass for 114	C	anywhere	144.105918	144.168	(13)C2(18)O1C5H12N2	1	Isotopic label	
533	iTRAQ4plex115	Accurate mass for 115	Y	anywhere	144.099599	144.1688	(13)C1(15)N1(18)O1C6H12N1	1	Isotopic label	
533	iTRAQ4plex115	Accurate mass for 115	N-term	n-term	144.099599	144.1688	(13)C1(15)N1(18)O1C6H12N1	1	Isotopic label	
533	iTRAQ4plex115	Accurate mass for 115	K	anywhere	144.099599	144.1688	(13)C1(15)N1(18)O1C6H12N1	1	Isotopic label	
533	iTRAQ4plex115	Accurate mass for 115	C	anywhere	144.099599	144.1688	(13)C1(15)N1(18)O1C6H12N1	1	Isotopic label	
534	Dibromo	Dibromo	Y	anywhere	155.821022	157.7921	Br2H-2	1	Chemical derivative	
535	LRGG	Ubiquitination	K	anywhere	383.228103	383.446	C16H29N7O4	1	Chemical derivative	
536	CLIP_TRAQ_3	CLIP_TRAQ_3	Y	anywhere	271.148736	271.2976	(13)C1C11H20N3O4	1	Isotopic label	
536	CLIP_TRAQ_3	CLIP_TRAQ_3	N-term	n-term	271.148736	271.2976	(13)C1C11H20N3O4	1	Isotopic label	
536	CLIP_TRAQ_3	CLIP_TRAQ_3	K	anywhere	271.148736	271.2976	(13)C1C11H20N3O4	1	Isotopic label	
537	CLIP_TRAQ_4	CLIP_TRAQ_4	N-term	n-term	244.101452	244.2292	(13)C1C9H15N2O5	1	Isotopic label	
537	CLIP_TRAQ_4	CLIP_TRAQ_4	K	anywhere	244.101452	244.2292	(13)C1C9H15N2O5	1	Isotopic label	
537	CLIP_TRAQ_4	CLIP_TRAQ_4	Y	anywhere	244.101452	244.2292	(13)C1C9H15N2O5	1	Isotopic label	
538	Biotin:Cayman-10141	was 15dB-biotin	C	anywhere	626.386577	626.8927	C35H54N4O4S1	1	Other	
539	Biotin:Cayman-10013	was PGA1-biotin	C	anywhere	660.428442	660.9504	C36H60N4O5S1	1	Other	
540	Ala->Ser	Ala->Ser substitution	A	anywhere	15.994915	15.9994	O1	1	AA substitution	
541	Ala->Thr	Ala->Thr substitution	A	anywhere	30.010565	30.026	C1H2O1	1	AA substitution	
542	Ala->Asp	Ala->Asp substitution	A	anywhere	43.989829	44.0095	C1O2	1	AA substitution	
543	Ala->Pro	Ala->Pro substitution	A	anywhere	26.01565	26.0373	C2H2	1	AA substitution	
544	Ala->Gly	Ala->Gly substitution	A	anywhere	-14.01565	-14.0266	C-1H-2	1	AA substitution	
545	Ala->Glu	Ala->Glu substitution	A	anywhere	58.005479	58.0361	C2H2O2	1	AA substitution	
546	Ala->Val	Ala->Val substitution	A	anywhere	28.0313	28.0532	C2H4	1	AA substitution	
547	Cys->Phe	Cys->Phe substitution	C	anywhere	44.059229	44.031	C6H4S-1	1	AA substitution	
548	Cys->Ser	Cys->Ser substitution	C	anywhere	-15.977156	-16.0656	O1S-1	1	AA substitution	
549	Cys->Trp	Cys->Trp substitution	C	anywhere	83.070128	83.067	C8H5N1S-1	1	AA substitution	
550	Cys->Tyr	Cys->Tyr substitution	C	anywhere	60.054144	60.0304	C6H4O1S-1	1	AA substitution	
551	Cys->Arg	Cys->Arg substitution	C	anywhere	53.091927	53.0428	C3H7N3S-1	1	AA substitution	
552	Cys->Gly	Cys->Gly substitution	C	anywhere	-45.987721	-46.0916	C-1H-2S-1	1	AA substitution	
553	Asp->Ala	Asp->Ala substitution	D	anywhere	-43.989829	-44.0095	C-1O-2	1	AA substitution	
554	Asp->His	Asp->His substitution	D	anywhere	22.031969	22.0519	C2H2N2O-2	1	AA substitution	
555	Asp->Asn	Asp->Asn substitution	D	anywhere	-0.984016	-0.9848	H1N1O-1	1	AA substitution	
556	Asp->Gly	Asp->Gly substitution	D	anywhere	-58.005479	-58.0361	C-2H-2O-2	1	AA substitution	
557	Asp->Tyr	Asp->Tyr substitution	D	anywhere	48.036386	48.0859	C5H4O-1	1	AA substitution	
558	Asp->Glu	Asp->Glu substitution	D	anywhere	14.01565	14.0266	C1H2	1	AA substitution	
559	Asp->Val	Asp->Val substitution	D	anywhere	-15.958529	-15.9563	C1H4O-2	1	AA substitution	
560	Glu->Ala	Glu->Ala substitution	E	anywhere	-58.005479	-58.0361	C-2H-2O-2	1	AA substitution	
561	Glu->Gln	Glu->Gln substitution	E	anywhere	-0.984016	-0.9848	H1N1O-1	1	AA substitution	
562	Glu->Asp	Glu->Asp substitution	E	anywhere	-14.01565	-14.0266	C-1H-2	1	AA substitution	
563	Glu->Lys	Glu->Lys substitution	E	anywhere	-0.94763	-0.9417	C1H5N1O-2	1	AA substitution	
564	Glu->Gly	Glu->Gly substitution	E	anywhere	-72.021129	-72.0627	C-3H-4O-2	1	AA substitution	
565	Glu->Val	Glu->Val substitution	E	anywhere	-29.974179	-29.9829	H2O-2	1	AA substitution	
566	Phe->Ser	Phe->Ser substitution	F	anywhere	-60.036386	-60.0966	C-6H-4O1	1	AA substitution	
567	Phe->Cys	Phe->Cys substitution	F	anywhere	-44.059229	-44.031	C-6H-4S1	1	AA substitution	
568	Phe->Xle	Phe->Leu/Ile substitution	F	anywhere	-33.98435	-34.0162	C-3H2	1	AA substitution	
569	Phe->Tyr	Phe->Tyr substitution	F	anywhere	15.994915	15.9994	O1	1	AA substitution	
570	Phe->Val	Phe->Val substitution	F	anywhere	-48	-48.0428	C-4	1	AA substitution	
571	Gly->Ala	Gly->Ala substitution	G	anywhere	14.01565	14.0266	C1H2	1	AA substitution	
572	Gly->Ser	Gly->Ser substitution	G	anywhere	30.010565	30.026	C1H2O1	1	AA substitution	
573	Gly->Trp	Gly->Trp substitution	G	anywhere	129.057849	129.1586	C9H7N1	1	AA substitution	
574	Gly->Glu	Gly->Glu substitution	G	anywhere	72.021129	72.0627	C3H4O2	1	AA substitution	
575	Gly->Val	Gly->Val substitution	G	anywhere	42.04695	42.0797	C3H6	1	AA substitution	
576	Gly->Asp	Gly->Asp substitution	G	anywhere	58.005479	58.0361	C2H2O2	1	AA substitution	
577	Gly->Cys	Gly->Cys substitution	G	anywhere	45.987721	46.0916	C1H2S1	1	AA substitution	
578	Gly->Arg	Gly->Arg substitution	G	anywhere	99.079647	99.1344	C4H9N3	1	AA substitution	
698	dNIC	deuterated Nicotinic Acid	N-term	n-term	109.048119	109.1205	(2)H3C6H1N1O1	1	Isotopic label	
698	dNIC	deuterated Nicotinic Acid	K	anywhere	109.048119	109.1205	(2)H3C6H1N1O1	1	Isotopic label	
580	His->Pro	His->Pro substitution	H	anywhere	-40.006148	-40.0241	C-1N-2	1	AA substitution	
581	His->Tyr	His->Tyr substitution	H	anywhere	26.004417	26.034	C3H2N-2O1	1	AA substitution	
582	His->Gln	His->Gln substitution	H	anywhere	-9.000334	-9.0101	C-1H1N-1O1	1	AA substitution	
697	NIC	Nicotinic Acid	N-term	n-term	105.021464	105.0941	C6H3N1O1	1	Isotopic label	
697	NIC	Nicotinic Acid	K	anywhere	105.021464	105.0941	C6H3N1O1	1	Isotopic label	
584	His->Arg	His->Arg substitution	H	anywhere	19.042199	19.0464	H5N1	1	AA substitution	
585	His->Xle	His->Leu/Ile substitution	H	anywhere	-23.974848	-23.9816	H4N-2	1	AA substitution	
1125	Xle->Ala	Leu/Ile->Ala substitution	L	anywhere	-42.04695	-42.0797	C-3H-6	1	AA substitution	
1125	Xle->Ala	Leu/Ile->Ala substitution	I	anywhere	-42.04695	-42.0797	C-3H-6	1	AA substitution	
588	Xle->Thr	Leu/Ile->Thr substitution	L	anywhere	-12.036386	-12.0538	C-2H-4O1	1	AA substitution	
588	Xle->Thr	Leu/Ile->Thr substitution	I	anywhere	-12.036386	-12.0538	C-2H-4O1	1	AA substitution	
589	Xle->Asn	Leu/Ile->Asn substitution	L	anywhere	0.958863	0.945	C-2H-5N1O1	1	AA substitution	
589	Xle->Asn	Leu/Ile->Asn substitution	I	anywhere	0.958863	0.945	C-2H-5N1O1	1	AA substitution	
590	Xle->Lys	Leu/Ile->Lys substitution	L	anywhere	15.010899	15.0146	H1N1	1	AA substitution	
590	Xle->Lys	Leu/Ile->Lys substitution	I	anywhere	15.010899	15.0146	H1N1	1	AA substitution	
594	Lys->Thr	Lys->Thr substitution	K	anywhere	-27.047285	-27.0684	C-2H-5N-1O1	1	AA substitution	
595	Lys->Asn	Lys->Asn substitution	K	anywhere	-14.052036	-14.0696	C-2H-6O1	1	AA substitution	
596	Lys->Glu	Lys->Glu substitution	K	anywhere	0.94763	0.9417	C-1H-5N-1O2	1	AA substitution	
597	Lys->Gln	Lys->Gln substitution	K	anywhere	-0.036386	-0.0431	C-1H-4O1	1	AA substitution	
598	Lys->Met	Lys->Met substitution	K	anywhere	2.945522	3.0238	C-1H-3N-1S1	1	AA substitution	
599	Lys->Arg	Lys->Arg substitution	K	anywhere	28.006148	28.0134	N2	1	AA substitution	
600	Lys->Xle	Lys->Leu/Ile substitution	K	anywhere	-15.010899	-15.0146	H-1N-1	1	AA substitution	
601	Xle->Ser	Leu/Ile->Ser substitution	I	anywhere	-26.052036	-26.0803	C-3H-6O1	1	AA substitution	
601	Xle->Ser	Leu/Ile->Ser substitution	L	anywhere	-26.052036	-26.0803	C-3H-6O1	1	AA substitution	
602	Xle->Phe	Leu/Ile->Phe substitution	I	anywhere	33.98435	34.0162	C3H-2	1	AA substitution	
602	Xle->Phe	Leu/Ile->Phe substitution	L	anywhere	33.98435	34.0162	C3H-2	1	AA substitution	
603	Xle->Trp	Leu/Ile->Trp substitution	I	anywhere	72.995249	73.0523	C5H-1N1	1	AA substitution	
603	Xle->Trp	Leu/Ile->Trp substitution	L	anywhere	72.995249	73.0523	C5H-1N1	1	AA substitution	
604	Xle->Pro	Leu/Ile->Pro substitution	I	anywhere	-16.0313	-16.0425	C-1H-4	1	AA substitution	
604	Xle->Pro	Leu/Ile->Pro substitution	L	anywhere	-16.0313	-16.0425	C-1H-4	1	AA substitution	
605	Xle->Val	Leu/Ile->Val substitution	I	anywhere	-14.01565	-14.0266	C-1H-2	1	AA substitution	
605	Xle->Val	Leu/Ile->Val substitution	L	anywhere	-14.01565	-14.0266	C-1H-2	1	AA substitution	
606	Xle->His	Leu/Ile->His substitution	I	anywhere	23.974848	23.9816	H-4N2	1	AA substitution	
606	Xle->His	Leu/Ile->His substitution	L	anywhere	23.974848	23.9816	H-4N2	1	AA substitution	
607	Xle->Gln	Leu/Ile->Gln substitution	I	anywhere	14.974514	14.9716	C-1H-3N1O1	1	AA substitution	
607	Xle->Gln	Leu/Ile->Gln substitution	L	anywhere	14.974514	14.9716	C-1H-3N1O1	1	AA substitution	
608	Xle->Met	Leu/Ile->Met substitution	I	anywhere	17.956421	18.0384	C-1H-2S1	1	AA substitution	
608	Xle->Met	Leu/Ile->Met substitution	L	anywhere	17.956421	18.0384	C-1H-2S1	1	AA substitution	
609	Xle->Arg	Leu/Ile->Arg substitution	I	anywhere	43.017047	43.028	H1N3	1	AA substitution	
609	Xle->Arg	Leu/Ile->Arg substitution	L	anywhere	43.017047	43.028	H1N3	1	AA substitution	
610	Met->Thr	Met->Thr substitution	M	anywhere	-29.992806	-30.0922	C-1H-2O1S-1	1	AA substitution	
611	Met->Arg	Met->Arg substitution	M	anywhere	25.060626	24.9896	C1H3N3S-1	1	AA substitution	
613	Met->Lys	Met->Lys substitution	M	anywhere	-2.945522	-3.0238	C1H3N1S-1	1	AA substitution	
614	Met->Xle	Met->Leu/Ile substitution	M	anywhere	-17.956421	-18.0384	C1H2S-1	1	AA substitution	
615	Met->Val	Met->Val substitution	M	anywhere	-31.972071	-32.065	S-1	1	AA substitution	
616	Asn->Ser	Asn->Ser substitution	N	anywhere	-27.010899	-27.0253	C-1H-1N-1	1	AA substitution	
617	Asn->Thr	Asn->Thr substitution	N	anywhere	-12.995249	-12.9988	H1N-1	1	AA substitution	
618	Asn->Lys	Asn->Lys substitution	N	anywhere	14.052036	14.0696	C2H6O-1	1	AA substitution	
619	Asn->Tyr	Asn->Tyr substitution	N	anywhere	49.020401	49.0706	C5H3N-1	1	AA substitution	
620	Asn->His	Asn->His substitution	N	anywhere	23.015984	23.0366	C2H1N1O-1	1	AA substitution	
621	Asn->Asp	Asn->Asp substitution	N	anywhere	0.984016	0.9848	H-1N-1O1	1	AA substitution	
622	Asn->Xle	Asn->Leu/Ile substitution	N	anywhere	-0.958863	-0.945	C2H5N-1O-1	1	AA substitution	
623	Pro->Ser	Pro->Ser substitution	P	anywhere	-10.020735	-10.0379	C-2H-2O1	1	AA substitution	
624	Pro->Ala	Pro->Ala substitution	P	anywhere	-26.01565	-26.0373	C-2H-2	1	AA substitution	
625	Pro->His	Pro->His substitution	P	anywhere	40.006148	40.0241	C1N2	1	AA substitution	
626	Pro->Gln	Pro->Gln substitution	P	anywhere	31.005814	31.014	H1N1O1	1	AA substitution	
627	Pro->Thr	Pro->Thr substitution	P	anywhere	3.994915	3.9887	C-1O1	1	AA substitution	
628	Pro->Arg	Pro->Arg substitution	P	anywhere	59.048347	59.0705	C1H5N3	1	AA substitution	
629	Pro->Xle	Pro->Leu/Ile substitution	P	anywhere	16.0313	16.0425	C1H4	1	AA substitution	
630	Gln->Pro	Gln->Pro substitution	Q	anywhere	-31.005814	-31.014	H-1N-1O-1	1	AA substitution	
631	Gln->Lys	Gln->Lys substitution	Q	anywhere	0.036386	0.0431	C1H4O-1	1	AA substitution	
632	Gln->Glu	Gln->Glu substitution	Q	anywhere	0.984016	0.9848	H-1N-1O1	1	AA substitution	
633	Gln->His	Gln->His substitution	Q	anywhere	9.000334	9.0101	C1H-1N1O-1	1	AA substitution	
634	Gln->Arg	Gln->Arg substitution	Q	anywhere	28.042534	28.0565	C1H4N2O-1	1	AA substitution	
635	Gln->Xle	Gln->Leu/Ile substitution	Q	anywhere	-14.974514	-14.9716	C1H3N-1O-1	1	AA substitution	
636	Arg->Ser	Arg->Ser substitution	R	anywhere	-69.069083	-69.1084	C-3H-7N-3O1	1	AA substitution	
637	Arg->Trp	Arg->Trp substitution	R	anywhere	29.978202	30.0242	C5H-2N-2	1	AA substitution	
638	Arg->Thr	Arg->Thr substitution	R	anywhere	-55.053433	-55.0818	C-2H-5N-3O1	1	AA substitution	
639	Arg->Pro	Arg->Pro substitution	R	anywhere	-59.048347	-59.0705	C-1H-5N-3	1	AA substitution	
640	Arg->Lys	Arg->Lys substitution	R	anywhere	-28.006148	-28.0134	N-2	1	AA substitution	
641	Arg->His	Arg->His substitution	R	anywhere	-19.042199	-19.0464	H-5N-1	1	AA substitution	
642	Arg->Gln	Arg->Gln substitution	R	anywhere	-28.042534	-28.0565	C-1H-4N-2O1	1	AA substitution	
643	Arg->Met	Arg->Met substitution	R	anywhere	-25.060626	-24.9896	C-1H-3N-3S1	1	AA substitution	
644	Arg->Cys	Arg->Cys substitution	R	anywhere	-53.091927	-53.0428	C-3H-7N-3S1	1	AA substitution	
645	Arg->Xle	Arg->Leu/Ile substitution	R	anywhere	-43.017047	-43.028	H-1N-3	1	AA substitution	
646	Arg->Gly	Arg->Gly substitution	R	anywhere	-99.079647	-99.1344	C-4H-9N-3	1	AA substitution	
647	Ser->Phe	Ser->Phe substitution	S	anywhere	60.036386	60.0966	C6H4O-1	1	AA substitution	
648	Ser->Ala	Ser->Ala substitution	S	anywhere	-15.994915	-15.9994	O-1	1	AA substitution	
649	Ser->Trp	Ser->Trp substitution	S	anywhere	99.047285	99.1326	C8H5N1O-1	1	AA substitution	
650	Ser->Thr	Ser->Thr substitution	S	anywhere	14.01565	14.0266	C1H2	1	AA substitution	
651	Ser->Asn	Ser->Asn substitution	S	anywhere	27.010899	27.0253	C1H1N1	1	AA substitution	
652	Ser->Pro	Ser->Pro substitution	S	anywhere	10.020735	10.0379	C2H2O-1	1	AA substitution	
653	Ser->Tyr	Ser->Tyr substitution	S	anywhere	76.0313	76.096	C6H4	1	AA substitution	
654	Ser->Cys	Ser->Cys substitution	S	anywhere	15.977156	16.0656	O-1S1	1	AA substitution	
655	Ser->Arg	Ser->Arg substitution	S	anywhere	69.069083	69.1084	C3H7N3O-1	1	AA substitution	
656	Ser->Xle	Ser->Leu/Ile substitution	S	anywhere	26.052036	26.0803	C3H6O-1	1	AA substitution	
657	Ser->Gly	Ser->Gly substitution	S	anywhere	-30.010565	-30.026	C-1H-2O-1	1	AA substitution	
658	Thr->Ser	Thr->Ser substitution	T	anywhere	-14.01565	-14.0266	C-1H-2	1	AA substitution	
659	Thr->Ala	Thr->Ala substitution	T	anywhere	-30.010565	-30.026	C-1H-2O-1	1	AA substitution	
660	Thr->Asn	Thr->Asn substitution	T	anywhere	12.995249	12.9988	H-1N1	1	AA substitution	
661	Thr->Lys	Thr->Lys substitution	T	anywhere	27.047285	27.0684	C2H5N1O-1	1	AA substitution	
662	Thr->Pro	Thr->Pro substitution	T	anywhere	-3.994915	-3.9887	C1O-1	1	AA substitution	
663	Thr->Met	Thr->Met substitution	T	anywhere	29.992806	30.0922	C1H2O-1S1	1	AA substitution	
664	Thr->Xle	Thr->Leu/Ile substitution	T	anywhere	12.036386	12.0538	C2H4O-1	1	AA substitution	
665	Thr->Arg	Thr->Arg substitution	T	anywhere	55.053433	55.0818	C2H5N3O-1	1	AA substitution	
666	Val->Phe	Val->Phe substitution	V	anywhere	48	48.0428	C4	1	AA substitution	
667	Val->Ala	Val->Ala substitution	V	anywhere	-28.0313	-28.0532	C-2H-4	1	AA substitution	
668	Val->Glu	Val->Glu substitution	V	anywhere	29.974179	29.9829	H-2O2	1	AA substitution	
669	Val->Met	Val->Met substitution	V	anywhere	31.972071	32.065	S1	1	AA substitution	
670	Val->Asp	Val->Asp substitution	V	anywhere	15.958529	15.9563	C-1H-4O2	1	AA substitution	
671	Val->Xle	Val->Leu/Ile substitution	V	anywhere	14.01565	14.0266	C1H2	1	AA substitution	
672	Val->Gly	Val->Gly substitution	V	anywhere	-42.04695	-42.0797	C-3H-6	1	AA substitution	
673	Trp->Ser	Trp->Ser substitution	W	anywhere	-99.047285	-99.1326	C-8H-5N-1O1	1	AA substitution	
674	Trp->Cys	Trp->Cys substitution	W	anywhere	-83.070128	-83.067	C-8H-5N-1S1	1	AA substitution	
675	Trp->Arg	Trp->Arg substitution	W	anywhere	-29.978202	-30.0242	C-5H2N2	1	AA substitution	
676	Trp->Gly	Trp->Gly substitution	W	anywhere	-129.057849	-129.1586	C-9H-7N-1	1	AA substitution	
677	Trp->Xle	Trp->Leu/Ile substitution	W	anywhere	-72.995249	-73.0523	C-5H1N-1	1	AA substitution	
678	Tyr->Phe	Tyr->Phe substitution	Y	anywhere	-15.994915	-15.9994	O-1	1	AA substitution	
679	Tyr->Ser	Tyr->Ser substitution	Y	anywhere	-76.0313	-76.096	C-6H-4	1	AA substitution	
680	Tyr->Asn	Tyr->Asn substitution	Y	anywhere	-49.020401	-49.0706	C-5H-3N1	1	AA substitution	
681	Tyr->His	Tyr->His substitution	Y	anywhere	-26.004417	-26.034	C-3H-2N2O-1	1	AA substitution	
682	Tyr->Asp	Tyr->Asp substitution	Y	anywhere	-48.036386	-48.0859	C-5H-4O1	1	AA substitution	
683	Tyr->Cys	Tyr->Cys substitution	Y	anywhere	-60.054144	-60.0304	C-6H-4O-1S1	1	AA substitution	
684	BDMAPP	Mass Defect Tag on lysine e-amino	W	anywhere	253.010225	254.1231	Br1C11H12N1O1	1	Artefact	
684	BDMAPP	Mass Defect Tag on lysine e-amino	Y	anywhere	253.010225	254.1231	Br1C11H12N1O1	1	Artefact	
684	BDMAPP	Mass Defect Tag on lysine e-amino	N-term	protein-n-term	253.010225	254.1231	Br1C11H12N1O1	1	Chemical derivative	
684	BDMAPP	Mass Defect Tag on lysine e-amino	K	anywhere	253.010225	254.1231	Br1C11H12N1O1	1	Chemical derivative	
684	BDMAPP	Mass Defect Tag on lysine e-amino	H	anywhere	253.010225	254.1231	Br1C11H12N1O1	1	Artefact	
685	NA-LNO2	Nitroalkylation by Nitro Linoleic Acid	C	anywhere	325.225309	325.443	C18H31N1O4	1	Post-translational	
685	NA-LNO2	Nitroalkylation by Nitro Linoleic Acid	H	anywhere	325.225309	325.443	C18H31N1O4	1	Post-translational	
686	NA-OA-NO2	Nitroalkylation by Nitro Oleic Acid	C	anywhere	327.240959	327.4589	C18H33N1O4	1	Post-translational	
686	NA-OA-NO2	Nitroalkylation by Nitro Oleic Acid	H	anywhere	327.240959	327.4589	C18H33N1O4	1	Post-translational	
687	ICPL:2H(4)	Bruker Daltonics SERVA-ICPL(TM) quantification chemistry, medium form	N-term	n-term	109.046571	109.1188	(2)H4C6H-1N1O1	1	Isotopic label	
687	ICPL:2H(4)	Bruker Daltonics SERVA-ICPL(TM) quantification chemistry, medium form	N-term	protein-n-term	109.046571	109.1188	(2)H4C6H-1N1O1	0	Isotopic label	
687	ICPL:2H(4)	Bruker Daltonics SERVA-ICPL(TM) quantification chemistry, medium form	K	anywhere	109.046571	109.1188	(2)H4C6H-1N1O1	0	Isotopic label	
894	CarboxymethylDTT	Carboxymethylated DTT modification of cysteine	C	anywhere	210.00205	210.2712	C6H10O4S2	1	Artefact	
730	iTRAQ8plex	Representative mass and accurate mass for 113, 114, 116 & 117	N-term	protein-n-term	304.20536	304.3074	(13)C7(15)N1C7H24N3O3	1	Isotopic label	
730	iTRAQ8plex	Representative mass and accurate mass for 113, 114, 116 & 117	T	anywhere	304.20536	304.3074	(13)C7(15)N1C7H24N3O3	1	Isotopic label	
730	iTRAQ8plex	Representative mass and accurate mass for 113, 114, 116 & 117	S	anywhere	304.20536	304.3074	(13)C7(15)N1C7H24N3O3	1	Isotopic label	
730	iTRAQ8plex	Representative mass and accurate mass for 113, 114, 116 & 117	H	anywhere	304.20536	304.3074	(13)C7(15)N1C7H24N3O3	1	Isotopic label	
730	iTRAQ8plex	Representative mass and accurate mass for 113, 114, 116 & 117	Y	anywhere	304.20536	304.3074	(13)C7(15)N1C7H24N3O3	0	Isotopic label	
730	iTRAQ8plex	Representative mass and accurate mass for 113, 114, 116 & 117	N-term	n-term	304.20536	304.3074	(13)C7(15)N1C7H24N3O3	0	Isotopic label	
730	iTRAQ8plex	Representative mass and accurate mass for 113, 114, 116 & 117	K	anywhere	304.20536	304.3074	(13)C7(15)N1C7H24N3O3	0	Isotopic label	
730	iTRAQ8plex	Representative mass and accurate mass for 113, 114, 116 & 117	C	anywhere	304.20536	304.3074	(13)C7(15)N1C7H24N3O3	1	Isotopic label	
695	Label:13C(6)15N(1)	13C(6) 15N(1) Silac label	I	anywhere	7.017164	6.9493	(13)C6(15)N1C-6N-1	1	Isotopic label	
695	Label:13C(6)15N(1)	13C(6) 15N(1) Silac label	L	anywhere	7.017164	6.9493	(13)C6(15)N1C-6N-1	1	Isotopic label	
696	Label:2H(9)13C(6)15N(2)	13C(6) 15N(2) (D)9 SILAC label	K	anywhere	17.07069	16.9982	(13)C6(15)N2(2)H9C-6H-9N-2	1	Isotopic label	
720	HNE-Delta:H(2)O	Dehydrated 4-hydroxynonenal	K	anywhere	138.104465	138.2069	C9H14O1	1	Chemical derivative	
720	HNE-Delta:H(2)O	Dehydrated 4-hydroxynonenal	H	anywhere	138.104465	138.2069	C9H14O1	1	Chemical derivative	
720	HNE-Delta:H(2)O	Dehydrated 4-hydroxynonenal	C	anywhere	138.104465	138.2069	C9H14O1	1	Chemical derivative	
721	4-ONE	4-Oxononenal (ONE)	K	anywhere	154.09938	154.2063	C9H14O2	1	Chemical derivative	
721	4-ONE	4-Oxononenal (ONE)	H	anywhere	154.09938	154.2063	C9H14O2	1	Chemical derivative	
721	4-ONE	4-Oxononenal (ONE)	C	anywhere	154.09938	154.2063	C9H14O2	1	Chemical derivative	
723	O-Dimethylphosphate	O-Dimethylphosphorylation	Y	anywhere	107.997631	108.0331	C2H5O3P1	1	Chemical derivative	
723	O-Dimethylphosphate	O-Dimethylphosphorylation	T	anywhere	107.997631	108.0331	C2H5O3P1	1	Chemical derivative	
723	O-Dimethylphosphate	O-Dimethylphosphorylation	S	anywhere	107.997631	108.0331	C2H5O3P1	1	Chemical derivative	
724	O-Methylphosphate	O-Methylphosphorylation	Y	anywhere	93.981981	94.0065	C1H3O3P1	1	Chemical derivative	
724	O-Methylphosphate	O-Methylphosphorylation	T	anywhere	93.981981	94.0065	C1H3O3P1	1	Chemical derivative	
724	O-Methylphosphate	O-Methylphosphorylation	S	anywhere	93.981981	94.0065	C1H3O3P1	1	Chemical derivative	
725	Diethylphosphate	O-Diethylphosphorylation	N-term	n-term	136.028931	136.0862	C4H9O3P1	1	Chemical derivative	
725	Diethylphosphate	O-Diethylphosphorylation	H	anywhere	136.028931	136.0862	C4H9O3P1	1	Chemical derivative	
725	Diethylphosphate	O-Diethylphosphorylation	C	anywhere	136.028931	136.0862	C4H9O3P1	1	Chemical derivative	
725	Diethylphosphate	O-Diethylphosphorylation	K	anywhere	136.028931	136.0862	C4H9O3P1	1	Chemical derivative	
725	Diethylphosphate	O-Diethylphosphorylation	Y	anywhere	136.028931	136.0862	C4H9O3P1	1	Chemical derivative	
725	Diethylphosphate	O-Diethylphosphorylation	T	anywhere	136.028931	136.0862	C4H9O3P1	1	Chemical derivative	
725	Diethylphosphate	O-Diethylphosphorylation	S	anywhere	136.028931	136.0862	C4H9O3P1	1	Chemical derivative	
726	Ethylphosphate	O-Ethylphosphorylation	N-term	n-term	107.997631	108.0331	C2H5O3P1	1	Chemical derivative	
726	Ethylphosphate	O-Ethylphosphorylation	K	anywhere	107.997631	108.0331	C2H5O3P1	1	Chemical derivative	
726	Ethylphosphate	O-Ethylphosphorylation	Y	anywhere	107.997631	108.0331	C2H5O3P1	1	Chemical derivative	
726	Ethylphosphate	O-Ethylphosphorylation	T	anywhere	107.997631	108.0331	C2H5O3P1	1	Chemical derivative	
726	Ethylphosphate	O-Ethylphosphorylation	S	anywhere	107.997631	108.0331	C2H5O3P1	1	Chemical derivative	
727	O-pinacolylmethylphosphonate	O-pinacolylmethylphosphonylation	T	anywhere	162.080967	162.1666	C7H15O2P1	1	Chemical derivative	
727	O-pinacolylmethylphosphonate	O-pinacolylmethylphosphonylation	S	anywhere	162.080967	162.1666	C7H15O2P1	1	Chemical derivative	
727	O-pinacolylmethylphosphonate	O-pinacolylmethylphosphonylation	K	anywhere	162.080967	162.1666	C7H15O2P1	1	Chemical derivative	
727	O-pinacolylmethylphosphonate	O-pinacolylmethylphosphonylation	Y	anywhere	162.080967	162.1666	C7H15O2P1	1	Chemical derivative	
727	O-pinacolylmethylphosphonate	O-pinacolylmethylphosphonylation	H	anywhere	162.080967	162.1666	C7H15O2P1	1	Chemical derivative	
728	Methylphosphonate	Methylphosphonylation	Y	anywhere	77.987066	78.0071	C1H3O2P1	1	Chemical derivative	
728	Methylphosphonate	Methylphosphonylation	T	anywhere	77.987066	78.0071	C1H3O2P1	1	Chemical derivative	
728	Methylphosphonate	Methylphosphonylation	S	anywhere	77.987066	78.0071	C1H3O2P1	1	Chemical derivative	
729	O-Isopropylmethylphosphonate	O-Isopropylmethylphosphonylation	Y	anywhere	120.034017	120.0868	C4H9O2P1	1	Chemical derivative	
729	O-Isopropylmethylphosphonate	O-Isopropylmethylphosphonylation	T	anywhere	120.034017	120.0868	C4H9O2P1	1	Chemical derivative	
729	O-Isopropylmethylphosphonate	O-Isopropylmethylphosphonylation	S	anywhere	120.034017	120.0868	C4H9O2P1	1	Chemical derivative	
731	iTRAQ8plex:13C(6)15N(2)	Accurate mass for 115, 118, 119 & 121	Y	anywhere	304.19904	304.3081	(13)C6(15)N2C8H24N2O3	1	Isotopic label	
731	iTRAQ8plex:13C(6)15N(2)	Accurate mass for 115, 118, 119 & 121	N-term	n-term	304.19904	304.3081	(13)C6(15)N2C8H24N2O3	1	Isotopic label	
731	iTRAQ8plex:13C(6)15N(2)	Accurate mass for 115, 118, 119 & 121	K	anywhere	304.19904	304.3081	(13)C6(15)N2C8H24N2O3	1	Isotopic label	
731	iTRAQ8plex:13C(6)15N(2)	Accurate mass for 115, 118, 119 & 121	C	anywhere	304.19904	304.3081	(13)C6(15)N2C8H24N2O3	1	Isotopic label	
735	BEMAD_ST	Beta elimination of modified S or T followed by Michael addition of DTT	T	anywhere	136.001656	136.2357	C4H8O1S2	1	Chemical derivative	
735	BEMAD_ST	Beta elimination of modified S or T followed by Michael addition of DTT	S	anywhere	136.001656	136.2357	C4H8O1S2	1	Chemical derivative	
734	Ethanolamine	Carboxyl modification with ethanolamine	D	anywhere	43.042199	43.0678	C2H5N1	1	Chemical derivative	
734	Ethanolamine	Carboxyl modification with ethanolamine	C-term	c-term	43.042199	43.0678	C2H5N1	1	Chemical derivative	
734	Ethanolamine	Carboxyl modification with ethanolamine	E	anywhere	43.042199	43.0678	C2H5N1	1	Chemical derivative	
734	Ethanolamine	Carboxyl modification with ethanolamine	C	anywhere	43.042199	43.0678	C2H5N1	1	Chemical derivative	
737	TMT6plex	Sixplex Tandem Mass Tag®	T	anywhere	229.162932	229.2634	(13)C4(15)N1C8H20N1O2	1	Isotopic label	
737	TMT6plex	Sixplex Tandem Mass Tag®	S	anywhere	229.162932	229.2634	(13)C4(15)N1C8H20N1O2	1	Isotopic label	
737	TMT6plex	Sixplex Tandem Mass Tag®	H	anywhere	229.162932	229.2634	(13)C4(15)N1C8H20N1O2	1	Isotopic label	
737	TMT6plex	Sixplex Tandem Mass Tag®	N-term	protein-n-term	229.162932	229.2634	(13)C4(15)N1C8H20N1O2	1	Isotopic label	
737	TMT6plex	Sixplex Tandem Mass Tag®	N-term	n-term	229.162932	229.2634	(13)C4(15)N1C8H20N1O2	0	Isotopic label	
737	TMT6plex	Sixplex Tandem Mass Tag®	K	anywhere	229.162932	229.2634	(13)C4(15)N1C8H20N1O2	0	Isotopic label	
736	BEMAD_C	Beta elimination of alkylated Cys followed by Michael addition of DTT	C	anywhere	120.0245	120.1701	C4H8O2S1	1	Chemical derivative	
738	TMT2plex	Duplex Tandem Mass Tag®	T	anywhere	225.155833	225.2921	(13)C1C11H20N2O2	1	Isotopic label	
738	TMT2plex	Duplex Tandem Mass Tag®	S	anywhere	225.155833	225.2921	(13)C1C11H20N2O2	1	Isotopic label	
738	TMT2plex	Duplex Tandem Mass Tag®	H	anywhere	225.155833	225.2921	(13)C1C11H20N2O2	1	Isotopic label	
738	TMT2plex	Duplex Tandem Mass Tag®	N-term	protein-n-term	225.155833	225.2921	(13)C1C11H20N2O2	1	Isotopic label	
738	TMT2plex	Duplex Tandem Mass Tag®	N-term	n-term	225.155833	225.2921	(13)C1C11H20N2O2	0	Isotopic label	
738	TMT2plex	Duplex Tandem Mass Tag®	K	anywhere	225.155833	225.2921	(13)C1C11H20N2O2	0	Isotopic label	
739	TMT	Native Tandem Mass Tag®	H	anywhere	224.152478	224.2994	C12H20N2O2	1	Isotopic label	
739	TMT	Native Tandem Mass Tag®	N-term	protein-n-term	224.152478	224.2994	C12H20N2O2	1	Chemical derivative	
739	TMT	Native Tandem Mass Tag®	N-term	n-term	224.152478	224.2994	C12H20N2O2	1	Chemical derivative	
739	TMT	Native Tandem Mass Tag®	K	anywhere	224.152478	224.2994	C12H20N2O2	1	Chemical derivative	
739	TMT	Native Tandem Mass Tag®	S	anywhere	224.152478	224.2994	C12H20N2O2	1	Isotopic label	
739	TMT	Native Tandem Mass Tag®	T	anywhere	224.152478	224.2994	C12H20N2O2	1	Isotopic label	
740	ExacTagThiol	ExacTag Thiol label mass for 2-4-7-10 plex	C	anywhere	972.365219	972.7268	(13)C12(15)N6C23H50N8O18	1	Isotopic label	
741	ExacTagAmine	ExacTag Amine label mass for 2-4-7-10 plex	K	anywhere	1046.347854	1046.8285	(13)C12(15)N6C25H52N8O19S1	1	Isotopic label	
744	NO_SMX_SEMD	Nitroso Sulfamethoxazole Sulphenamide thiol adduct	C	anywhere	251.036462	251.2618	C10H9N3O3S1	1	Chemical derivative	
743	4-ONE+Delta:H(-2)O(-1)	Dehydrated 4-Oxononenal Michael adduct	K	anywhere	136.088815	136.191	C9H12O1	1	Chemical derivative	
743	4-ONE+Delta:H(-2)O(-1)	Dehydrated 4-Oxononenal Michael adduct	H	anywhere	136.088815	136.191	C9H12O1	1	Chemical derivative	
743	4-ONE+Delta:H(-2)O(-1)	Dehydrated 4-Oxononenal Michael adduct	C	anywhere	136.088815	136.191	C9H12O1	1	Chemical derivative	
2052	Biotin:Aha-DADPS	Intact DADPS Biotin Alkyne tag	M	anywhere	922.465403	923.2022	C42H70N8O11S1Si1	1	Chemical derivative	
746	NO_SMX_SIMD	Nitroso Sulfamethoxazole Sulfinamide thiol adduct	C	anywhere	267.031377	267.2612	C10H9N3O4S1	1	Chemical derivative	
747	Malonyl	Malonylation	K	anywhere	86.000394	86.0462	C3H2O3	1	Post-translational	C1O2@43.989829@44.0095
747	Malonyl	Malonylation	S	anywhere	86.000394	86.0462	C3H2O3	1	Chemical derivative	
747	Malonyl	Malonylation	C	anywhere	86.000394	86.0462	C3H2O3	1	Chemical derivative	
748	3sulfo	derivatization by N-term modification using 3-Sulfobenzoic succinimidyl ester	N-term	n-term	183.983029	184.1693	C7H4O4S1	1	Chemical derivative	
750	trifluoro	trifluoroleucine replacement of leucine	L	anywhere	53.971735	53.9714	F3H-3	1	Non-standard residue	
751	TNBS	tri nitro benzene	N-term	n-term	210.986535	211.0886	C6H1N3O6	1	Chemical derivative	
751	TNBS	tri nitro benzene	K	anywhere	210.986535	211.0886	C6H1N3O6	1	Chemical derivative	
774	Biotin-phenacyl	Alkylation by biotinylated form of phenacyl bromide	C	anywhere	626.263502	626.727	C29H38N8O6S1	1	Chemical derivative	
774	Biotin-phenacyl	Alkylation by biotinylated form of phenacyl bromide	H	anywhere	626.263502	626.727	C29H38N8O6S1	1	Chemical derivative	
774	Biotin-phenacyl	Alkylation by biotinylated form of phenacyl bromide	S	anywhere	626.263502	626.727	C29H38N8O6S1	1	Chemical derivative	
764	BEMAD_C:2H(6)	Beta elimination of alkylated Cys followed by Michael addition of labelled DTT	C	anywhere	126.062161	126.2071	(2)H6C4H2O2S1	1	Isotopic label	
771	lapachenole	lapachenole photochemically added to cysteine	C	anywhere	240.11503	240.297	C16H16O2	1	Chemical derivative	
772	Label:13C(5)	13C(5) Silac label	P	anywhere	5.016774	4.9633	(13)C5C-5	1	Isotopic label	
773	maleimide	maleimide	K	anywhere	97.016378	97.0721	C4H3N1O2	1	Chemical derivative	
773	maleimide	maleimide	C	anywhere	97.016378	97.0721	C4H3N1O2	1	Chemical derivative	
762	IDEnT	Isotope Distribution Encoded Tag	C	anywhere	214.990469	216.064	C9Cl2H7N1O1	1	Isotopic label	
763	BEMAD_ST:2H(6)	Beta elimination of modified S or T followed by Michael addition of labelled DTT	T	anywhere	142.039317	142.2727	(2)H6C4H2O1S2	1	Isotopic label	
763	BEMAD_ST:2H(6)	Beta elimination of modified S or T followed by Michael addition of labelled DTT	S	anywhere	142.039317	142.2727	(2)H6C4H2O1S2	1	Isotopic label	
765	Met-loss	Removal of initiator methionine from protein N-terminus	M	protein-n-term	-131.040485	-131.1961	C-5H-9N-1O-1S-1	1	Co-translational	
766	Met-loss+Acetyl	Removal of initiator methionine from protein N-terminus, then acetylation of the new N-terminus	M	protein-n-term	-89.02992	-89.1594	C-3H-7N-1S-1	1	Co-translational	
767	Menadione-HQ	Menadione hydroquinone derivative	K	anywhere	172.05243	172.18	C11H8O2	1	Chemical derivative	
767	Menadione-HQ	Menadione hydroquinone derivative	C	anywhere	172.05243	172.18	C11H8O2	1	Chemical derivative	
775	Carboxymethyl:13C(2)	Iodoacetic acid derivative w/ 13C label	C	anywhere	60.012189	60.0214	(13)C2H2O2	1	Chemical derivative	
776	NEM:2H(5)	D5 N-ethylmaleimide on cysteines	C	anywhere	130.079062	130.1561	(2)H5C6H2N1O2	1	Chemical derivative	
822	Gly-loss+Amide	Enzymatic glycine removal leaving an amidated C-terminus	G	c-term	-58.005479	-58.0361	C-2H-2O-2	1	Post-translational	
827	TMPP-Ac	tris(2,4,6-trimethoxyphenyl)phosphonium acetic acid N-hydroxysuccinimide ester derivative	N-term	n-term	572.181134	572.5401	C29H33O10P1	1	Chemical derivative	
827	TMPP-Ac	tris(2,4,6-trimethoxyphenyl)phosphonium acetic acid N-hydroxysuccinimide ester derivative	K	anywhere	572.181134	572.5401	C29H33O10P1	1	Artefact	
827	TMPP-Ac	tris(2,4,6-trimethoxyphenyl)phosphonium acetic acid N-hydroxysuccinimide ester derivative	Y	anywhere	572.181134	572.5401	C29H33O10P1	1	Artefact	
799	Label:13C(6)+GG	13C6 labeled ubiquitinylation residue	K	anywhere	120.063056	120.0586	(13)C6C-2H6N2O2	1	Isotopic label	
837	Arg->Npo	Arginine replacement by Nitropyrimidyl ornithine	R	anywhere	80.985078	81.0297	C3H-1N1O2	1	Chemical derivative	
834	Label:2H(4)+Acetyl	Acetyl 4,4,5,5-D4 Lysine	K	anywhere	46.035672	46.0613	(2)H4C2H-2O1	1	Isotopic label	
801	Pentylamine	Labeling transglutaminase substrate on glutamine side chain	Q	anywhere	70.07825	70.1329	C5H10	1	Chemical derivative	
800	Biotin:Thermo-21345	was PentylamineBiotin	Q	anywhere	311.166748	311.4429	C15H25N3O2S1	1	Chemical derivative	
830	Dihydroxyimidazolidine	Dihydroxy methylglyoxal adduct	R	anywhere	72.021129	72.0627	C3H4O2	1	Multiple	
825	Xlink:DFDNB	Intact DFDNB crosslinker	N	anywhere	163.985807	164.0752	C6N2O4	1	Chemical derivative	
825	Xlink:DFDNB	Intact DFDNB crosslinker	Q	anywhere	163.985807	164.0752	C6N2O4	1	Chemical derivative	
825	Xlink:DFDNB	Intact DFDNB crosslinker	R	anywhere	163.985807	164.0752	C6N2O4	1	Chemical derivative	
825	Xlink:DFDNB	Intact DFDNB crosslinker	K	anywhere	163.985807	164.0752	C6N2O4	1	Chemical derivative	
821	Cy3b-maleimide	fluorescent dye that labels cysteines	C	anywhere	682.24612	682.7852	C37H38N4O7S1	1	Chemical derivative	
793	Hex(1)HexNAc(1)	Hex1HexNAc1	N	anywhere	365.132196	365.3331	C14H23N1O10	1	N-linked glycosylation	C14H23N1O10@365.132196@365.3331
793	Hex(1)HexNAc(1)	Hex1HexNAc1	T	anywhere	365.132196	365.3331	C14H23N1O10	1	O-linked glycosylation	C14H23N1O10@365.132196@365.3331
793	Hex(1)HexNAc(1)	Hex1HexNAc1	S	anywhere	365.132196	365.3331	C14H23N1O10	1	O-linked glycosylation	C14H23N1O10@365.132196@365.3331
792	AEC-MAEC:2H(4)	deuterium cysteamine modification to S or T	S	anywhere	63.044462	63.158	(2)H4C2H1N1O-1S1	1	Isotopic label	
792	AEC-MAEC:2H(4)	deuterium cysteamine modification to S or T	T	anywhere	63.044462	63.158	(2)H4C2H1N1O-1S1	1	Isotopic label	
824	Xlink:BMOE	Intact or monolink BMOE crosslinker	C	anywhere	220.048407	220.1815	C10H8N2O4	1	Chemical derivative	
811	Biotin:Thermo-21360	was Biotin-PEO4-hydrazide	C-term	anywhere	487.246455	487.6134	C21H37N5O6S1	1	Chemical derivative	
835	Label:13C(6)+Acetyl	Acetyl 13C(6) Silac label	K	anywhere	48.030694	47.9926	(13)C6C-4H2O1	1	Isotopic label	
836	Label:13C(6)15N(2)+Acetyl	Acetyl_13C(6) 15N(2) Silac label	K	anywhere	50.024764	49.9794	(13)C6(15)N2C-4H2N-2O1	1	Isotopic label	
846	EQIGG	Sumo mutant Smt3-WT tail following trypsin digestion	K	anywhere	484.228162	484.5035	C20H32N6O8	1	Other	
849	cGMP	S-guanylation	S	anywhere	343.031785	343.1895	C10H10N5O7P1	1	Post-translational	
849	cGMP	S-guanylation	C	anywhere	343.031785	343.1895	C10H10N5O7P1	1	Post-translational	
851	cGMP+RMP-loss	S-guanylation-2	C	anywhere	150.041585	150.1182	C5H4N5O1	1	Post-translational	
851	cGMP+RMP-loss	S-guanylation-2	S	anywhere	150.041585	150.1182	C5H4N5O1	1	Post-translational	
888	mTRAQ	mTRAQ light	Y	anywhere	140.094963	140.183	C7H12N2O1	0	Isotopic label	
888	mTRAQ	mTRAQ light	N-term	n-term	140.094963	140.183	C7H12N2O1	0	Isotopic label	
888	mTRAQ	mTRAQ light	K	anywhere	140.094963	140.183	C7H12N2O1	0	Isotopic label	
888	mTRAQ	mTRAQ light	H	anywhere	140.094963	140.183	C7H12N2O1	1	Isotopic label	
888	mTRAQ	mTRAQ light	S	anywhere	140.094963	140.183	C7H12N2O1	1	Isotopic label	
888	mTRAQ	mTRAQ light	T	anywhere	140.094963	140.183	C7H12N2O1	1	Isotopic label	
848	Arg2PG	Adduct of phenylglyoxal with Arg	R	anywhere	266.057909	266.2482	C16H10O4	1	Chemical derivative	
853	Label:2H(4)+GG	Ubiquitination 2H4 lysine	K	anywhere	118.068034	118.1273	(2)H4C4H2N2O2	1	Post-translational	
1420	spermine	spermine adduct	Q	anywhere	185.189198	185.3097	C10H23N3	1	Chemical derivative	
862	Label:13C(1)2H(3)	SILAC	M	anywhere	4.022185	4.0111	(13)C1(2)H3C-1H-3	1	Isotopic label	
861	ZGB	NHS ester linked Green Fluorescent Bodipy Dye	K	anywhere	758.380841	758.7261	B1C37F2H53N6O6S1	1	Other	
861	ZGB	NHS ester linked Green Fluorescent Bodipy Dye	N-term	n-term	758.380841	758.7261	B1C37F2H53N6O6S1	1	Other	
859	MG-H1	Methylglyoxal-derived hydroimidazolone	R	anywhere	54.010565	54.0474	C3H2O1	1	Other	
860	G-H1	Glyoxal-derived hydroimiadazolone	R	anywhere	39.994915	40.0208	C2O1	1	Other	
864	Label:13C(6)15N(2)+GG	13C(6) 15N(2) Lysine glygly	K	anywhere	122.057126	122.0454	(13)C6(15)N2C-2H6O2	1	Isotopic label	
866	ICPL:13C(6)2H(4)	Bruker Daltonics SERVA-ICPL(TM) quantification chemistry, +10 Da form	N-term	n-term	115.0667	115.0747	(13)C6(2)H4H-1N1O1	0	Isotopic label	
866	ICPL:13C(6)2H(4)	Bruker Daltonics SERVA-ICPL(TM) quantification chemistry, +10 Da form	K	anywhere	115.0667	115.0747	(13)C6(2)H4H-1N1O1	0	Isotopic label	
866	ICPL:13C(6)2H(4)	Bruker Daltonics SERVA-ICPL(TM) quantification chemistry, +10 Da form	N-term	protein-n-term	115.0667	115.0747	(13)C6(2)H4H-1N1O1	0	Isotopic label	
890	DyLight-maleimide	Thiol-reactive dye for fluorescence labelling of proteins	C	anywhere	940.1999	941.0762	C39H48N4O15S4	1	Chemical derivative	
889	mTRAQ:13C(3)15N(1)	mTRAQ medium	S	anywhere	144.102063	144.1544	(13)C3(15)N1C4H12N1O1	1	Isotopic label	
889	mTRAQ:13C(3)15N(1)	mTRAQ medium	T	anywhere	144.102063	144.1544	(13)C3(15)N1C4H12N1O1	1	Isotopic label	
889	mTRAQ:13C(3)15N(1)	mTRAQ medium	H	anywhere	144.102063	144.1544	(13)C3(15)N1C4H12N1O1	1	Isotopic label	
889	mTRAQ:13C(3)15N(1)	mTRAQ medium	Y	anywhere	144.102063	144.1544	(13)C3(15)N1C4H12N1O1	0	Isotopic label	
889	mTRAQ:13C(3)15N(1)	mTRAQ medium	N-term	n-term	144.102063	144.1544	(13)C3(15)N1C4H12N1O1	0	Isotopic label	
889	mTRAQ:13C(3)15N(1)	mTRAQ medium	K	anywhere	144.102063	144.1544	(13)C3(15)N1C4H12N1O1	0	Isotopic label	
891	Methyl-PEO12-Maleimide	Methyl-PEO12-Maleimide	C	anywhere	710.383719	710.8073	C32H58N2O15	1	Chemical derivative	
887	MDCC	covalent linkage of maleimidyl coumarin probe (Molecular Probes D-10253)	C	anywhere	383.148121	383.3978	C20H21N3O5	1	Chemical derivative	
877	QQQTGG	SUMOylation by SUMO-2/3	K	anywhere	599.266339	599.5942	C23H37N9O10	1	Other	
876	QEQTGG	SUMOylation by SUMO-1	K	anywhere	600.250354	600.5789	C23H36N8O11	1	Other	
886	HydroxymethylOP	2-ammonio-6-[4-(hydroxymethyl)-3-oxidopyridinium-1-yl]- hexanoate	K	anywhere	108.021129	108.0948	C6H4O2	1	Other	
884	Biotin:Thermo-21325	was ChromoBiotin	K	anywhere	695.310118	695.8288	C34H45N7O7S1	1	Chemical derivative	
885	Label:13C(1)2H(3)+Oxidation	Oxidised methionine 13C(1)2H(3) SILAC label	M	anywhere	20.0171	20.0105	(13)C1(2)H3C-1H-3O1	1	Multiple	
2050	shTMTpro	Super Heavy TMTpro	K	anywhere	313.231019	313.2473	(13)C15(15)N3H25O3	1	Chemical derivative	
2050	shTMTpro	Super Heavy TMTpro	N-term	protein-n-term	313.231019	313.2473	(13)C15(15)N3H25O3	1	Chemical derivative	
2050	shTMTpro	Super Heavy TMTpro	N-term	n-term	313.231019	313.2473	(13)C15(15)N3H25O3	1	Chemical derivative	
895	Biotin-PEG-PRA	Biotin polyethyleneoxide (n=3) alkyne	M	anywhere	578.317646	578.6611	C26H42N8O7	1	Chemical derivative	
896	Met->Aha	Methionine replacement by azido homoalanine	M	anywhere	-4.986324	-5.0794	C-1H-3N3S-1	1	Non-standard residue	
897	Label:15N(4)	SILAC 15N(4)	R	anywhere	3.98814	3.9736	(15)N4N-4	1	Isotopic label	
898	pyrophospho	pyrophosphorylation of Ser/Thr	T	anywhere	159.932662	159.9598	H2O6P2	1	Post-translational	H3O7P2@176.935402@176.9671
898	pyrophospho	pyrophosphorylation of Ser/Thr	S	anywhere	159.932662	159.9598	H2O6P2	1	Post-translational	H3O7P2@176.935402@176.9671
899	Met->Hpg	methionine replacement by homopropargylglycine	M	anywhere	-21.987721	-22.0702	C1H-2S-1	1	Non-standard residue	
901	4AcAllylGal	2,3,4,6-tetra-O-Acetyl-1-allyl-alpha-D-galactopyranoside modification of cysteine	C	anywhere	372.142033	372.3671	C17H24O9	1	Chemical derivative	
902	DimethylArsino	Reaction with dimethylarsinous (AsIII) acid	C	anywhere	103.960719	103.9827	As1C2H5	1	Post-translational	
903	Lys->CamCys	Lys->Cys substitution and carbamidomethylation	K	anywhere	31.935685	32.0219	C-1H-4O1S1	1	Pre-translational	
904	Phe->CamCys	Phe->Cys substitution and carbamidomethylation	F	anywhere	12.962234	13.0204	C-4H-1N1O1S1	1	Pre-translational	
905	Leu->MetOx	Leu->Met substitution and sulfoxidation	L	anywhere	33.951335	34.0378	C-1H-2O1S1	1	Pre-translational	
906	Lys->MetOx	Lys->Met substitution and sulfoxidation	K	anywhere	18.940436	19.0232	C-1H-3N-1O1S1	1	Pre-translational	
907	Galactosyl	Gluconoylation	N-term	n-term	178.047738	178.14	C6H10O6	1	Other glycosylation	
907	Galactosyl	Gluconoylation	K	anywhere	178.047738	178.14	C6H10O6	1	Other glycosylation	
908	Xlink:SMCC[321]	Monolink of SMCC terminated with 3-(dimethylamino)-1-propylamine	C	anywhere	321.205242	321.4146	C17H27N3O3	1	Chemical derivative	
910	Bacillosamine	2,4-diacetamido-2,4,6-trideoxyglucopyranose	N	anywhere	228.111007	228.245	C10H16N2O4	1	N-linked glycosylation	C10H16N2O4@228.111007@228.245
911	MTSL	Cys modification by (1-oxyl-2,2,5,5-tetramethyl-3-pyrroline-3-methyl)methanesulfonate (MTSL)	C	anywhere	184.07961	184.2786	C9H14N1O1S1	1	Chemical derivative	
912	HNE-BAHAH	4-hydroxy-2-nonenal and biotinamidohexanoic acid hydrazide, reduced	H	anywhere	511.319226	511.7209	C25H45N5O4S1	1	Chemical derivative	
912	HNE-BAHAH	4-hydroxy-2-nonenal and biotinamidohexanoic acid hydrazide, reduced	C	anywhere	511.319226	511.7209	C25H45N5O4S1	1	Chemical derivative	
912	HNE-BAHAH	4-hydroxy-2-nonenal and biotinamidohexanoic acid hydrazide, reduced	K	anywhere	511.319226	511.7209	C25H45N5O4S1	1	Chemical derivative	
2039	LTX+Lophotoxin	addition of lophotoxin to tyrosine	Y	anywhere	416.147118	416.4212	C22H24O8	1	Post-translational	
914	Methylmalonylation	Methylmalonylation on Serine	S	anywhere	100.016044	100.0728	C4H4O3	1	Chemical derivative	
938	AROD	Cysteine modifier	C	anywhere	820.336015	820.979	C35H52N10O9S2	1	Chemical derivative	
939	Cys->methylaminoAla	carbamidomethylated Cys that undergoes beta-elimination and Michael addition of methylamine	C	anywhere	-2.945522	-3.0238	C1H3N1S-1	1	Chemical derivative	
940	Cys->ethylaminoAla	Carbamidomethylated Cys that undergoes beta-elimination and Michael addition of ethylamine	C	anywhere	11.070128	11.0028	C2H5N1S-1	1	Chemical derivative	
923	Label:13C(4)15N(2)+GG	13C(4) 15N(2) Lysine glygly	K	anywhere	120.050417	120.0601	(13)C4(15)N2H6O2	1	Isotopic label	
926	ethylamino	ethyl amino	S	anywhere	27.047285	27.0684	C2H5N1O-1	1	Chemical derivative	
926	ethylamino	ethyl amino	T	anywhere	27.047285	27.0684	C2H5N1O-1	1	Chemical derivative	
928	MercaptoEthanol	2-OH-ethyl thio-Ser	S	anywhere	60.003371	60.1182	C2H4S1	1	Chemical derivative	
928	MercaptoEthanol	2-OH-ethyl thio-Ser	T	anywhere	60.003371	60.1182	C2H4S1	1	Chemical derivative	
935	Atto495Maleimide	High molecular absorption maleimide label for proteins	C	anywhere	474.250515	474.5747	C27H32N5O3	1	Chemical derivative	
934	AMTzHexNAc2	Photocleavable Biotin + GalNAz on O-GlcNAc	T	anywhere	502.202341	502.4757	C19H30N6O10	1	Chemical derivative	
934	AMTzHexNAc2	Photocleavable Biotin + GalNAz on O-GlcNAc	S	anywhere	502.202341	502.4757	C19H30N6O10	1	Chemical derivative	
934	AMTzHexNAc2	Photocleavable Biotin + GalNAz on O-GlcNAc	N	anywhere	502.202341	502.4757	C19H30N6O10	1	Chemical derivative	
931	Ethyl+Deamidated	deamidation followed by esterification with ethanol	Q	anywhere	29.015316	29.0379	C2H3N-1O1	1	Chemical derivative	
931	Ethyl+Deamidated	deamidation followed by esterification with ethanol	N	anywhere	29.015316	29.0379	C2H3N-1O1	1	Chemical derivative	
932	VFQQQTGG	SUMOylation by SUMO-2/3 (formic acid cleavage)	K	anywhere	845.403166	845.8991	C37H55N11O12	1	Other	
933	VIEVYQEQTGG	SUMOylation by SUMO-1 (formic acid cleavage)	K	anywhere	1203.577168	1204.2859	C53H81N13O19	1	Other	
936	Chlorination	Chlorination of tyrosine residues	W	anywhere	33.961028	34.4451	Cl1H-1	1	Artefact	
936	Chlorination	Chlorination of tyrosine residues	Y	anywhere	33.961028	34.4451	Cl1H-1	1	Artefact	
937	dichlorination	Dichlorination	C	anywhere	67.922055	68.8901	Cl2H-2	1	Chemical derivative	
937	dichlorination	Dichlorination	Y	anywhere	67.922055	68.8901	Cl2H-2	1	Artefact	
941	DNPS	2,4-Dinitrobenzenesulfenyl	C	anywhere	198.981352	199.164	C6H3N2O4S1	1	Chemical derivative	
941	DNPS	2,4-Dinitrobenzenesulfenyl	W	anywhere	198.981352	199.164	C6H3N2O4S1	1	Chemical derivative	
942	SulfoGMBS	High molecular absorption label for proteins	C	anywhere	458.162391	458.5306	C22H26N4O5S1	1	Other	
943	DimethylamineGMBS	Modified GMBS X linker	C	anywhere	267.158292	267.3241	C13H21N3O3	1	Chemical derivative	
944	Label:15N(2)2H(9)	SILAC label	K	anywhere	11.050561	11.0423	(15)N2(2)H9H-9N-2	1	Isotopic label	
946	LG-anhydrolactam	Levuglandinyl-lysine anhydrolactam adduct	N-term	n-term	314.188195	314.4186	C20H26O3	1	Post-translational	
946	LG-anhydrolactam	Levuglandinyl-lysine anhydrolactam adduct	K	anywhere	314.188195	314.4186	C20H26O3	1	Post-translational	
947	LG-pyrrole	Levuglandinyl-lysine pyrrole adduct	C	anywhere	316.203845	316.4345	C20H28O3	1	Post-translational	
947	LG-pyrrole	Levuglandinyl-lysine pyrrole adduct	N-term	n-term	316.203845	316.4345	C20H28O3	1	Post-translational	
947	LG-pyrrole	Levuglandinyl-lysine pyrrole adduct	K	anywhere	316.203845	316.4345	C20H28O3	1	Post-translational	
948	LG-anhyropyrrole	Levuglandinyl-lysine anhyropyrrole adduct	N-term	n-term	298.19328	298.4192	C20H26O2	1	Post-translational	
948	LG-anhyropyrrole	Levuglandinyl-lysine anhyropyrrole adduct	K	anywhere	298.19328	298.4192	C20H26O2	1	Post-translational	
949	3-deoxyglucosone	Condensation product of 3-deoxyglucosone	R	anywhere	144.042259	144.1253	C6H8O4	1	Multiple	
950	Cation:Li	Replacement of proton by lithium	D	anywhere	6.008178	5.9331	H-1Li1	1	Artefact	
950	Cation:Li	Replacement of proton by lithium	E	anywhere	6.008178	5.9331	H-1Li1	1	Artefact	
950	Cation:Li	Replacement of proton by lithium	C-term	c-term	6.008178	5.9331	H-1Li1	1	Artefact	
951	Cation:Ca[II]	Replacement of 2 protons by calcium	C-term	c-term	37.946941	38.0621	Ca1H-2	1	Artefact	
951	Cation:Ca[II]	Replacement of 2 protons by calcium	E	anywhere	37.946941	38.0621	Ca1H-2	1	Artefact	
951	Cation:Ca[II]	Replacement of 2 protons by calcium	D	anywhere	37.946941	38.0621	Ca1H-2	1	Artefact	
952	Cation:Fe[II]	Replacement of 2 protons by iron	D	anywhere	53.919289	53.8291	Fe1H-2	1	Artefact	
952	Cation:Fe[II]	Replacement of 2 protons by iron	E	anywhere	53.919289	53.8291	Fe1H-2	1	Artefact	
952	Cation:Fe[II]	Replacement of 2 protons by iron	C-term	c-term	53.919289	53.8291	Fe1H-2	1	Artefact	
953	Cation:Ni[II]	Replacement of 2 protons by nickel	D	anywhere	55.919696	56.6775	H-2Ni1	1	Artefact	
953	Cation:Ni[II]	Replacement of 2 protons by nickel	E	anywhere	55.919696	56.6775	H-2Ni1	1	Artefact	
953	Cation:Ni[II]	Replacement of 2 protons by nickel	C-term	c-term	55.919696	56.6775	H-2Ni1	1	Artefact	
954	Cation:Zn[II]	Replacement of 2 protons by zinc	C-term	c-term	61.913495	63.3931	H-2Zn1	1	Artefact	
954	Cation:Zn[II]	Replacement of 2 protons by zinc	E	anywhere	61.913495	63.3931	H-2Zn1	1	Artefact	
954	Cation:Zn[II]	Replacement of 2 protons by zinc	D	anywhere	61.913495	63.3931	H-2Zn1	1	Artefact	
954	Cation:Zn[II]	Replacement of 2 protons by zinc	H	anywhere	61.913495	63.3931	H-2Zn1	1	Artefact	
955	Cation:Ag	Replacement of proton by silver	D	anywhere	105.897267	106.8603	Ag1H-1	1	Artefact	
955	Cation:Ag	Replacement of proton by silver	E	anywhere	105.897267	106.8603	Ag1H-1	1	Artefact	
955	Cation:Ag	Replacement of proton by silver	C-term	c-term	105.897267	106.8603	Ag1H-1	1	Artefact	
956	Cation:Mg[II]	Replacement of 2 protons by magnesium	D	anywhere	21.969392	22.2891	H-2Mg1	1	Artefact	
956	Cation:Mg[II]	Replacement of 2 protons by magnesium	E	anywhere	21.969392	22.2891	H-2Mg1	1	Artefact	
956	Cation:Mg[II]	Replacement of 2 protons by magnesium	C-term	c-term	21.969392	22.2891	H-2Mg1	1	Artefact	
957	2-succinyl	S-(2-succinyl) cysteine	C	anywhere	116.010959	116.0722	C4H4O4	1	Chemical derivative	
958	Propargylamine	propargylamine	D	anywhere	37.031634	37.0632	C3H3N1O-1	1	Chemical derivative	
958	Propargylamine	propargylamine	C-term	c-term	37.031634	37.0632	C3H3N1O-1	1	Chemical derivative	
958	Propargylamine	propargylamine	E	anywhere	37.031634	37.0632	C3H3N1O-1	1	Chemical derivative	
959	Phosphopropargyl	phospho-propargylamine	T	anywhere	116.997965	117.0431	C3H4N1O2P1	1	Multiple	
959	Phosphopropargyl	phospho-propargylamine	Y	anywhere	116.997965	117.0431	C3H4N1O2P1	1	Multiple	
959	Phosphopropargyl	phospho-propargylamine	S	anywhere	116.997965	117.0431	C3H4N1O2P1	1	Multiple	
960	SUMO2135	SUMOylation by SUMO-1 after tryptic cleavage	K	anywhere	2135.920496	2137.2343	C90H137N21O37S1	1	Other	
961	SUMO3549	SUMOylation by SUMO-2/3 after tryptic cleavage	K	anywhere	3549.536568	3551.6672	C150H224N38O60S1	1	Other	
1992	serotonylation	5-glutamyl serotonin	Q	anywhere	159.068414	159.1846	C10H9N1O1	1	Post-translational	
978	BITC	Benzyl isothiocyanate	N-term	n-term	149.02992	149.2129	C8H7N1S1	1	Chemical derivative	
978	BITC	Benzyl isothiocyanate	K	anywhere	149.02992	149.2129	C8H7N1S1	1	Chemical derivative	
978	BITC	Benzyl isothiocyanate	C	anywhere	149.02992	149.2129	C8H7N1S1	1	Chemical derivative	
977	Carbofuran	2,3-dihydro-2,2-dimethyl-7-benzofuranol N-methyl carbamate	S	anywhere	57.021464	57.0513	C2H3N1O1	1	Chemical derivative	
979	PEITC	Phenethyl isothiocyanate	N-term	n-term	163.04557	163.2395	C9H9N1S1	1	Chemical derivative	
979	PEITC	Phenethyl isothiocyanate	K	anywhere	163.04557	163.2395	C9H9N1S1	1	Chemical derivative	
979	PEITC	Phenethyl isothiocyanate	C	anywhere	163.04557	163.2395	C9H9N1S1	1	Chemical derivative	
967	thioacylPA	membrane protein extraction	K	anywhere	159.035399	159.2062	C6H9N1O2S1	1	Chemical derivative	
971	maleimide3	maleimide-3-saccharide	K	anywhere	969.366232	969.8975	C37H59N7O23	1	Post-translational	
971	maleimide3	maleimide-3-saccharide	C	anywhere	969.366232	969.8975	C37H59N7O23	1	Post-translational	
972	maleimide5	maleimide-5-saccharide	K	anywhere	1293.471879	1294.1787	C49H79N7O33	1	Post-translational	
972	maleimide5	maleimide-5-saccharide	C	anywhere	1293.471879	1294.1787	C49H79N7O33	1	Post-translational	
973	Puromycin	Puromycin	C-term	c-term	453.212452	453.4943	C22H27N7O4	1	Co-translational	
981	glucosone	Condensation product of glucosone	R	anywhere	160.037173	160.1247	C6H8O5	1	Other	
986	Label:13C(6)+Dimethyl	Dimethyl 13C(6) Silac label	K	anywhere	34.051429	34.0091	(13)C6C-4H4	1	Isotopic label	
984	cysTMT	Native cysteine-reactive Tandem Mass Tag®	C	anywhere	299.166748	299.4322	C14H25N3O2S1	1	Chemical derivative	
985	cysTMT6plex	cysteine-reactive Sixplex Tandem Mass Tag®	C	anywhere	304.177202	304.3962	(13)C4(15)N1C10H25N2O2S1	1	Isotopic label	
991	ISD_z+2_ion	ISD (z+2)-series	N-term	n-term	-15.010899	-15.0146	H-1N-1	1	Artefact	
989	Ammonium	replacement of proton with ammonium ion	E	anywhere	17.026549	17.0305	H3N1	1	Artefact	
989	Ammonium	replacement of proton with ammonium ion	D	anywhere	17.026549	17.0305	H3N1	1	Artefact	
989	Ammonium	replacement of proton with ammonium ion	C-term	c-term	17.026549	17.0305	H3N1	1	Artefact	
993	Biotin:Sigma-B1267	was Biotin-maleimide	C	anywhere	449.17329	449.5239	C20H27N5O5S1	1	Chemical derivative	
994	Label:15N(1)	15N(1)	M	anywhere	0.997035	0.9934	(15)N1N-1	1	Isotopic label	
994	Label:15N(1)	15N(1)	E	anywhere	0.997035	0.9934	(15)N1N-1	1	Isotopic label	
994	Label:15N(1)	15N(1)	D	anywhere	0.997035	0.9934	(15)N1N-1	1	Isotopic label	
994	Label:15N(1)	15N(1)	L	anywhere	0.997035	0.9934	(15)N1N-1	1	Isotopic label	
994	Label:15N(1)	15N(1)	I	anywhere	0.997035	0.9934	(15)N1N-1	1	Isotopic label	
994	Label:15N(1)	15N(1)	C	anywhere	0.997035	0.9934	(15)N1N-1	1	Isotopic label	
994	Label:15N(1)	15N(1)	T	anywhere	0.997035	0.9934	(15)N1N-1	1	Isotopic label	
994	Label:15N(1)	15N(1)	V	anywhere	0.997035	0.9934	(15)N1N-1	1	Isotopic label	
994	Label:15N(1)	15N(1)	P	anywhere	0.997035	0.9934	(15)N1N-1	1	Isotopic label	
994	Label:15N(1)	15N(1)	S	anywhere	0.997035	0.9934	(15)N1N-1	1	Isotopic label	
994	Label:15N(1)	15N(1)	A	anywhere	0.997035	0.9934	(15)N1N-1	1	Isotopic label	
994	Label:15N(1)	15N(1)	G	anywhere	0.997035	0.9934	(15)N1N-1	1	Isotopic label	
994	Label:15N(1)	15N(1)	Y	anywhere	0.997035	0.9934	(15)N1N-1	1	Isotopic label	
994	Label:15N(1)	15N(1)	F	anywhere	0.997035	0.9934	(15)N1N-1	1	Isotopic label	
995	Label:15N(2)	15N(2)	W	anywhere	1.99407	1.9868	(15)N2N-2	1	Isotopic label	
995	Label:15N(2)	15N(2)	K	anywhere	1.99407	1.9868	(15)N2N-2	1	Isotopic label	
995	Label:15N(2)	15N(2)	Q	anywhere	1.99407	1.9868	(15)N2N-2	1	Isotopic label	
995	Label:15N(2)	15N(2)	N	anywhere	1.99407	1.9868	(15)N2N-2	1	Isotopic label	
996	Label:15N(3)	15N(3)	H	anywhere	2.991105	2.9802	(15)N3N-3	1	Isotopic label	
997	sulfo+amino	aminotyrosine with sulfation	Y	anywhere	94.967714	95.0778	H1N1O3S1	1	Chemical derivative	
1000	AHA-Alkyne	Azidohomoalanine (AHA) bound to propargylglycine-NH2 (alkyne)	M	anywhere	107.077339	107.0504	C4H5N5O1S-1	1	Chemical derivative	
1001	AHA-Alkyne-KDDDD	Azidohomoalanine (AHA) bound to DDDDK-propargylglycine-NH2 (alkyne)	M	anywhere	695.280074	695.5723	C26H37N11O14S-1	1	Chemical derivative	
1002	EGCG1	(-)-epigallocatechin-3-gallate	C	anywhere	456.069261	456.3558	C22H16O11	1	Post-translational	
1003	EGCG2	(-)-dehydroepigallocatechin	C	anywhere	287.055563	287.2442	C15H11O6	1	Post-translational	
1004	Label:13C(6)15N(4)+Methyl	Monomethylated Arg13C(6) 15N(4)	R	anywhere	24.023919	23.9561	(13)C6(15)N4C-5H2N-4	1	Isotopic label	
1005	Label:13C(6)15N(4)+Dimethyl	Dimethylated Arg13C(6) 15N(4)	R	anywhere	38.039569	37.9827	(13)C6(15)N4C-4H4N-4	1	Isotopic label	
1006	Label:13C(6)15N(4)+Methyl:2H(3)13C(1)	2H(3) 13C(1) monomethylated Arg13C(6) 15N(4)	R	anywhere	28.046104	27.9673	(13)C7(15)N4(2)H3C-6H-1N-4	1	Isotopic label	
1007	Label:13C(6)15N(4)+Dimethyl:2H(6)13C(2)	2H(6) 13C(2) Dimethylated Arg13C(6) 15N(4)	R	anywhere	46.083939	46.005	(13)C8(15)N4(2)H6C-6H-2N-4	1	Isotopic label	
1008	Cys->CamSec	Sec Iodoacetamide derivative	C	anywhere	104.965913	103.9463	C2H3N1O1S-1Se1	1	Non-standard residue	
1009	Thiazolidine	formaldehyde adduct	W	anywhere	12	12.0107	C1	1	Chemical derivative	
1009	Thiazolidine	formaldehyde adduct	Y	anywhere	12	12.0107	C1	1	Chemical derivative	
1009	Thiazolidine	formaldehyde adduct	H	anywhere	12	12.0107	C1	1	Chemical derivative	
1009	Thiazolidine	formaldehyde adduct	R	anywhere	12	12.0107	C1	1	Chemical derivative	
1009	Thiazolidine	formaldehyde adduct	K	anywhere	12	12.0107	C1	1	Chemical derivative	
1009	Thiazolidine	formaldehyde adduct	N-term	protein-n-term	12	12.0107	C1	1	Chemical derivative	
1009	Thiazolidine	formaldehyde adduct	C	anywhere	12	12.0107	C1	1	Chemical derivative	
1009	Thiazolidine	formaldehyde adduct	F	anywhere	12	12.0107	C1	1	Chemical derivative	
1010	DEDGFLYMVYASQETFG	Addition of DEDGFLYMVYASQETFG	K	anywhere	1970.824411	1972.088	C89H122N18O31S1	1	Post-translational	H2O1@18.010565@18.0153
1012	Biotin:Invitrogen-M1602	Nalpha-(3-maleimidylpropionyl)biocytin	C	anywhere	523.210069	523.6024	C23H33N5O7S1	1	Chemical derivative	
1020	Xlink:DSS[156]	Water-quenched monolink of DSS/BS3 crosslinker	K	anywhere	156.078644	156.1791	C8H12O3	1	Chemical derivative	
1020	Xlink:DSS[156]	Water-quenched monolink of DSS/BS3 crosslinker	N-term	protein-n-term	156.078644	156.1791	C8H12O3	1	Chemical derivative	
1017	DMPO	DMPO spin-trap nitrone adduct	H	anywhere	111.068414	111.1418	C6H9N1O1	1	Post-translational	
1017	DMPO	DMPO spin-trap nitrone adduct	Y	anywhere	111.068414	111.1418	C6H9N1O1	1	Post-translational	
1017	DMPO	DMPO spin-trap nitrone adduct	C	anywhere	111.068414	111.1418	C6H9N1O1	1	Post-translational	
1014	glycidamide	glycidamide adduct	N-term	n-term	87.032028	87.0773	C3H5N1O2	1	Chemical derivative	
1014	glycidamide	glycidamide adduct	K	anywhere	87.032028	87.0773	C3H5N1O2	1	Chemical derivative	
1015	Ahx2+Hsl	C-terminal homoserine lactone and two aminohexanoic acids	C-term	c-term	309.205242	309.4039	C16H27N3O3	1	Non-standard residue	
1018	ICDID	Isotope-Coded Dimedone light form	C	anywhere	138.06808	138.1638	C8H10O2	1	Isotopic label	
1019	ICDID:2H(6)	Isotope-Coded Dimedone heavy form	C	anywhere	144.10574	144.2008	(2)H6C8H4O2	1	Isotopic label	
1021	Xlink:EGS[244]	Water quenched monolink of EGS cross-linker	N-term	protein-n-term	244.058303	244.1981	C10H12O7	1	Chemical derivative	
1021	Xlink:EGS[244]	Water quenched monolink of EGS cross-linker	K	anywhere	244.058303	244.1981	C10H12O7	1	Chemical derivative	
1022	Xlink:DST[132]	Water quenched monolink of DST crosslinker	N-term	protein-n-term	132.005873	132.0716	C4H4O5	1	Chemical derivative	
1022	Xlink:DST[132]	Water quenched monolink of DST crosslinker	K	anywhere	132.005873	132.0716	C4H4O5	1	Chemical derivative	
1023	Xlink:DTSSP[192]	Water quenched monolink of DSP/DTSSP crosslinker	N-term	protein-n-term	191.991486	192.2559	C6H8O3S2	1	Chemical derivative	
1023	Xlink:DTSSP[192]	Water quenched monolink of DSP/DTSSP crosslinker	K	anywhere	191.991486	192.2559	C6H8O3S2	1	Chemical derivative	
1024	Xlink:SMCC[237]	Water quenched monolink of SMCC	C	anywhere	237.100108	237.2518	C12H15N1O4	1	Chemical derivative	
1024	Xlink:SMCC[237]	Water quenched monolink of SMCC	K	anywhere	237.100108	237.2518	C12H15N1O4	1	Chemical derivative	
1024	Xlink:SMCC[237]	Water quenched monolink of SMCC	N-term	protein-n-term	237.100108	237.2518	C12H15N1O4	1	Chemical derivative	
1032	2-nitrobenzyl	Tyrosine caged with 2-nitrobenzyl (ONB)	Y	anywhere	135.032028	135.1201	C7H5N1O2	1	Chemical derivative	
1027	Xlink:DMP[140]	Water quenched monolink of DMP crosslinker	N-term	protein-n-term	140.094963	140.183	C7H12N2O1	1	Chemical derivative	
1027	Xlink:DMP[140]	Water quenched monolink of DMP crosslinker	K	anywhere	140.094963	140.183	C7H12N2O1	1	Chemical derivative	
1028	Xlink:EGS[115]	Cleavage product of EGS protein crosslinks by hydroylamine treatment	N-term	protein-n-term	115.026943	115.0874	C4H5N1O3	1	Chemical derivative	
1028	Xlink:EGS[115]	Cleavage product of EGS protein crosslinks by hydroylamine treatment	K	anywhere	115.026943	115.0874	C4H5N1O3	1	Chemical derivative	
1033	Cys->SecNEM	N-ethylmaleimide on selenocysteines	C	anywhere	172.992127	172.0203	C6H7N1O2S-1Se1	1	Non-standard residue	
1034	Cys->SecNEM:2H(5)	D5 N-ethylmaleimide on selenocysteines	C	anywhere	178.023511	177.0511	(2)H5C6H2N1O2S-1Se1	1	Chemical derivative	
1035	Thiadiazole	Thiadiazolydation of Cys	C	anywhere	174.025169	174.2223	C9H6N2S1	1	Chemical derivative	
1031	Biotin:Thermo-88310	desthiobiotin modification of lysine	K	anywhere	196.121178	196.2462	C10H16N2O2	1	Chemical derivative	
1038	TAMRA-FP	TAMRA fluorophosphonate modification of serine	Y	anywhere	659.312423	659.7514	C37H46N3O6P1	1	Chemical derivative	
1038	TAMRA-FP	TAMRA fluorophosphonate modification of serine	S	anywhere	659.312423	659.7514	C37H46N3O6P1	1	Chemical derivative	
1039	Biotin:Thermo-21901+H2O	Maleimide-Biotin + Water	C	anywhere	543.236284	543.6336	C23H37N5O8S1	1	Chemical derivative	
1041	Deoxyhypusine	Deoxyhypusine	Q	anywhere	71.073499	71.121	C4H9N1	1	Chemical derivative	
1041	Deoxyhypusine	Deoxyhypusine	K	anywhere	71.073499	71.121	C4H9N1	1	Post-translational	
1042	Acetyldeoxyhypusine	Acetyldeoxyhypusine	K	anywhere	113.084064	113.1576	C6H11N1O1	1	Post-translational	
1043	Acetylhypusine	Acetylhypusine	K	anywhere	129.078979	129.157	C6H11N1O2	1	Post-translational	
1044	Ala->Cys	Ala->Cys substitution	A	anywhere	31.972071	32.065	S1	1	AA substitution	
1045	Ala->Phe	Ala->Phe substitution	A	anywhere	76.0313	76.096	C6H4	1	AA substitution	
1046	Ala->His	Ala->His substitution	A	anywhere	66.021798	66.0614	C3H2N2	1	AA substitution	
1047	Ala->Xle	Ala->Leu/Ile substitution	A	anywhere	42.04695	42.0797	C3H6	1	AA substitution	
1048	Ala->Lys	Ala->Lys substitution	A	anywhere	57.057849	57.0944	C3H7N1	1	AA substitution	
1049	Ala->Met	Ala->Met substitution	A	anywhere	60.003371	60.1182	C2H4S1	1	AA substitution	
1050	Ala->Asn	Ala->Asn substitution	A	anywhere	43.005814	43.0247	C1H1N1O1	1	AA substitution	
1051	Ala->Gln	Ala->Gln substitution	A	anywhere	57.021464	57.0513	C2H3N1O1	1	AA substitution	
1052	Ala->Arg	Ala->Arg substitution	A	anywhere	85.063997	85.1078	C3H7N3	1	AA substitution	
1053	Ala->Trp	Ala->Trp substitution	A	anywhere	115.042199	115.132	C8H5N1	1	AA substitution	
1054	Ala->Tyr	Ala->Tyr substitution	A	anywhere	92.026215	92.0954	C6H4O1	1	AA substitution	
1055	Cys->Ala	Cys->Ala substitution	C	anywhere	-31.972071	-32.065	S-1	1	AA substitution	
1056	Cys->Asp	Cys->Asp substitution	C	anywhere	12.017759	11.9445	C1O2S-1	1	AA substitution	
1057	Cys->Glu	Cys->Glu substitution	C	anywhere	26.033409	25.9711	C2H2O2S-1	1	AA substitution	
1058	Cys->His	Cys->His substitution	C	anywhere	34.049727	33.9964	C3H2N2S-1	1	AA substitution	
1059	Cys->Xle	Cys->Leu/Ile substitution	C	anywhere	10.07488	10.0147	C3H6S-1	1	AA substitution	
1060	Cys->Lys	Cys->Lys substitution	C	anywhere	25.085779	25.0294	C3H7N1S-1	1	AA substitution	
1061	Cys->Met	Cys->Met substitution	C	anywhere	28.0313	28.0532	C2H4	1	AA substitution	
1062	Cys->Asn	Cys->Asn substitution	C	anywhere	11.033743	10.9597	C1H1N1O1S-1	1	AA substitution	
1063	Cys->Pro	Cys->Pro substitution	C	anywhere	-5.956421	-6.0277	C2H2S-1	1	AA substitution	
1064	Cys->Gln	Cys->Gln substitution	C	anywhere	25.049393	24.9863	C2H3N1O1S-1	1	AA substitution	
1065	Cys->Thr	Cys->Thr substitution	C	anywhere	-1.961506	-2.039	C1H2O1S-1	1	AA substitution	
1066	Cys->Val	Cys->Val substitution	C	anywhere	-3.940771	-4.0118	C2H4S-1	1	AA substitution	
1067	Asp->Cys	Asp->Cys substitution	D	anywhere	-12.017759	-11.9445	C-1O-2S1	1	AA substitution	
1068	Asp->Phe	Asp->Phe substitution	D	anywhere	32.041471	32.0865	C5H4O-2	1	AA substitution	
1069	Asp->Xle	Asp->Leu/Ile substitution	D	anywhere	-1.942879	-1.9298	C2H6O-2	1	AA substitution	
1070	Asp->Lys	Asp->Lys substitution	D	anywhere	13.06802	13.0849	C2H7N1O-2	1	AA substitution	
1071	Asp->Met	Asp->Met substitution	D	anywhere	16.013542	16.1087	C1H4O-2S1	1	AA substitution	
1072	Asp->Pro	Asp->Pro substitution	D	anywhere	-17.974179	-17.9722	C1H2O-2	1	AA substitution	
1073	Asp->Gln	Asp->Gln substitution	D	anywhere	13.031634	13.0418	C1H3N1O-1	1	AA substitution	
1074	Asp->Arg	Asp->Arg substitution	D	anywhere	41.074168	41.0983	C2H7N3O-2	1	AA substitution	
1075	Asp->Ser	Asp->Ser substitution	D	anywhere	-27.994915	-28.0101	C-1O-1	1	AA substitution	
1076	Asp->Thr	Asp->Thr substitution	D	anywhere	-13.979265	-13.9835	H2O-1	1	AA substitution	
1077	Asp->Trp	Asp->Trp substitution	D	anywhere	71.05237	71.1225	C7H5N1O-2	1	AA substitution	
1078	Glu->Cys	Glu->Cys substitution	E	anywhere	-26.033409	-25.9711	C-2H-2O-2S1	1	AA substitution	
1079	Glu->Phe	Glu->Phe substitution	E	anywhere	18.025821	18.0599	C4H2O-2	1	AA substitution	
1080	Glu->His	Glu->His substitution	E	anywhere	8.016319	8.0253	C1N2O-2	1	AA substitution	
1081	Glu->Xle	Glu->Leu/Ile substitution	E	anywhere	-15.958529	-15.9563	C1H4O-2	1	AA substitution	
1082	Glu->Met	Glu->Met substitution	E	anywhere	1.997892	2.0821	H2O-2S1	1	AA substitution	
1083	Glu->Asn	Glu->Asn substitution	E	anywhere	-14.999666	-15.0113	C-1H-1N1O-1	1	AA substitution	
1084	Glu->Pro	Glu->Pro substitution	E	anywhere	-31.989829	-31.9988	O-2	1	AA substitution	
1085	Glu->Arg	Glu->Arg substitution	E	anywhere	27.058518	27.0717	C1H5N3O-2	1	AA substitution	
1086	Glu->Ser	Glu->Ser substitution	E	anywhere	-42.010565	-42.0367	C-2H-2O-1	1	AA substitution	
1087	Glu->Thr	Glu->Thr substitution	E	anywhere	-27.994915	-28.0101	C-1O-1	1	AA substitution	
1088	Glu->Trp	Glu->Trp substitution	E	anywhere	57.03672	57.0959	C6H3N1O-2	1	AA substitution	
1089	Glu->Tyr	Glu->Tyr substitution	E	anywhere	34.020735	34.0593	C4H2O-1	1	AA substitution	
1090	Phe->Ala	Phe->Ala substitution	F	anywhere	-76.0313	-76.096	C-6H-4	1	AA substitution	
1091	Phe->Asp	Phe->Asp substitution	F	anywhere	-32.041471	-32.0865	C-5H-4O2	1	AA substitution	
1092	Phe->Glu	Phe->Glu substitution	F	anywhere	-18.025821	-18.0599	C-4H-2O2	1	AA substitution	
1093	Phe->Gly	Phe->Gly substitution	F	anywhere	-90.04695	-90.1225	C-7H-6	1	AA substitution	
1094	Phe->His	Phe->His substitution	F	anywhere	-10.009502	-10.0346	C-3H-2N2	1	AA substitution	
1095	Phe->Lys	Phe->Lys substitution	F	anywhere	-18.973451	-19.0016	C-3H3N1	1	AA substitution	
1096	Phe->Met	Phe->Met substitution	F	anywhere	-16.027929	-15.9778	C-4S1	1	AA substitution	
1097	Phe->Asn	Phe->Asn substitution	F	anywhere	-33.025486	-33.0712	C-5H-3N1O1	1	AA substitution	
1098	Phe->Pro	Phe->Pro substitution	F	anywhere	-50.01565	-50.0587	C-4H-2	1	AA substitution	
1099	Phe->Gln	Phe->Gln substitution	F	anywhere	-19.009836	-19.0446	C-4H-1N1O1	1	AA substitution	
1100	Phe->Arg	Phe->Arg substitution	F	anywhere	9.032697	9.0118	C-3H3N3	1	AA substitution	
1101	Phe->Thr	Phe->Thr substitution	F	anywhere	-46.020735	-46.07	C-5H-2O1	1	AA substitution	
1102	Phe->Trp	Phe->Trp substitution	F	anywhere	39.010899	39.036	C2H1N1	1	AA substitution	
1103	Gly->Phe	Gly->Phe substitution	G	anywhere	90.04695	90.1225	C7H6	1	AA substitution	
1104	Gly->His	Gly->His substitution	G	anywhere	80.037448	80.088	C4H4N2	1	AA substitution	
1105	Gly->Xle	Gly->Leu/Ile substitution	G	anywhere	56.0626	56.1063	C4H8	1	AA substitution	
1106	Gly->Lys	Gly->Lys substitution	G	anywhere	71.073499	71.121	C4H9N1	1	AA substitution	
1107	Gly->Met	Gly->Met substitution	G	anywhere	74.019021	74.1447	C3H6S1	1	AA substitution	
1108	Gly->Asn	Gly->Asn substitution	G	anywhere	57.021464	57.0513	C2H3N1O1	1	AA substitution	
1109	Gly->Pro	Gly->Pro substitution	G	anywhere	40.0313	40.0639	C3H4	1	AA substitution	
1110	Gly->Gln	Gly->Gln substitution	G	anywhere	71.037114	71.0779	C3H5N1O1	1	AA substitution	
1111	Gly->Thr	Gly->Thr substitution	G	anywhere	44.026215	44.0526	C2H4O1	1	AA substitution	
1112	Gly->Tyr	Gly->Tyr substitution	G	anywhere	106.041865	106.1219	C7H6O1	1	AA substitution	
1113	His->Ala	His->Ala substitution	H	anywhere	-66.021798	-66.0614	C-3H-2N-2	1	AA substitution	
1114	His->Cys	His->Cys substitution	H	anywhere	-34.049727	-33.9964	C-3H-2N-2S1	1	AA substitution	
1115	His->Glu	His->Glu substitution	H	anywhere	-8.016319	-8.0253	C-1N-2O2	1	AA substitution	
1116	His->Phe	His->Phe substitution	H	anywhere	10.009502	10.0346	C3H2N-2	1	AA substitution	
1117	His->Gly	His->Gly substitution	H	anywhere	-80.037448	-80.088	C-4H-4N-2	1	AA substitution	
1119	His->Lys	His->Lys substitution	H	anywhere	-8.963949	-8.967	H5N-1	1	AA substitution	
1120	His->Met	His->Met substitution	H	anywhere	-6.018427	-5.9432	C-1H2N-2S1	1	AA substitution	
1121	His->Ser	His->Ser substitution	H	anywhere	-50.026883	-50.062	C-3H-2N-2O1	1	AA substitution	
1122	His->Thr	His->Thr substitution	H	anywhere	-36.011233	-36.0354	C-2N-2O1	1	AA substitution	
1123	His->Val	His->Val substitution	H	anywhere	-37.990498	-38.0082	C-1H2N-2	1	AA substitution	
1124	His->Trp	His->Trp substitution	H	anywhere	49.020401	49.0706	C5H3N-1	1	AA substitution	
1126	Xle->Cys	Leu/Ile->Cys substitution	L	anywhere	-10.07488	-10.0147	C-3H-6S1	1	AA substitution	
1126	Xle->Cys	Leu/Ile->Cys substitution	I	anywhere	-10.07488	-10.0147	C-3H-6S1	1	AA substitution	
1127	Xle->Asp	Leu/Ile->Asp substitution	L	anywhere	1.942879	1.9298	C-2H-6O2	1	AA substitution	
1127	Xle->Asp	Leu/Ile->Asp substitution	I	anywhere	1.942879	1.9298	C-2H-6O2	1	AA substitution	
1128	Xle->Glu	Leu/Ile->Glu substitution	L	anywhere	15.958529	15.9563	C-1H-4O2	1	AA substitution	
1128	Xle->Glu	Leu/Ile->Glu substitution	I	anywhere	15.958529	15.9563	C-1H-4O2	1	AA substitution	
1129	Xle->Gly	Leu/Ile->Gly substitution	L	anywhere	-56.0626	-56.1063	C-4H-8	1	AA substitution	
1129	Xle->Gly	Leu/Ile->Gly substitution	I	anywhere	-56.0626	-56.1063	C-4H-8	1	AA substitution	
1130	Xle->Tyr	Leu/Ile->Tyr substitution	L	anywhere	49.979265	50.0156	C3H-2O1	1	AA substitution	
1130	Xle->Tyr	Leu/Ile->Tyr substitution	I	anywhere	49.979265	50.0156	C3H-2O1	1	AA substitution	
1131	Lys->Ala	Lys->Ala substitution	K	anywhere	-57.057849	-57.0944	C-3H-7N-1	1	AA substitution	
1132	Lys->Cys	Lys->Cys substitution	K	anywhere	-25.085779	-25.0294	C-3H-7N-1S1	1	AA substitution	
1133	Lys->Asp	Lys->Asp substitution	K	anywhere	-13.06802	-13.0849	C-2H-7N-1O2	1	AA substitution	
1134	Lys->Phe	Lys->Phe substitution	K	anywhere	18.973451	19.0016	C3H-3N-1	1	AA substitution	
1135	Lys->Gly	Lys->Gly substitution	K	anywhere	-71.073499	-71.121	C-4H-9N-1	1	AA substitution	
1136	Lys->His	Lys->His substitution	K	anywhere	8.963949	8.967	H-5N1	1	AA substitution	
1137	Lys->Pro	Lys->Pro substitution	K	anywhere	-31.042199	-31.0571	C-1H-5N-1	1	AA substitution	
1138	Lys->Ser	Lys->Ser substitution	K	anywhere	-41.062935	-41.095	C-3H-7N-1O1	1	AA substitution	
1139	Lys->Val	Lys->Val substitution	K	anywhere	-29.026549	-29.0412	C-1H-3N-1	1	AA substitution	
1140	Lys->Trp	Lys->Trp substitution	K	anywhere	57.98435	58.0376	C5H-2	1	AA substitution	
1141	Lys->Tyr	Lys->Tyr substitution	K	anywhere	34.968366	35.001	C3H-3N-1O1	1	AA substitution	
1142	Met->Ala	Met->Ala substitution	M	anywhere	-60.003371	-60.1182	C-2H-4S-1	1	AA substitution	
1143	Met->Cys	Met->Cys substitution	M	anywhere	-28.0313	-28.0532	C-2H-4	1	AA substitution	
1144	Met->Asp	Met->Asp substitution	M	anywhere	-16.013542	-16.1087	C-1H-4O2S-1	1	AA substitution	
1145	Met->Glu	Met->Glu substitution	M	anywhere	-1.997892	-2.0821	H-2O2S-1	1	AA substitution	
1146	Met->Phe	Met->Phe substitution	M	anywhere	16.027929	15.9778	C4S-1	1	AA substitution	
1147	Met->Gly	Met->Gly substitution	M	anywhere	-74.019021	-74.1447	C-3H-6S-1	1	AA substitution	
1148	Met->His	Met->His substitution	M	anywhere	6.018427	5.9432	C1H-2N2S-1	1	AA substitution	
1149	Met->Asn	Met->Asn substitution	M	anywhere	-16.997557	-17.0934	C-1H-3N1O1S-1	1	AA substitution	
1150	Met->Pro	Met->Pro substitution	M	anywhere	-33.987721	-34.0809	H-2S-1	1	AA substitution	
1151	Met->Gln	Met->Gln substitution	M	anywhere	-2.981907	-3.0668	H-1N1O1S-1	1	AA substitution	
1152	Met->Ser	Met->Ser substitution	M	anywhere	-44.008456	-44.1188	C-2H-4O1S-1	1	AA substitution	
1153	Met->Trp	Met->Trp substitution	M	anywhere	55.038828	55.0138	C6H1N1S-1	1	AA substitution	
1154	Met->Tyr	Met->Tyr substitution	M	anywhere	32.022844	31.9772	C4O1S-1	1	AA substitution	
1155	Asn->Ala	Asn->Ala substitution	N	anywhere	-43.005814	-43.0247	C-1H-1N-1O-1	1	AA substitution	
1156	Asn->Cys	Asn->Cys substitution	N	anywhere	-11.033743	-10.9597	C-1H-1N-1O-1S1	1	AA substitution	
1157	Asn->Glu	Asn->Glu substitution	N	anywhere	14.999666	15.0113	C1H1N-1O1	1	AA substitution	
1158	Asn->Phe	Asn->Phe substitution	N	anywhere	33.025486	33.0712	C5H3N-1O-1	1	AA substitution	
1159	Asn->Gly	Asn->Gly substitution	N	anywhere	-57.021464	-57.0513	C-2H-3N-1O-1	1	AA substitution	
1160	Asn->Met	Asn->Met substitution	N	anywhere	16.997557	17.0934	C1H3N-1O-1S1	1	AA substitution	
1161	Asn->Pro	Asn->Pro substitution	N	anywhere	-16.990164	-16.9875	C1H1N-1O-1	1	AA substitution	
1162	Asn->Gln	Asn->Gln substitution	N	anywhere	14.01565	14.0266	C1H2	1	AA substitution	
1163	Asn->Arg	Asn->Arg substitution	N	anywhere	42.058184	42.083	C2H6N2O-1	1	AA substitution	
1164	Asn->Val	Asn->Val substitution	N	anywhere	-14.974514	-14.9716	C1H3N-1O-1	1	AA substitution	
1165	Asn->Trp	Asn->Trp substitution	N	anywhere	72.036386	72.1073	C7H4O-1	1	AA substitution	
1166	Pro->Cys	Pro->Cys substitution	P	anywhere	5.956421	6.0277	C-2H-2S1	1	AA substitution	
1167	Pro->Asp	Pro->Asp substitution	P	anywhere	17.974179	17.9722	C-1H-2O2	1	AA substitution	
1168	Pro->Glu	Pro->Glu substitution	P	anywhere	31.989829	31.9988	O2	1	AA substitution	
1169	Pro->Phe	Pro->Phe substitution	P	anywhere	50.01565	50.0587	C4H2	1	AA substitution	
1170	Pro->Gly	Pro->Gly substitution	P	anywhere	-40.0313	-40.0639	C-3H-4	1	AA substitution	
1171	Pro->Lys	Pro->Lys substitution	P	anywhere	31.042199	31.0571	C1H5N1	1	AA substitution	
1172	Pro->Met	Pro->Met substitution	P	anywhere	33.987721	34.0809	H2S1	1	AA substitution	
1173	Pro->Asn	Pro->Asn substitution	P	anywhere	16.990164	16.9875	C-1H-1N1O1	1	AA substitution	
1174	Pro->Val	Pro->Val substitution	P	anywhere	2.01565	2.0159	H2	1	AA substitution	
1175	Pro->Trp	Pro->Trp substitution	P	anywhere	89.026549	89.0947	C6H3N1	1	AA substitution	
1176	Pro->Tyr	Pro->Tyr substitution	P	anywhere	66.010565	66.0581	C4H2O1	1	AA substitution	
1177	Gln->Ala	Gln->Ala substitution	Q	anywhere	-57.021464	-57.0513	C-2H-3N-1O-1	1	AA substitution	
1178	Gln->Cys	Gln->Cys substitution	Q	anywhere	-25.049393	-24.9863	C-2H-3N-1O-1S1	1	AA substitution	
1179	Gln->Asp	Gln->Asp substitution	Q	anywhere	-13.031634	-13.0418	C-1H-3N-1O1	1	AA substitution	
1180	Gln->Phe	Gln->Phe substitution	Q	anywhere	19.009836	19.0446	C4H1N-1O-1	1	AA substitution	
1181	Gln->Gly	Gln->Gly substitution	Q	anywhere	-71.037114	-71.0779	C-3H-5N-1O-1	1	AA substitution	
1182	Gln->Met	Gln->Met substitution	Q	anywhere	2.981907	3.0668	H1N-1O-1S1	1	AA substitution	
1183	Gln->Asn	Gln->Asn substitution	Q	anywhere	-14.01565	-14.0266	C-1H-2	1	AA substitution	
1184	Gln->Ser	Gln->Ser substitution	Q	anywhere	-41.026549	-41.0519	C-2H-3N-1	1	AA substitution	
1185	Gln->Thr	Gln->Thr substitution	Q	anywhere	-27.010899	-27.0253	C-1H-1N-1	1	AA substitution	
1186	Gln->Val	Gln->Val substitution	Q	anywhere	-28.990164	-28.9982	H1N-1O-1	1	AA substitution	
1187	Gln->Trp	Gln->Trp substitution	Q	anywhere	58.020735	58.0807	C6H2O-1	1	AA substitution	
1188	Gln->Tyr	Gln->Tyr substitution	Q	anywhere	35.004751	35.044	C4H1N-1	1	AA substitution	
1189	Arg->Ala	Arg->Ala substitution	R	anywhere	-85.063997	-85.1078	C-3H-7N-3	1	AA substitution	
1190	Arg->Asp	Arg->Asp substitution	R	anywhere	-41.074168	-41.0983	C-2H-7N-3O2	1	AA substitution	
1191	Arg->Glu	Arg->Glu substitution	R	anywhere	-27.058518	-27.0717	C-1H-5N-3O2	1	AA substitution	
1192	Arg->Asn	Arg->Asn substitution	R	anywhere	-42.058184	-42.083	C-2H-6N-2O1	1	AA substitution	
1193	Arg->Val	Arg->Val substitution	R	anywhere	-57.032697	-57.0546	C-1H-3N-3	1	AA substitution	
1194	Arg->Tyr	Arg->Tyr substitution	R	anywhere	6.962218	6.9876	C3H-3N-3O1	1	AA substitution	
1195	Arg->Phe	Arg->Phe substitution	R	anywhere	-9.032697	-9.0118	C3H-3N-3	1	AA substitution	
1196	Ser->Asp	Ser->Asp substitution	S	anywhere	27.994915	28.0101	C1O1	1	AA substitution	
1197	Ser->Glu	Ser->Glu substitution	S	anywhere	42.010565	42.0367	C2H2O1	1	AA substitution	
1198	Ser->His	Ser->His substitution	S	anywhere	50.026883	50.062	C3H2N2O-1	1	AA substitution	
1199	Ser->Lys	Ser->Lys substitution	S	anywhere	41.062935	41.095	C3H7N1O-1	1	AA substitution	
1200	Ser->Met	Ser->Met substitution	S	anywhere	44.008456	44.1188	C2H4O-1S1	1	AA substitution	
1201	Ser->Gln	Ser->Gln substitution	S	anywhere	41.026549	41.0519	C2H3N1	1	AA substitution	
1202	Ser->Val	Ser->Val substitution	S	anywhere	12.036386	12.0538	C2H4O-1	1	AA substitution	
1203	Thr->Cys	Thr->Cys substitution	T	anywhere	1.961506	2.039	C-1H-2O-1S1	1	AA substitution	
1204	Thr->Asp	Thr->Asp substitution	T	anywhere	13.979265	13.9835	H-2O1	1	AA substitution	
1205	Thr->Glu	Thr->Glu substitution	T	anywhere	27.994915	28.0101	C1O1	1	AA substitution	
1206	Thr->Phe	Thr->Phe substitution	T	anywhere	46.020735	46.07	C5H2O-1	1	AA substitution	
1207	Thr->Gly	Thr->Gly substitution	T	anywhere	-44.026215	-44.0526	C-2H-4O-1	1	AA substitution	
1208	Thr->His	Thr->His substitution	T	anywhere	36.011233	36.0354	C2N2O-1	1	AA substitution	
1209	Thr->Gln	Thr->Gln substitution	T	anywhere	27.010899	27.0253	C1H1N1	1	AA substitution	
1210	Thr->Val	Thr->Val substitution	T	anywhere	-1.979265	-1.9728	C1H2O-1	1	AA substitution	
1211	Thr->Trp	Thr->Trp substitution	T	anywhere	85.031634	85.106	C7H3N1O-1	1	AA substitution	
1212	Thr->Tyr	Thr->Tyr substitution	T	anywhere	62.01565	62.0694	C5H2	1	AA substitution	
1213	Val->Cys	Val->Cys substitution	V	anywhere	3.940771	4.0118	C-2H-4S1	1	AA substitution	
1214	Val->His	Val->His substitution	V	anywhere	37.990498	38.0082	C1H-2N2	1	AA substitution	
1215	Val->Lys	Val->Lys substitution	V	anywhere	29.026549	29.0412	C1H3N1	1	AA substitution	
1216	Val->Asn	Val->Asn substitution	V	anywhere	14.974514	14.9716	C-1H-3N1O1	1	AA substitution	
1217	Val->Pro	Val->Pro substitution	V	anywhere	-2.01565	-2.0159	H-2	1	AA substitution	
1218	Val->Gln	Val->Gln substitution	V	anywhere	28.990164	28.9982	H-1N1O1	1	AA substitution	
1219	Val->Arg	Val->Arg substitution	V	anywhere	57.032697	57.0546	C1H3N3	1	AA substitution	
1220	Val->Ser	Val->Ser substitution	V	anywhere	-12.036386	-12.0538	C-2H-4O1	1	AA substitution	
1221	Val->Thr	Val->Thr substitution	V	anywhere	1.979265	1.9728	C-1H-2O1	1	AA substitution	
1222	Val->Trp	Val->Trp substitution	V	anywhere	87.010899	87.0788	C6H1N1	1	AA substitution	
1223	Val->Tyr	Val->Tyr substitution	V	anywhere	63.994915	64.0422	C4O1	1	AA substitution	
1224	Trp->Ala	Trp->Ala substitution	W	anywhere	-115.042199	-115.132	C-8H-5N-1	1	AA substitution	
1225	Trp->Asp	Trp->Asp substitution	W	anywhere	-71.05237	-71.1225	C-7H-5N-1O2	1	AA substitution	
1226	Trp->Glu	Trp->Glu substitution	W	anywhere	-57.03672	-57.0959	C-6H-3N-1O2	1	AA substitution	
1227	Trp->Phe	Trp->Phe substitution	W	anywhere	-39.010899	-39.036	C-2H-1N-1	1	AA substitution	
1228	Trp->His	Trp->His substitution	W	anywhere	-49.020401	-49.0706	C-5H-3N1	1	AA substitution	
1229	Trp->Lys	Trp->Lys substitution	W	anywhere	-57.98435	-58.0376	C-5H2	1	AA substitution	
1230	Trp->Met	Trp->Met substitution	W	anywhere	-55.038828	-55.0138	C-6H-1N-1S1	1	AA substitution	
1231	Trp->Asn	Trp->Asn substitution	W	anywhere	-72.036386	-72.1073	C-7H-4O1	1	AA substitution	
1232	Trp->Pro	Trp->Pro substitution	W	anywhere	-89.026549	-89.0947	C-6H-3N-1	1	AA substitution	
1233	Trp->Gln	Trp->Gln substitution	W	anywhere	-58.020735	-58.0807	C-6H-2O1	1	AA substitution	
1234	Trp->Thr	Trp->Thr substitution	W	anywhere	-85.031634	-85.106	C-7H-3N-1O1	1	AA substitution	
1235	Trp->Val	Trp->Val substitution	W	anywhere	-87.010899	-87.0788	C-6H-1N-1	1	AA substitution	
1236	Trp->Tyr	Trp->Tyr substitution	W	anywhere	-23.015984	-23.0366	C-2H-1N-1O1	1	AA substitution	
1237	Tyr->Ala	Tyr->Ala substitution	Y	anywhere	-92.026215	-92.0954	C-6H-4O-1	1	AA substitution	
1238	Tyr->Glu	Tyr->Glu substitution	Y	anywhere	-34.020735	-34.0593	C-4H-2O1	1	AA substitution	
1239	Tyr->Gly	Tyr->Gly substitution	Y	anywhere	-106.041865	-106.1219	C-7H-6O-1	1	AA substitution	
1240	Tyr->Lys	Tyr->Lys substitution	Y	anywhere	-34.968366	-35.001	C-3H3N1O-1	1	AA substitution	
1241	Tyr->Met	Tyr->Met substitution	Y	anywhere	-32.022844	-31.9772	C-4O-1S1	1	AA substitution	
1242	Tyr->Pro	Tyr->Pro substitution	Y	anywhere	-66.010565	-66.0581	C-4H-2O-1	1	AA substitution	
1243	Tyr->Gln	Tyr->Gln substitution	Y	anywhere	-35.004751	-35.044	C-4H-1N1	1	AA substitution	
1244	Tyr->Arg	Tyr->Arg substitution	Y	anywhere	-6.962218	-6.9876	C-3H3N3O-1	1	AA substitution	
1245	Tyr->Thr	Tyr->Thr substitution	Y	anywhere	-62.01565	-62.0694	C-5H-2	1	AA substitution	
1246	Tyr->Val	Tyr->Val substitution	Y	anywhere	-63.994915	-64.0422	C-4O-1	1	AA substitution	
1247	Tyr->Trp	Tyr->Trp substitution	Y	anywhere	23.015984	23.0366	C2H1N1O-1	1	AA substitution	
1248	Tyr->Xle	Tyr->Leu/Ile substitution	Y	anywhere	-49.979265	-50.0156	C-3H2O-1	1	AA substitution	
1249	AHA-SS	Azidohomoalanine coupled to reductively cleaved tag	M	anywhere	195.075625	195.1787	C7H9N5O2	1	Multiple	
1250	AHA-SS_CAM	carbamidomethylated form of reductively cleaved tag coupled to azidohomoalanine	M	anywhere	252.097088	252.23	C9H12N6O3	1	Multiple	
1251	Biotin:Thermo-33033	Sulfo-SBED Label Photoreactive Biotin Crosslinker	N-term	anywhere	548.223945	548.7211	C25H36N6O4S2	1	Chemical derivative	
1252	Biotin:Thermo-33033-H	Sulfo-SBED Label Photoreactive Biotin Crosslinker minus Hydrogen	N-term	anywhere	546.208295	546.7053	C25H34N6O4S2	1	Chemical derivative	
1253	2-monomethylsuccinyl	S-(2-monomethylsuccinyl) cysteine	C	anywhere	130.026609	130.0987	C5H6O4	1	Chemical derivative	
1254	Saligenin	o-toluene	H	anywhere	106.041865	106.1219	C7H6O1	1	Chemical derivative	
1254	Saligenin	o-toluene	K	anywhere	106.041865	106.1219	C7H6O1	1	Chemical derivative	
1255	Cresylphosphate	o-toluyl-phosphorylation	R	anywhere	170.013281	170.1024	C7H7O3P1	1	Chemical derivative	
1255	Cresylphosphate	o-toluyl-phosphorylation	S	anywhere	170.013281	170.1024	C7H7O3P1	1	Chemical derivative	
1255	Cresylphosphate	o-toluyl-phosphorylation	T	anywhere	170.013281	170.1024	C7H7O3P1	1	Chemical derivative	
1255	Cresylphosphate	o-toluyl-phosphorylation	Y	anywhere	170.013281	170.1024	C7H7O3P1	1	Chemical derivative	
1255	Cresylphosphate	o-toluyl-phosphorylation	K	anywhere	170.013281	170.1024	C7H7O3P1	1	Chemical derivative	
1255	Cresylphosphate	o-toluyl-phosphorylation	H	anywhere	170.013281	170.1024	C7H7O3P1	1	Chemical derivative	
1256	CresylSaligeninPhosphate	Cresyl-Saligenin-phosphorylation	R	anywhere	276.055146	276.2244	C14H13O4P1	1	Chemical derivative	
1256	CresylSaligeninPhosphate	Cresyl-Saligenin-phosphorylation	S	anywhere	276.055146	276.2244	C14H13O4P1	1	Chemical derivative	
1256	CresylSaligeninPhosphate	Cresyl-Saligenin-phosphorylation	T	anywhere	276.055146	276.2244	C14H13O4P1	1	Chemical derivative	
1256	CresylSaligeninPhosphate	Cresyl-Saligenin-phosphorylation	Y	anywhere	276.055146	276.2244	C14H13O4P1	1	Chemical derivative	
1256	CresylSaligeninPhosphate	Cresyl-Saligenin-phosphorylation	K	anywhere	276.055146	276.2244	C14H13O4P1	1	Chemical derivative	
1256	CresylSaligeninPhosphate	Cresyl-Saligenin-phosphorylation	H	anywhere	276.055146	276.2244	C14H13O4P1	1	Chemical derivative	
1257	Ub-Br2	Ub Bromide probe addition	C	anywhere	100.063663	100.1191	C4H8N2O1	1	Chemical derivative	
1258	Ub-VME	Ubiquitin vinylmethylester	C	anywhere	172.084792	172.1818	C7H12N2O3	1	Chemical derivative	
1261	Ub-fluorescein	Ub Fluorescein probe addition	C	anywhere	597.209772	597.598	C31H29N6O7	1	Chemical derivative	
1262	2-dimethylsuccinyl	S-(2-dimethylsuccinyl) cysteine	C	anywhere	144.042259	144.1253	C6H8O4	1	Chemical derivative	
1263	Gly	Addition of Glycine	T	anywhere	57.021464	57.0513	C2H3N1O1	1	Chemical derivative	
1263	Gly	Addition of Glycine	S	anywhere	57.021464	57.0513	C2H3N1O1	1	Chemical derivative	
1263	Gly	Addition of Glycine	K	anywhere	57.021464	57.0513	C2H3N1O1	1	Chemical derivative	
1264	pupylation	addition of GGE	K	anywhere	243.085521	243.2166	C9H13N3O5	1	Post-translational	
1266	Label:13C(4)	13C4 Methionine label	M	anywhere	4.013419	3.9706	(13)C4C-4	1	Isotopic label	
1271	HCysteinyl	S-homocysteinylation	C	anywhere	133.019749	133.1689	C4H7N1O2S1	1	Post-translational	
1267	Label:13C(4)+Oxidation	Oxidised 13C4 labelled Methionine	M	anywhere	20.008334	19.97	(13)C4C-4O1	1	Isotopic label	
1276	UgiJoullie	Side reaction of HisTag	E	anywhere	1106.48935	1107.1274	C47H60N23O10	1	Chemical derivative	
1276	UgiJoullie	Side reaction of HisTag	D	anywhere	1106.48935	1107.1274	C47H60N23O10	1	Chemical derivative	
1270	HCysThiolactone	N-Homocysteine thiolactone	K	anywhere	117.024835	117.1695	C4H7N1O1S1	1	Post-translational	
1282	UgiJoullieProGly	Side reaction of PG with Side chain of aspartic or glutamic acid	D	anywhere	154.074228	154.1665	C7H10N2O2	1	Chemical derivative	
1282	UgiJoullieProGly	Side reaction of PG with Side chain of aspartic or glutamic acid	E	anywhere	154.074228	154.1665	C7H10N2O2	1	Chemical derivative	
1277	Dipyridyl	Cys modified with dipy ligand	C	anywhere	225.090212	225.2459	C13H11N3O1	1	Chemical derivative	
1278	Furan	Chemical modification of the iodinated sites of thyroglobulin by Suzuki reaction	Y	anywhere	66.010565	66.0581	C4H2O1	1	Chemical derivative	
1279	Difuran	Chemical modification of the diiodinated sites of thyroglobulin by Suzuki reaction	Y	anywhere	132.021129	132.1162	C8H4O2	1	Chemical derivative	
1281	BMP-piperidinol	1-methyl-3-benzoyl-4-hydroxy-4-phenylpiperidine	C	anywhere	263.131014	263.3337	C18H17N1O1	1	Chemical derivative	
1281	BMP-piperidinol	1-methyl-3-benzoyl-4-hydroxy-4-phenylpiperidine	M	anywhere	263.131014	263.3337	C18H17N1O1	1	Chemical derivative	
1283	UgiJoullieProGlyProGly	Side reaction of PGPG with Side chain of aspartic or glutamic acid	D	anywhere	308.148455	308.333	C14H20N4O4	1	Chemical derivative	
1283	UgiJoullieProGlyProGly	Side reaction of PGPG with Side chain of aspartic or glutamic acid	E	anywhere	308.148455	308.333	C14H20N4O4	1	Chemical derivative	
1287	Arg-loss	Loss of arginine due to transpeptidation	R	c-term	-156.101111	-156.1857	C-6H-12N-4O-1	1	Other	
1288	Arg	Addition of arginine due to transpeptidation	N-term	n-term	156.101111	156.1857	C6H12N4O1	1	Other	
1286	IMEHex(2)NeuAc(1)	Glycosylation with IME linked Hex(2) NeuAc	K	anywhere	688.199683	688.6527	C25H40N2O18S1	1	Other glycosylation	
1289	Butyryl	Butyryl	K	anywhere	70.041865	70.0898	C4H6O1	1	Post-translational	
1290	Dicarbamidomethyl	Double Carbamidomethylation	K	anywhere	114.042927	114.1026	C4H6N2O2	1	Artefact	
1290	Dicarbamidomethyl	Double Carbamidomethylation	H	anywhere	114.042927	114.1026	C4H6N2O2	1	Artefact	
1290	Dicarbamidomethyl	Double Carbamidomethylation	C	anywhere	114.042927	114.1026	C4H6N2O2	1	Artefact	
1290	Dicarbamidomethyl	Double Carbamidomethylation	R	anywhere	114.042927	114.1026	C4H6N2O2	1	Artefact	
1290	Dicarbamidomethyl	Double Carbamidomethylation	N-term	n-term	114.042927	114.1026	C4H6N2O2	1	Artefact	
1291	Dimethyl:2H(6)	Dimethyl-Medium	K	anywhere	34.068961	34.0901	(2)H6C2H-2	1	Isotopic label	
1291	Dimethyl:2H(6)	Dimethyl-Medium	N-term	n-term	34.068961	34.0901	(2)H6C2H-2	1	Isotopic label	
1291	Dimethyl:2H(6)	Dimethyl-Medium	R	anywhere	34.068961	34.0901	(2)H6C2H-2	1	Isotopic label	
1292	GGQ	SUMOylation leaving GlyGlyGln	K	anywhere	242.101505	242.2319	C9H14N4O4	1	Other	
1293	QTGG	SUMOylation leaving GlnThrGlyGly	K	anywhere	343.149184	343.3357	C13H21N5O6	1	Other	
1297	Label:13C(3)15N(1)	SILAC or AQUA label	A	anywhere	4.007099	3.9714	(13)C3(15)N1C-3N-1	1	Isotopic label	
1297	Label:13C(3)15N(1)	SILAC or AQUA label	S	anywhere	4.007099	3.9714	(13)C3(15)N1C-3N-1	1	Isotopic label	
1296	Label:13C(3)	13C3 label for SILAC	A	anywhere	3.010064	2.978	(13)C3C-3	1	Isotopic label	
1298	Label:13C(4)15N(1)	13C4 15N1 label for SILAC	D	anywhere	5.010454	4.964	(13)C4(15)N1C-4N-1	1	Isotopic label	
1299	Label:2H(10)	2H(10) label	L	anywhere	10.062767	10.0616	(2)H10H-10	1	Isotopic label	
1300	Label:2H(4)13C(1)	Label:2H(4)13C(1)	R	anywhere	5.028462	5.0173	(13)C1(2)H4C-1H-4	1	Isotopic label	
1301	Lys	Addition of lysine due to transpeptidation	N-term	n-term	128.094963	128.1723	C6H12N2O1	1	Other	
1302	mTRAQ:13C(6)15N(2)	mTRAQ heavy	K	anywhere	148.109162	148.1257	(13)C6(15)N2C1H12O1	0	Isotopic label	
1302	mTRAQ:13C(6)15N(2)	mTRAQ heavy	N-term	n-term	148.109162	148.1257	(13)C6(15)N2C1H12O1	0	Isotopic label	
1302	mTRAQ:13C(6)15N(2)	mTRAQ heavy	Y	anywhere	148.109162	148.1257	(13)C6(15)N2C1H12O1	0	Isotopic label	
1302	mTRAQ:13C(6)15N(2)	mTRAQ heavy	H	anywhere	148.109162	148.1257	(13)C6(15)N2C1H12O1	1	Isotopic label	
1302	mTRAQ:13C(6)15N(2)	mTRAQ heavy	S	anywhere	148.109162	148.1257	(13)C6(15)N2C1H12O1	1	Isotopic label	
1302	mTRAQ:13C(6)15N(2)	mTRAQ heavy	T	anywhere	148.109162	148.1257	(13)C6(15)N2C1H12O1	1	Isotopic label	
1303	NeuAc	N-acetyl neuraminic acid	T	anywhere	291.095417	291.2546	C11H17N1O8	1	O-linked glycosylation	C11H17N1O8@291.095417@291.2546
1303	NeuAc	N-acetyl neuraminic acid	S	anywhere	291.095417	291.2546	C11H17N1O8	1	O-linked glycosylation	C11H17N1O8@291.095417@291.2546
1303	NeuAc	N-acetyl neuraminic acid	N	anywhere	291.095417	291.2546	C11H17N1O8	1	N-linked glycosylation	C11H17N1O8@291.095417@291.2546
1304	NeuGc	N-glycoyl neuraminic acid	T	anywhere	307.090331	307.254	C11H17N1O9	1	O-linked glycosylation	C11H17N1O9@307.090331@307.254
1304	NeuGc	N-glycoyl neuraminic acid	S	anywhere	307.090331	307.254	C11H17N1O9	1	O-linked glycosylation	C11H17N1O9@307.090331@307.254
1304	NeuGc	N-glycoyl neuraminic acid	N	anywhere	307.090331	307.254	C11H17N1O9	1	N-linked glycosylation	C11H17N1O9@307.090331@307.254
1305	Propyl	Propyl	D	anywhere	42.04695	42.0797	C3H6	1	Chemical derivative	
1305	Propyl	Propyl	K	anywhere	42.04695	42.0797	C3H6	1	Isotopic label	
1305	Propyl	Propyl	N-term	n-term	42.04695	42.0797	C3H6	1	Isotopic label	
1305	Propyl	Propyl	E	anywhere	42.04695	42.0797	C3H6	1	Chemical derivative	
1305	Propyl	Propyl	C-term	c-term	42.04695	42.0797	C3H6	1	Chemical derivative	
1305	Propyl	Propyl	C-term	protein-c-term	42.04695	42.0797	C3H6	1	Chemical derivative	
1306	Propyl:2H(6)	Propyl:2H(6)	N-term	n-term	48.084611	48.1167	(2)H6C3	1	Isotopic label	
1306	Propyl:2H(6)	Propyl:2H(6)	K	anywhere	48.084611	48.1167	(2)H6C3	1	Isotopic label	
1310	Propiophenone	Propiophenone	C	anywhere	132.057515	132.1592	C9H8O1	1	Chemical derivative	
1310	Propiophenone	Propiophenone	W	anywhere	132.057515	132.1592	C9H8O1	1	Chemical derivative	
1310	Propiophenone	Propiophenone	T	anywhere	132.057515	132.1592	C9H8O1	1	Chemical derivative	
1310	Propiophenone	Propiophenone	S	anywhere	132.057515	132.1592	C9H8O1	1	Chemical derivative	
1310	Propiophenone	Propiophenone	R	anywhere	132.057515	132.1592	C9H8O1	1	Chemical derivative	
1310	Propiophenone	Propiophenone	K	anywhere	132.057515	132.1592	C9H8O1	1	Chemical derivative	
1310	Propiophenone	Propiophenone	H	anywhere	132.057515	132.1592	C9H8O1	1	Chemical derivative	
1345	PS_Hapten	reaction with phenyl salicylate (PS)	H	anywhere	120.021129	120.1055	C7H4O2	1	Chemical derivative	
1345	PS_Hapten	reaction with phenyl salicylate (PS)	C	anywhere	120.021129	120.1055	C7H4O2	1	Chemical derivative	
1345	PS_Hapten	reaction with phenyl salicylate (PS)	K	anywhere	120.021129	120.1055	C7H4O2	1	Chemical derivative	
1348	Cy3-maleimide	Cy3 Maleimide mono-Reactive dye	C	anywhere	753.262796	753.9046	C37H45N4O9S2	1	Chemical derivative	
1312	Delta:H(6)C(3)O(1)	Reduced acrolein addition +58	N-term	protein-n-term	58.041865	58.0791	C3H6O1	1	Chemical derivative	
1312	Delta:H(6)C(3)O(1)	Reduced acrolein addition +58	K	anywhere	58.041865	58.0791	C3H6O1	1	Chemical derivative	
1312	Delta:H(6)C(3)O(1)	Reduced acrolein addition +58	H	anywhere	58.041865	58.0791	C3H6O1	1	Chemical derivative	
1312	Delta:H(6)C(3)O(1)	Reduced acrolein addition +58	C	anywhere	58.041865	58.0791	C3H6O1	1	Chemical derivative	
1313	Delta:H(8)C(6)O(1)	Reduced acrolein addition +96	N-term	protein-n-term	96.057515	96.1271	C6H8O1	1	Chemical derivative	
1313	Delta:H(8)C(6)O(1)	Reduced acrolein addition +96	K	anywhere	96.057515	96.1271	C6H8O1	1	Chemical derivative	
1314	biotinAcrolein298	biotin hydrazide labeled acrolein addition +298	H	anywhere	298.146347	298.4044	C13H22N4O2S1	1	Chemical derivative	
1314	biotinAcrolein298	biotin hydrazide labeled acrolein addition +298	K	anywhere	298.146347	298.4044	C13H22N4O2S1	1	Chemical derivative	
1314	biotinAcrolein298	biotin hydrazide labeled acrolein addition +298	N-term	protein-n-term	298.146347	298.4044	C13H22N4O2S1	1	Chemical derivative	
1314	biotinAcrolein298	biotin hydrazide labeled acrolein addition +298	C	anywhere	298.146347	298.4044	C13H22N4O2S1	1	Chemical derivative	
1315	MM-diphenylpentanone	3-methyl-5-(methylamino)-1,3-diphenylpentan-1-one	C	anywhere	265.146664	265.3496	C18H19N1O1	1	Chemical derivative	
1317	EHD-diphenylpentanone	2-ethyl-3-hydroxy-1,3-diphenylpentan-1-one	M	anywhere	266.13068	266.3343	C18H18O2	1	Chemical derivative	
1317	EHD-diphenylpentanone	2-ethyl-3-hydroxy-1,3-diphenylpentan-1-one	C	anywhere	266.13068	266.3343	C18H18O2	1	Chemical derivative	
1349	benzylguanidine	modification of the lysine side chain from NH2 to guanidine with a H removed in favor of a benzyl group	K	anywhere	132.068748	132.1625	C8H8N2	1	Chemical derivative	
1350	CarboxymethylDMAP	A fixed +1 charge tag attached to the N-terminus of peptides	N-term	n-term	162.079313	162.1885	C9H10N2O1	1	Chemical derivative	
1320	Biotin:Thermo-21901+2H2O	Maleimide-Biotin + 2Water	C	anywhere	561.246849	561.6489	C23H39N5O9S1	1	Chemical derivative	
1321	DiLeu4plex115	Accurate mass for DiLeu 115 isobaric tag	Y	anywhere	145.12	145.1966	(13)C1(15)N1(18)O1C7H15	1	Isotopic label	
1321	DiLeu4plex115	Accurate mass for DiLeu 115 isobaric tag	N-term	n-term	145.12	145.1966	(13)C1(15)N1(18)O1C7H15	1	Isotopic label	
1321	DiLeu4plex115	Accurate mass for DiLeu 115 isobaric tag	K	anywhere	145.12	145.1966	(13)C1(15)N1(18)O1C7H15	1	Isotopic label	
1322	DiLeu4plex	Accurate mass for DiLeu 116 isobaric tag	N-term	n-term	145.132163	145.2229	(18)O1(2)H2C8H13N1	1	Isotopic label	
1322	DiLeu4plex	Accurate mass for DiLeu 116 isobaric tag	K	anywhere	145.132163	145.2229	(18)O1(2)H2C8H13N1	1	Isotopic label	
1322	DiLeu4plex	Accurate mass for DiLeu 116 isobaric tag	Y	anywhere	145.132163	145.2229	(18)O1(2)H2C8H13N1	1	Isotopic label	
1323	DiLeu4plex117	Accurate mass for DiLeu 117 isobaric tag	Y	anywhere	145.128307	145.2092	(13)C1(15)N1(2)H2C7H13O1	1	Isotopic label	
1323	DiLeu4plex117	Accurate mass for DiLeu 117 isobaric tag	N-term	n-term	145.128307	145.2092	(13)C1(15)N1(2)H2C7H13O1	1	Isotopic label	
1323	DiLeu4plex117	Accurate mass for DiLeu 117 isobaric tag	K	anywhere	145.128307	145.2092	(13)C1(15)N1(2)H2C7H13O1	1	Isotopic label	
1324	DiLeu4plex118	Accurate mass for DiLeu 118 isobaric tag	Y	anywhere	145.140471	145.2354	(2)H4C8H11N1O1	1	Isotopic label	
1324	DiLeu4plex118	Accurate mass for DiLeu 118 isobaric tag	N-term	n-term	145.140471	145.2354	(2)H4C8H11N1O1	1	Isotopic label	
1324	DiLeu4plex118	Accurate mass for DiLeu 118 isobaric tag	K	anywhere	145.140471	145.2354	(2)H4C8H11N1O1	1	Isotopic label	
1887	Xlink:BuUrBu[213]	Ammonia quenched monolink of BuUrBu crosslinker	T	anywhere	213.111341	213.2337	C9H15N3O3	1	Chemical derivative	
1887	Xlink:BuUrBu[213]	Ammonia quenched monolink of BuUrBu crosslinker	S	anywhere	213.111341	213.2337	C9H15N3O3	1	Chemical derivative	
1887	Xlink:BuUrBu[213]	Ammonia quenched monolink of BuUrBu crosslinker	N-term	protein-n-term	213.111341	213.2337	C9H15N3O3	1	Chemical derivative	
1887	Xlink:BuUrBu[213]	Ammonia quenched monolink of BuUrBu crosslinker	K	anywhere	213.111341	213.2337	C9H15N3O3	1	Chemical derivative	
1887	Xlink:BuUrBu[213]	Ammonia quenched monolink of BuUrBu crosslinker	Y	anywhere	213.111341	213.2337	C9H15N3O3	1	Chemical derivative	
1330	bisANS-sulfonates	BisANS with loss of both sulfonates	T	anywhere	434.178299	434.5305	C32H22N2	1	Chemical derivative	
1330	bisANS-sulfonates	BisANS with loss of both sulfonates	S	anywhere	434.178299	434.5305	C32H22N2	1	Chemical derivative	
1330	bisANS-sulfonates	BisANS with loss of both sulfonates	K	anywhere	434.178299	434.5305	C32H22N2	1	Chemical derivative	
1331	DNCB_hapten	Chemical reaction with 2,4-dinitro-1-chloro benzene (DNCB)	Y	anywhere	166.001457	166.0911	C6H2N2O4	1	Chemical derivative	
1331	DNCB_hapten	Chemical reaction with 2,4-dinitro-1-chloro benzene (DNCB)	H	anywhere	166.001457	166.0911	C6H2N2O4	1	Chemical derivative	
1331	DNCB_hapten	Chemical reaction with 2,4-dinitro-1-chloro benzene (DNCB)	K	anywhere	166.001457	166.0911	C6H2N2O4	1	Chemical derivative	
1331	DNCB_hapten	Chemical reaction with 2,4-dinitro-1-chloro benzene (DNCB)	C	anywhere	166.001457	166.0911	C6H2N2O4	1	Chemical derivative	
1326	NEMsulfur	N-ethylmaleimideSulfur	C	anywhere	157.019749	157.1903	C6H7N1O2S1	1	Chemical derivative	
1327	SulfurDioxide	SulfurDioxide	C	anywhere	63.9619	64.0638	O2S1	1	Post-translational	
1328	NEMsulfurWater	N-ethylmaleimideSulfurWater	C	anywhere	175.030314	175.2056	C6H9N1O3S1	1	Chemical derivative	
1389	HN3_mustard	Modification by hydroxylated tris-(2-chloroethyl)amine (HN-3)	C	anywhere	131.094629	131.1729	C6H13N1O2	1	Post-translational	
1389	HN3_mustard	Modification by hydroxylated tris-(2-chloroethyl)amine (HN-3)	H	anywhere	131.094629	131.1729	C6H13N1O2	1	Post-translational	
1389	HN3_mustard	Modification by hydroxylated tris-(2-chloroethyl)amine (HN-3)	K	anywhere	131.094629	131.1729	C6H13N1O2	1	Post-translational	
1387	3-phosphoglyceryl	3-phosphoglyceryl	K	anywhere	167.982375	168.042	C3H5O6P1	1	Post-translational	
1388	HN2_mustard	Modification by hydroxylated mechloroethamine (HN-2)	H	anywhere	101.084064	101.1469	C5H11N1O1	1	Post-translational	
1388	HN2_mustard	Modification by hydroxylated mechloroethamine (HN-2)	K	anywhere	101.084064	101.1469	C5H11N1O1	1	Post-translational	
1388	HN2_mustard	Modification by hydroxylated mechloroethamine (HN-2)	C	anywhere	101.084064	101.1469	C5H11N1O1	1	Post-translational	
1358	NEM:2H(5)+H2O	D5 N-ethylmaleimide+water on cysteines	C	anywhere	148.089627	148.1714	(2)H5C6H4N1O3	1	Chemical derivative	
1363	Crotonyl	Crotonylation	K	anywhere	68.026215	68.074	C4H4O1	1	Post-translational	
1364	O-Et-N-diMePhospho	O-ethyl, N-dimethyl phosphate	S	anywhere	135.044916	135.1015	C4H10N1O2P1	1	Chemical derivative	
1365	N-dimethylphosphate	N-dimethylphosphate	S	anywhere	107.013615	107.0483	C2H6N1O2P1	1	Chemical derivative	
1356	phosphoRibosyl	phosphate-ribosylation	R	anywhere	212.00859	212.0945	C5H9O7P1	1	Post-translational	
1356	phosphoRibosyl	phosphate-ribosylation	E	anywhere	212.00859	212.0945	C5H9O7P1	1	Post-translational	
1356	phosphoRibosyl	phosphate-ribosylation	D	anywhere	212.00859	212.0945	C5H9O7P1	1	Post-translational	
1355	azole	Formation of five membered aromatic heterocycle	C	anywhere	-20.026215	-20.0312	H-4O-1	1	Post-translational	
1355	azole	Formation of five membered aromatic heterocycle	S	anywhere	-20.026215	-20.0312	H-4O-1	1	Post-translational	
1340	Biotin:Thermo-21911	Biotin-PEG11-maleimide	C	anywhere	921.461652	922.0913	C41H71N5O16S1	1	Chemical derivative	
1341	iodoTMT	Native iodoacetyl Tandem Mass Tag®	K	anywhere	324.216141	324.4185	C16H28N4O3	1	Chemical derivative	
1341	iodoTMT	Native iodoacetyl Tandem Mass Tag®	H	anywhere	324.216141	324.4185	C16H28N4O3	1	Chemical derivative	
1341	iodoTMT	Native iodoacetyl Tandem Mass Tag®	E	anywhere	324.216141	324.4185	C16H28N4O3	1	Chemical derivative	
1341	iodoTMT	Native iodoacetyl Tandem Mass Tag®	D	anywhere	324.216141	324.4185	C16H28N4O3	1	Chemical derivative	
1341	iodoTMT	Native iodoacetyl Tandem Mass Tag®	C	anywhere	324.216141	324.4185	C16H28N4O3	1	Chemical derivative	
1342	iodoTMT6plex	Sixplex iodoacetyl Tandem Mass Tag®	K	anywhere	329.226595	329.3825	(13)C4(15)N1C12H28N3O3	1	Chemical derivative	
1342	iodoTMT6plex	Sixplex iodoacetyl Tandem Mass Tag®	H	anywhere	329.226595	329.3825	(13)C4(15)N1C12H28N3O3	1	Chemical derivative	
1342	iodoTMT6plex	Sixplex iodoacetyl Tandem Mass Tag®	E	anywhere	329.226595	329.3825	(13)C4(15)N1C12H28N3O3	1	Chemical derivative	
1342	iodoTMT6plex	Sixplex iodoacetyl Tandem Mass Tag®	D	anywhere	329.226595	329.3825	(13)C4(15)N1C12H28N3O3	1	Chemical derivative	
1342	iodoTMT6plex	Sixplex iodoacetyl Tandem Mass Tag®	C	anywhere	329.226595	329.3825	(13)C4(15)N1C12H28N3O3	1	Chemical derivative	
1787	Label:13C(2)15N(2)	13C(2) 15N(2)	K	anywhere	4.00078	3.9721	(13)C2(15)N2C-2N-2	1	Isotopic label	
1344	Phosphogluconoylation	Phosphogluconoylation	N-term	n-term	258.014069	258.1199	C6H11O9P1	1	Post-translational	
1344	Phosphogluconoylation	Phosphogluconoylation	K	anywhere	258.014069	258.1199	C6H11O9P1	1	Post-translational	
1368	Methyl:2H(3)+Acetyl:2H(3)	3-fold methylated lysine labelled with Acetyl_heavy	K	anywhere	62.063875	62.1002	(2)H6C3H-2O1	1	Isotopic label	
1367	dHex(1)Hex(1)	Hex1dHex1	T	anywhere	308.110732	308.2818	C12H20O9	1	O-linked glycosylation	C12H20O9@308.110732@308.2818
1367	dHex(1)Hex(1)	Hex1dHex1	S	anywhere	308.110732	308.2818	C12H20O9	1	O-linked glycosylation	C12H20O9@308.110732@308.2818
1380	methylsulfonylethyl	reaction with methyl vinyl sulfone	K	anywhere	106.00885	106.1435	C3H6O2S1	1	Chemical derivative	
1380	methylsulfonylethyl	reaction with methyl vinyl sulfone	H	anywhere	106.00885	106.1435	C3H6O2S1	1	Chemical derivative	
1380	methylsulfonylethyl	reaction with methyl vinyl sulfone	C	anywhere	106.00885	106.1435	C3H6O2S1	1	Chemical derivative	
1370	Label:2H(3)+Oxidation	Oxidised 2H(3) labelled Methionine	M	anywhere	19.013745	19.0179	(2)H3H-3O1	1	Isotopic label	
1371	Trimethyl:2H(9)	3-fold methylation with deuterated methyl groups	R	anywhere	51.103441	51.1352	(2)H9C3H-3	1	Isotopic label	
1371	Trimethyl:2H(9)	3-fold methylation with deuterated methyl groups	K	anywhere	51.103441	51.1352	(2)H9C3H-3	1	Isotopic label	
1372	Acetyl:13C(2)	heavy acetylation	K	anywhere	44.017274	44.022	(13)C2H2O1	1	Isotopic label	
1372	Acetyl:13C(2)	heavy acetylation	N-term	protein-n-term	44.017274	44.022	(13)C2H2O1	1	Isotopic label	
1375	dHex(1)Hex(2)	Hex2dHex1	T	anywhere	470.163556	470.4224	C18H30O14	1	O-linked glycosylation	C18H30O14@470.163556@470.4224
1375	dHex(1)Hex(2)	Hex2dHex1	S	anywhere	470.163556	470.4224	C18H30O14	1	O-linked glycosylation	C18H30O14@470.163556@470.4224
1376	dHex(1)Hex(3)	Hex3dHex1	T	anywhere	632.216379	632.563	C24H40O19	1	O-linked glycosylation	C24H40O19@632.216379@632.563
1376	dHex(1)Hex(3)	Hex3dHex1	S	anywhere	632.216379	632.563	C24H40O19	1	O-linked glycosylation	C24H40O19@632.216379@632.563
1377	dHex(1)Hex(4)	Hex4dHex1	T	anywhere	794.269203	794.7036	C30H50O24	1	O-linked glycosylation	C30H50O24@794.269203@794.7036
1377	dHex(1)Hex(4)	Hex4dHex1	S	anywhere	794.269203	794.7036	C30H50O24	1	O-linked glycosylation	C30H50O24@794.269203@794.7036
1378	dHex(1)Hex(5)	Hex5dHex1	T	anywhere	956.322026	956.8442	C36H60O29	1	O-linked glycosylation	C36H60O29@956.322026@956.8442
1378	dHex(1)Hex(5)	Hex5dHex1	S	anywhere	956.322026	956.8442	C36H60O29	1	O-linked glycosylation	C36H60O29@956.322026@956.8442
1379	dHex(1)Hex(6)	Hex6dHex1	T	anywhere	1118.37485	1118.9848	C42H70O34	1	O-linked glycosylation	C42H70O34@1118.37485@1118.9848
1379	dHex(1)Hex(6)	Hex6dHex1	S	anywhere	1118.37485	1118.9848	C42H70O34	1	O-linked glycosylation	C42H70O34@1118.37485@1118.9848
1381	ethylsulfonylethyl	reaction with ethyl vinyl sulfone	H	anywhere	120.0245	120.1701	C4H8O2S1	1	Chemical derivative	
1381	ethylsulfonylethyl	reaction with ethyl vinyl sulfone	C	anywhere	120.0245	120.1701	C4H8O2S1	1	Chemical derivative	
1381	ethylsulfonylethyl	reaction with ethyl vinyl sulfone	K	anywhere	120.0245	120.1701	C4H8O2S1	1	Chemical derivative	
1382	phenylsulfonylethyl	reaction with phenyl vinyl sulfone	C	anywhere	168.0245	168.2129	C8H8O2S1	1	Chemical derivative	
1383	PyridoxalPhosphateH2	PLP bound to lysine reduced by sodium borohydride (NaBH4) to create amine linkage	K	anywhere	231.02966	231.1425	C8H10N1O5P1	1	Chemical derivative	
1384	Homocysteic_acid	methionine oxidation to homocysteic acid	M	anywhere	33.969094	33.9716	C-1H-2O3	1	Artefact	
1385	Hydroxamic_acid	ADP-ribosylation followed by conversion to hydroxamic acid via hydroxylamine	E	anywhere	15.010899	15.0146	H1N1	1	Artefact	
1385	Hydroxamic_acid	ADP-ribosylation followed by conversion to hydroxamic acid via hydroxylamine	D	anywhere	15.010899	15.0146	H1N1	1	Artefact	
1390	Oxidation+NEM	N-ethylmaleimide on cysteine sulfenic acid	C	anywhere	141.042593	141.1247	C6H7N1O3	1	Chemical derivative	
1391	NHS-fluorescein	fluorescein-hexanoate-NHS hydrolysis	K	anywhere	471.131802	471.4581	C27H21N1O7	1	Chemical derivative	
1392	DiART6plex	Representative mass and accurate mass for 114	Y	anywhere	217.162932	217.2527	(13)C4(15)N1C7H20N1O2	1	Isotopic label	
1392	DiART6plex	Representative mass and accurate mass for 114	N-term	protein-n-term	217.162932	217.2527	(13)C4(15)N1C7H20N1O2	1	Isotopic label	
1392	DiART6plex	Representative mass and accurate mass for 114	N-term	n-term	217.162932	217.2527	(13)C4(15)N1C7H20N1O2	1	Isotopic label	
1392	DiART6plex	Representative mass and accurate mass for 114	K	anywhere	217.162932	217.2527	(13)C4(15)N1C7H20N1O2	1	Isotopic label	
1393	DiART6plex115	Accurate mass for DiART6plex 115	K	anywhere	217.156612	217.2535	(13)C3(15)N2C8H20O2	1	Isotopic label	
1393	DiART6plex115	Accurate mass for DiART6plex 115	N-term	n-term	217.156612	217.2535	(13)C3(15)N2C8H20O2	1	Isotopic label	
1393	DiART6plex115	Accurate mass for DiART6plex 115	N-term	protein-n-term	217.156612	217.2535	(13)C3(15)N2C8H20O2	1	Isotopic label	
1393	DiART6plex115	Accurate mass for DiART6plex 115	Y	anywhere	217.156612	217.2535	(13)C3(15)N2C8H20O2	1	Isotopic label	
1394	DiART6plex116/119	Accurate mass for DiART6plex 116 and 119	Y	anywhere	217.168776	217.2797	(13)C2(15)N1(2)H2C9H18N1O2	1	Isotopic label	
1394	DiART6plex116/119	Accurate mass for DiART6plex 116 and 119	N-term	protein-n-term	217.168776	217.2797	(13)C2(15)N1(2)H2C9H18N1O2	1	Isotopic label	
1394	DiART6plex116/119	Accurate mass for DiART6plex 116 and 119	K	anywhere	217.168776	217.2797	(13)C2(15)N1(2)H2C9H18N1O2	1	Isotopic label	
1394	DiART6plex116/119	Accurate mass for DiART6plex 116 and 119	N-term	n-term	217.168776	217.2797	(13)C2(15)N1(2)H2C9H18N1O2	1	Isotopic label	
1395	DiART6plex117	Accurate mass for DiART6plex 117	K	anywhere	217.162456	217.2805	(13)C1(15)N2(2)H2C10H18O2	1	Isotopic label	
1395	DiART6plex117	Accurate mass for DiART6plex 117	N-term	n-term	217.162456	217.2805	(13)C1(15)N2(2)H2C10H18O2	1	Isotopic label	
1395	DiART6plex117	Accurate mass for DiART6plex 117	N-term	protein-n-term	217.162456	217.2805	(13)C1(15)N2(2)H2C10H18O2	1	Isotopic label	
1395	DiART6plex117	Accurate mass for DiART6plex 117	Y	anywhere	217.162456	217.2805	(13)C1(15)N2(2)H2C10H18O2	1	Isotopic label	
1396	DiART6plex118	Accurate mass for DiART6plex 118	K	anywhere	217.175096	217.279	(13)C3(2)H2C8H18N2O2	1	Isotopic label	
1396	DiART6plex118	Accurate mass for DiART6plex 118	N-term	n-term	217.175096	217.279	(13)C3(2)H2C8H18N2O2	1	Isotopic label	
1396	DiART6plex118	Accurate mass for DiART6plex 118	N-term	protein-n-term	217.175096	217.279	(13)C3(2)H2C8H18N2O2	1	Isotopic label	
1396	DiART6plex118	Accurate mass for DiART6plex 118	Y	anywhere	217.175096	217.279	(13)C3(2)H2C8H18N2O2	1	Isotopic label	
1397	Iodoacetanilide	iodoacetanilide derivative	K	anywhere	133.052764	133.1473	C8H7N1O1	1	Artefact	
1397	Iodoacetanilide	iodoacetanilide derivative	C	anywhere	133.052764	133.1473	C8H7N1O1	1	Chemical derivative	
1397	Iodoacetanilide	iodoacetanilide derivative	N-term	n-term	133.052764	133.1473	C8H7N1O1	1	Artefact	
1398	Iodoacetanilide:13C(6)	13C labelled iodoacetanilide derivative	K	anywhere	139.072893	139.1032	(13)C6C2H7N1O1	1	Artefact	
1398	Iodoacetanilide:13C(6)	13C labelled iodoacetanilide derivative	C	anywhere	139.072893	139.1032	(13)C6C2H7N1O1	1	Chemical derivative	
1398	Iodoacetanilide:13C(6)	13C labelled iodoacetanilide derivative	N-term	n-term	139.072893	139.1032	(13)C6C2H7N1O1	1	Artefact	
1399	Dap-DSP	Diaminopimelic acid-DSP monolinked	K	anywhere	364.076278	364.4377	C13H20N2O6S2	1	Chemical derivative	
1399	Dap-DSP	Diaminopimelic acid-DSP monolinked	E	anywhere	364.076278	364.4377	C13H20N2O6S2	1	Non-standard residue	
1399	Dap-DSP	Diaminopimelic acid-DSP monolinked	A	anywhere	364.076278	364.4377	C13H20N2O6S2	1	Non-standard residue	
1400	MurNAc	N-Acetylmuramic acid	A	anywhere	275.100502	275.2552	C11H17N1O7	1	Other glycosylation	
1405	EEEDVIEVYQEQTGG	Sumoylation by SUMO-1 after Cyanogen bromide (CNBr) cleavage	K	anywhere	1705.73189	1706.7153	C72H107N17O31	1	Chemical derivative	
1402	Label:2H(7)15N(4)	Label:2H(7)15N(4)	R	anywhere	11.032077	11.0168	(15)N4(2)H7H-7N-4	1	Isotopic label	
1403	Label:2H(6)15N(1)	Label:2H(6)15N(1)	P	anywhere	7.034695	7.0304	(15)N1(2)H6H-6N-1	1	Isotopic label	
1406	EDEDTIDVFQQQTGG	Sumoylation by SUMO-2/3 after Cyanogen bromide (CNBr) cleavage	K	anywhere	1662.700924	1663.6508	C69H102N18O30	1	Chemical derivative	
1408	Hex(5)HexNAc(4)NeuAc(2)	A2G2S2/G2S2	N	anywhere	2204.772441	2205.9822	C84H136N6O61	1	N-linked glycosylation	C84H136N6O61@2204.772441@2205.9822
1409	Hex(5)HexNAc(4)NeuAc(1)	A2G2S1/G2S1	N	anywhere	1913.677025	1914.7277	C73H119N5O53	1	N-linked glycosylation	C73H119N5O53@1913.677025@1914.7277
1410	dHex(1)Hex(5)HexNAc(4)NeuAc(1)	FA2G2S1/G2FS1	N	anywhere	2059.734933	2060.8689	C79H129N5O57	1	N-linked glycosylation	C79H129N5O57@2059.734933@2060.8689
1411	dHex(1)Hex(5)HexNAc(4)NeuAc(2)	FA2G2S2/G2FS2	N	anywhere	2350.83035	2352.1234	C90H146N6O65	1	N-linked glycosylation	C90H146N6O65@2350.83035@2352.1234
1412	s-GlcNAc	O3S1HexNAc1	T	anywhere	283.036187	283.2557	C8H13N1O8S1	1	O-linked glycosylation	C8H13N1O8S1@283.036187@283.2557
1412	s-GlcNAc	O3S1HexNAc1	S	anywhere	283.036187	283.2557	C8H13N1O8S1	1	O-linked glycosylation	C8H13N1O8S1@283.036187@283.2557
1413	PhosphoHex(2)	H1O3P1Hex2	N	anywhere	404.071978	404.2611	C12H21O13P1	1	N-linked glycosylation	C12H21O13P1@404.071978@404.2611
1413	PhosphoHex(2)	H1O3P1Hex2	T	anywhere	404.071978	404.2611	C12H21O13P1	1	O-linked glycosylation	C12H21O13P1@404.071978@404.2611
1413	PhosphoHex(2)	H1O3P1Hex2	S	anywhere	404.071978	404.2611	C12H21O13P1	1	O-linked glycosylation	C12H21O13P1@404.071978@404.2611
1414	Trimethyl:13C(3)2H(9)	3-fold methylation with fully labelled methyl groups	K	anywhere	54.113505	54.1132	(13)C3(2)H9H-3	1	Isotopic label	
1414	Trimethyl:13C(3)2H(9)	3-fold methylation with fully labelled methyl groups	R	anywhere	54.113505	54.1132	(13)C3(2)H9H-3	1	Isotopic label	
1419	15N-oxobutanoic	Loss of ammonia (15N)	S	protein-n-term	-18.023584	-18.0239	(15)N-1H-3	1	Post-translational	
1419	15N-oxobutanoic	Loss of ammonia (15N)	C	n-term	-18.023584	-18.0239	(15)N-1H-3	1	Artefact	
1419	15N-oxobutanoic	Loss of ammonia (15N)	T	protein-n-term	-18.023584	-18.0239	(15)N-1H-3	1	Post-translational	
1421	spermidine	spermidine adduct	Q	anywhere	128.131349	128.2153	C7H16N2	1	Chemical derivative	
1423	Biotin:Thermo-21330	Biotin_PEG4	N-term	n-term	473.219571	473.5835	C21H35N3O7S1	1	Chemical derivative	
1423	Biotin:Thermo-21330	Biotin_PEG4	K	anywhere	473.219571	473.5835	C21H35N3O7S1	1	Chemical derivative	
1428	Hex(1)Pent(2)	Hex Pent(2)	T	anywhere	426.137341	426.3698	C16H26O13	1	O-linked glycosylation	C16H26O13@426.137341@426.3698
1428	Hex(1)Pent(2)	Hex Pent(2)	S	anywhere	426.137341	426.3698	C16H26O13	1	O-linked glycosylation	C16H26O13@426.137341@426.3698
1425	Pentose	Pentose	T	anywhere	132.042259	132.1146	C5H8O4	1	O-linked glycosylation	C5H8O4@132.042259@132.1146
1425	Pentose	Pentose	S	anywhere	132.042259	132.1146	C5H8O4	1	O-linked glycosylation	C5H8O4@132.042259@132.1146
1426	Hex(1)Pent(1)	Hex Pent	T	anywhere	294.095082	294.2552	C11H18O9	1	O-linked glycosylation	C11H18O9@294.095082@294.2552
1426	Hex(1)Pent(1)	Hex Pent	S	anywhere	294.095082	294.2552	C11H18O9	1	O-linked glycosylation	C11H18O9@294.095082@294.2552
1427	Hex(1)HexA(1)	Hex HexA	T	anywhere	338.084912	338.2647	C12H18O11	1	O-linked glycosylation	C12H18O11@338.084912@338.2647
1427	Hex(1)HexA(1)	Hex HexA	S	anywhere	338.084912	338.2647	C12H18O11	1	O-linked glycosylation	C12H18O11@338.084912@338.2647
1429	Hex(1)HexNAc(1)Phos(1)	Hex HexNAc Phos	T	anywhere	445.098527	445.313	C14H24N1O13P1	1	O-linked glycosylation	C14H24N1O13P1@445.098527@445.313
1429	Hex(1)HexNAc(1)Phos(1)	Hex HexNAc Phos	S	anywhere	445.098527	445.313	C14H24N1O13P1	1	O-linked glycosylation	C14H24N1O13P1@445.098527@445.313
1430	Hex(1)HexNAc(1)Sulf(1)	Hex HexNAc Sulf	T	anywhere	445.089011	445.3963	C14H23N1O13S1	1	O-linked glycosylation	C14H23N1O13S1@445.089011@445.3963
1430	Hex(1)HexNAc(1)Sulf(1)	Hex HexNAc Sulf	S	anywhere	445.089011	445.3963	C14H23N1O13S1	1	O-linked glycosylation	C14H23N1O13S1@445.089011@445.3963
1431	Hex(1)NeuAc(1)	Hex NeuAc ---OR--- HexNAc Kdn	T	anywhere	453.14824	453.3952	C17H27N1O13	1	O-linked glycosylation	C17H27N1O13@453.14824@453.3952
1431	Hex(1)NeuAc(1)	Hex NeuAc ---OR--- HexNAc Kdn	S	anywhere	453.14824	453.3952	C17H27N1O13	1	O-linked glycosylation	C17H27N1O13@453.14824@453.3952
1432	Hex(1)NeuGc(1)	Hex NeuGc	T	anywhere	469.143155	469.3946	C17H27N1O14	1	O-linked glycosylation	C17H27N1O14@469.143155@469.3946
1432	Hex(1)NeuGc(1)	Hex NeuGc	S	anywhere	469.143155	469.3946	C17H27N1O14	1	O-linked glycosylation	C17H27N1O14@469.143155@469.3946
1433	HexNAc(3)	HexNAc(3)	T	anywhere	609.238118	609.5776	C24H39N3O15	1	O-linked glycosylation	C24H39N3O15@609.238118@609.5776
1433	HexNAc(3)	HexNAc(3)	S	anywhere	609.238118	609.5776	C24H39N3O15	1	O-linked glycosylation	C24H39N3O15@609.238118@609.5776
1434	HexNAc(1)NeuAc(1)	HexNAc NeuAc	T	anywhere	494.174789	494.4471	C19H30N2O13	1	O-linked glycosylation	C19H30N2O13@494.174789@494.4471
1434	HexNAc(1)NeuAc(1)	HexNAc NeuAc	S	anywhere	494.174789	494.4471	C19H30N2O13	1	O-linked glycosylation	C19H30N2O13@494.174789@494.4471
1435	HexNAc(1)NeuGc(1)	HexNAc NeuGc	T	anywhere	510.169704	510.4465	C19H30N2O14	1	O-linked glycosylation	C19H30N2O14@510.169704@510.4465
1435	HexNAc(1)NeuGc(1)	HexNAc NeuGc	S	anywhere	510.169704	510.4465	C19H30N2O14	1	O-linked glycosylation	C19H30N2O14@510.169704@510.4465
1444	Hex(2)NeuAc(1)	Hex(2) NeuAc ---OR--- Hex HexNAc Kdn	T	anywhere	615.201064	615.5358	C23H37N1O18	1	O-linked glycosylation	C23H37N1O18@615.201064@615.5358
1444	Hex(2)NeuAc(1)	Hex(2) NeuAc ---OR--- Hex HexNAc Kdn	S	anywhere	615.201064	615.5358	C23H37N1O18	1	O-linked glycosylation	C23H37N1O18@615.201064@615.5358
1436	Hex(1)HexNAc(1)dHex(1)Me(1)	Hex HexNAc dHex Me	T	anywhere	525.205755	525.5009	C21H35N1O14	1	O-linked glycosylation	C21H35N1O14@525.205755@525.5009
1436	Hex(1)HexNAc(1)dHex(1)Me(1)	Hex HexNAc dHex Me	S	anywhere	525.205755	525.5009	C21H35N1O14	1	O-linked glycosylation	C21H35N1O14@525.205755@525.5009
1437	Hex(1)HexNAc(1)dHex(1)Me(2)	Hex HexNAc dHex Me(2)	T	anywhere	539.221405	539.5275	C22H37N1O14	1	O-linked glycosylation	C22H37N1O14@539.221405@539.5275
1437	Hex(1)HexNAc(1)dHex(1)Me(2)	Hex HexNAc dHex Me(2)	S	anywhere	539.221405	539.5275	C22H37N1O14	1	O-linked glycosylation	C22H37N1O14@539.221405@539.5275
1789	Xlink:DSS[155]	Ammonium-quenched monolink of DSS/BS3 crosslinker	N-term	protein-n-term	155.094629	155.1943	C8H13N1O2	1	Chemical derivative	
1789	Xlink:DSS[155]	Ammonium-quenched monolink of DSS/BS3 crosslinker	K	anywhere	155.094629	155.1943	C8H13N1O2	1	Chemical derivative	
1438	Hex(2)HexNAc(1)	Hex(2) HexNAc	N	anywhere	527.18502	527.4737	C20H33N1O15	1	N-linked glycosylation	C20H33N1O15@527.18502@527.4737
1438	Hex(2)HexNAc(1)	Hex(2) HexNAc	T	anywhere	527.18502	527.4737	C20H33N1O15	1	O-linked glycosylation	C20H33N1O15@527.18502@527.4737
1438	Hex(2)HexNAc(1)	Hex(2) HexNAc	S	anywhere	527.18502	527.4737	C20H33N1O15	1	O-linked glycosylation	C20H33N1O15@527.18502@527.4737
1439	Hex(1)HexA(1)HexNAc(1)	Hex HexA HexNAc	T	anywhere	541.164284	541.4572	C20H31N1O16	1	O-linked glycosylation	C20H31N1O16@541.164284@541.4572
1439	Hex(1)HexA(1)HexNAc(1)	Hex HexA HexNAc	S	anywhere	541.164284	541.4572	C20H31N1O16	1	O-linked glycosylation	C20H31N1O16@541.164284@541.4572
1440	Hex(2)HexNAc(1)Me(1)	Hex(2) HexNAc Me	T	anywhere	541.20067	541.5003	C21H35N1O15	1	O-linked glycosylation	C21H35N1O15@541.20067@541.5003
1440	Hex(2)HexNAc(1)Me(1)	Hex(2) HexNAc Me	S	anywhere	541.20067	541.5003	C21H35N1O15	1	O-linked glycosylation	C21H35N1O15@541.20067@541.5003
1441	Hex(1)Pent(3)	Hex Pent(3)	T	anywhere	558.1796	558.4845	C21H34O17	1	O-linked glycosylation	C21H34O17@558.1796@558.4845
1441	Hex(1)Pent(3)	Hex Pent(3)	S	anywhere	558.1796	558.4845	C21H34O17	1	O-linked glycosylation	C21H34O17@558.1796@558.4845
1442	Hex(1)NeuAc(1)Pent(1)	Hex NeuAc Pent	S	anywhere	585.190499	585.5098	C22H35N1O17	1	O-linked glycosylation	C22H35N1O17@585.190499@585.5098
1442	Hex(1)NeuAc(1)Pent(1)	Hex NeuAc Pent	T	anywhere	585.190499	585.5098	C22H35N1O17	1	O-linked glycosylation	C22H35N1O17@585.190499@585.5098
1443	Hex(2)HexNAc(1)Sulf(1)	Hex(2) HexNAc Sulf	T	anywhere	607.141834	607.5369	C20H33N1O18S1	1	O-linked glycosylation	C20H33N1O18S1@607.141834@607.5369
1443	Hex(2)HexNAc(1)Sulf(1)	Hex(2) HexNAc Sulf	S	anywhere	607.141834	607.5369	C20H33N1O18S1	1	O-linked glycosylation	C20H33N1O18S1@607.141834@607.5369
1445	dHex(2)Hex(2)	Hex2 dHex2	S	anywhere	616.221465	616.5636	C24H40O18	1	O-linked glycosylation	C24H40O18@616.221465@616.5636
1445	dHex(2)Hex(2)	Hex2 dHex2	T	anywhere	616.221465	616.5636	C24H40O18	1	O-linked glycosylation	C24H40O18@616.221465@616.5636
1446	dHex(1)Hex(2)HexA(1)	dHex Hex(2) HexA	S	anywhere	646.195644	646.5465	C24H38O20	1	O-linked glycosylation	C24H38O20@646.195644@646.5465
1446	dHex(1)Hex(2)HexA(1)	dHex Hex(2) HexA	T	anywhere	646.195644	646.5465	C24H38O20	1	O-linked glycosylation	C24H38O20@646.195644@646.5465
1447	Hex(1)HexNAc(2)Sulf(1)	Hex HexNAc(2) Sulf	T	anywhere	648.168383	648.5888	C22H36N2O18S1	1	O-linked glycosylation	C22H36N2O18S1@648.168383@648.5888
1447	Hex(1)HexNAc(2)Sulf(1)	Hex HexNAc(2) Sulf	S	anywhere	648.168383	648.5888	C22H36N2O18S1	1	O-linked glycosylation	C22H36N2O18S1@648.168383@648.5888
1448	Hex(4)	Hex(4)	S	anywhere	648.211294	648.5624	C24H40O20	1	O-linked glycosylation	C24H40O20@648.211294@648.5624
1448	Hex(4)	Hex(4)	T	anywhere	648.211294	648.5624	C24H40O20	1	O-linked glycosylation	C24H40O20@648.211294@648.5624
1449	dHex(1)Hex(2)HexNAc(2)Pent(1)	dHex Hex(2) HexNAc(2) Pent	N	anywhere	1008.36456	1008.9221	C39H64N2O28	1	N-linked glycosylation	C39H64N2O28@1008.36456@1008.9221
1450	Hex(2)HexNAc(2)NeuAc(1)	Hex(2) HexNAc(2) NeuAc ---OR--- dHex Hex HexNAc(2) NeuGc	N	anywhere	1021.359809	1021.9208	C39H63N3O28	1	N-linked glycosylation	C39H63N3O28@1021.359809@1021.9208
1450	Hex(2)HexNAc(2)NeuAc(1)	Hex(2) HexNAc(2) NeuAc ---OR--- dHex Hex HexNAc(2) NeuGc	S	anywhere	1021.359809	1021.9208	C39H63N3O28	1	O-linked glycosylation	C39H63N3O28@1021.359809@1021.9208
1450	Hex(2)HexNAc(2)NeuAc(1)	Hex(2) HexNAc(2) NeuAc ---OR--- dHex Hex HexNAc(2) NeuGc	T	anywhere	1021.359809	1021.9208	C39H63N3O28	1	O-linked glycosylation	C39H63N3O28@1021.359809@1021.9208
1451	Hex(3)HexNAc(2)Pent(1)	Hex(3) HexNAc(2) Pent	N	anywhere	1024.359475	1024.9215	C39H64N2O29	1	N-linked glycosylation	C39H64N2O29@1024.359475@1024.9215
1452	Hex(4)HexNAc(2)	Hex(4) HexNAc(2)	N	anywhere	1054.370039	1054.9474	C40H66N2O30	1	N-linked glycosylation	C40H66N2O30@1054.370039@1054.9474
1453	dHex(1)Hex(4)HexNAc(1)Pent(1)	dHex Hex(4) HexNAc Pent	N	anywhere	1129.390834	1130.0107	C43H71N1O33	1	N-linked glycosylation	C43H71N1O33@1129.390834@1130.0107
1454	dHex(1)Hex(3)HexNAc(2)Pent(1)	dHex Hex(3) HexNAc(2) Pent	N	anywhere	1170.417383	1171.0627	C45H74N2O33	1	N-linked glycosylation	C45H74N2O33@1170.417383@1171.0627
1455	Hex(3)HexNAc(2)NeuAc(1)	Hex(3) HexNAc(2) NeuAc	N	anywhere	1183.412632	1184.0614	C45H73N3O33	1	N-linked glycosylation	C45H73N3O33@1183.412632@1184.0614
1456	Hex(4)HexNAc(2)Pent(1)	Hex(4) HexNAc(2) Pent	N	anywhere	1186.412298	1187.0621	C45H74N2O34	1	N-linked glycosylation	C45H74N2O34@1186.412298@1187.0621
1457	Hex(3)HexNAc(3)Pent(1)	Hex(3) HexNAc(3) Pent	N	anywhere	1227.438847	1228.114	C47H77N3O34	1	N-linked glycosylation	C47H77N3O34@1227.438847@1228.114
1458	Hex(5)HexNAc(2)Phos(1)	Hex(5) HexNAc(2) Phos	N	anywhere	1296.389194	1297.0679	C46H77N2O38P1	1	N-linked glycosylation	C46H77N2O38P1@1296.389194@1297.0679
1459	dHex(1)Hex(4)HexNAc(2)Pent(1)	dHex Hex(4) HexNAc(2) Pent	N	anywhere	1332.470207	1333.2033	C51H84N2O38	1	N-linked glycosylation	C51H84N2O38@1332.470207@1333.2033
1460	Hex(7)HexNAc(1)	Hex(7) HexNAc	N	anywhere	1337.449137	1338.1767	C50H83N1O40	1	N-linked glycosylation	C50H83N1O40@1337.449137@1338.1767
1461	Hex(4)HexNAc(2)NeuAc(1)	Hex(4) HexNAc(2) NeuAc ---OR--- Hex(3) HexNAc(2) dHex NeuGc	N	anywhere	1345.465456	1346.202	C51H83N3O38	1	N-linked glycosylation	C51H83N3O38@1345.465456@1346.202
1461	Hex(4)HexNAc(2)NeuAc(1)	Hex(4) HexNAc(2) NeuAc ---OR--- Hex(3) HexNAc(2) dHex NeuGc	S	anywhere	1345.465456	1346.202	C51H83N3O38	1	O-linked glycosylation	C51H83N3O38@1345.465456@1346.202
1461	Hex(4)HexNAc(2)NeuAc(1)	Hex(4) HexNAc(2) NeuAc ---OR--- Hex(3) HexNAc(2) dHex NeuGc	T	anywhere	1345.465456	1346.202	C51H83N3O38	1	O-linked glycosylation	C51H83N3O38@1345.465456@1346.202
1462	dHex(1)Hex(5)HexNAc(2)	dHex Hex(5) HexNAc(2)	N	anywhere	1362.480772	1363.2292	C52H86N2O39	1	N-linked glycosylation	C52H86N2O39@1362.480772@1363.2292
1463	dHex(1)Hex(3)HexNAc(3)Pent(1)	dHex Hex(3) HexNAc(3) Pent	N	anywhere	1373.496756	1374.2552	C53H87N3O38	1	N-linked glycosylation	C53H87N3O38@1373.496756@1374.2552
1464	Hex(3)HexNAc(4)Sulf(1)	Hex(3) HexNAc(4) Sulf	N	anywhere	1378.432776	1379.2551	C50H82N4O38S1	1	N-linked glycosylation	C50H82N4O38S1@1378.432776@1379.2551
1465	Hex(6)HexNAc(2)	M6/Man6	N	anywhere	1378.475686	1379.2286	C52H86N2O40	1	N-linked glycosylation	C52H86N2O40@1378.475686@1379.2286
1466	Hex(4)HexNAc(3)Pent(1)	Hex(4) HexNAc(3) Pent	N	anywhere	1389.491671	1390.2546	C53H87N3O39	1	N-linked glycosylation	C53H87N3O39@1389.491671@1390.2546
1467	dHex(1)Hex(4)HexNAc(3)	dHex Hex(4) HexNAc(3)	N	anywhere	1403.507321	1404.2812	C54H89N3O39	1	N-linked glycosylation	C54H89N3O39@1403.507321@1404.2812
1468	Hex(5)HexNAc(3)	Hex(5) HexNAc(3)	N	anywhere	1419.502235	1420.2806	C54H89N3O40	1	N-linked glycosylation	C54H89N3O40@1419.502235@1420.2806
1469	Hex(3)HexNAc(4)Pent(1)	Hex(3) HexNAc(4) Pent	N	anywhere	1430.51822	1431.3065	C55H90N4O39	1	N-linked glycosylation	C55H90N4O39@1430.51822@1431.3065
1470	Hex(6)HexNAc(2)Phos(1)	Hex(6) HexNAc(2) Phos	N	anywhere	1458.442017	1459.2085	C52H87N2O43P1	1	N-linked glycosylation	C52H87N2O43P1@1458.442017@1459.2085
1471	dHex(1)Hex(4)HexNAc(3)Sulf(1)	dHex Hex(4) HexNAc(3) Sulf	N	anywhere	1483.464135	1484.3444	C54H89N3O42S1	1	N-linked glycosylation	C54H89N3O42S1@1483.464135@1484.3444
1472	dHex(1)Hex(5)HexNAc(2)Pent(1)	dHex Hex(5) HexNAc(2) Pent	N	anywhere	1494.52303	1495.3439	C57H94N2O43	1	N-linked glycosylation	C57H94N2O43@1494.52303@1495.3439
1473	Hex(8)HexNAc(1)	Hex(8) HexNAc	N	anywhere	1499.501961	1500.3173	C56H93N1O45	1	N-linked glycosylation	C56H93N1O45@1499.501961@1500.3173
1474	dHex(1)Hex(3)HexNAc(3)Pent(2)	dHex Hex(3) HexNAc(3) Pent(2)	N	anywhere	1505.539015	1506.3698	C58H95N3O42	1	N-linked glycosylation	C58H95N3O42@1505.539015@1506.3698
1475	dHex(2)Hex(3)HexNAc(3)Pent(1)	dHex(2) Hex(3) HexNAc(3) Pent	N	anywhere	1519.554665	1520.3964	C59H97N3O42	1	N-linked glycosylation	C59H97N3O42@1519.554665@1520.3964
1476	dHex(1)Hex(3)HexNAc(4)Sulf(1)	dHex Hex(3) HexNAc(4) Sulf	N	anywhere	1524.490684	1525.3963	C56H92N4O42S1	1	N-linked glycosylation	C56H92N4O42S1@1524.490684@1525.3963
1477	dHex(1)Hex(6)HexNAc(2)	dHex Hex(6) HexNAc(2)	N	anywhere	1524.533595	1525.3698	C58H96N2O44	1	N-linked glycosylation	C58H96N2O44@1524.533595@1525.3698
1478	dHex(1)Hex(4)HexNAc(3)Pent(1)	dHex Hex(4) HexNAc(3) Pent	N	anywhere	1535.549579	1536.3958	C59H97N3O43	1	N-linked glycosylation	C59H97N3O43@1535.549579@1536.3958
1479	Hex(4)HexNAc(4)Sulf(1)	Hex(4) HexNAc(4) Sulf	N	anywhere	1540.485599	1541.3957	C56H92N4O43S1	1	N-linked glycosylation	C56H92N4O43S1@1540.485599@1541.3957
1480	Hex(7)HexNAc(2)	M7/Man7	N	anywhere	1540.52851	1541.3692	C58H96N2O45	1	N-linked glycosylation	C58H96N2O45@1540.52851@1541.3692
1481	dHex(2)Hex(4)HexNAc(3)	dHex(2) Hex(4) HexNAc(3)	N	anywhere	1549.56523	1550.4224	C60H99N3O43	1	N-linked glycosylation	C60H99N3O43@1549.56523@1550.4224
1482	Hex(5)HexNAc(3)Pent(1)	Hex(5) HexNAc(3) Pent	N	anywhere	1551.544494	1552.3952	C59H97N3O44	1	N-linked glycosylation	C59H97N3O44@1551.544494@1552.3952
1483	Hex(4)HexNAc(3)NeuGc(1)	Hex(4) HexNAc(3) NeuGc	N	anywhere	1564.539743	1565.3939	C59H96N4O44	1	N-linked glycosylation	C59H96N4O44@1564.539743@1565.3939
1484	dHex(1)Hex(5)HexNAc(3)	dHex Hex(5) HexNAc(3)	N	anywhere	1565.560144	1566.4218	C60H99N3O44	1	N-linked glycosylation	C60H99N3O44@1565.560144@1566.4218
1485	dHex(1)Hex(3)HexNAc(4)Pent(1)	dHex Hex(3) HexNAc(4) Pent	N	anywhere	1576.576129	1577.4477	C61H100N4O43	1	N-linked glycosylation	C61H100N4O43@1576.576129@1577.4477
1486	Hex(3)HexNAc(5)Sulf(1)	Hex(3) HexNAc(5) Sulf	N	anywhere	1581.512148	1582.4476	C58H95N5O43S1	1	N-linked glycosylation	C58H95N5O43S1@1581.512148@1582.4476
1487	Hex(6)HexNAc(3)	Hex(6) HexNAc(3)	N	anywhere	1581.555059	1582.4212	C60H99N3O45	1	N-linked glycosylation	C60H99N3O45@1581.555059@1582.4212
1488	Hex(3)HexNAc(4)NeuAc(1)	Hex(3) HexNAc(4) NeuAc ---OR--- Hex(2) HexNAc(4) dHex NeuGc	N	anywhere	1589.571378	1590.4465	C61H99N5O43	1	N-linked glycosylation	C61H99N5O43@1589.571378@1590.4465
1489	Hex(4)HexNAc(4)Pent(1)	Hex(4) HexNAc(4) Pent	N	anywhere	1592.571043	1593.4471	C61H100N4O44	1	N-linked glycosylation	C61H100N4O44@1592.571043@1593.4471
1490	Hex(7)HexNAc(2)Phos(1)	Hex(7) HexNAc(2) Phos	N	anywhere	1620.494841	1621.3491	C58H97N2O48P1	1	N-linked glycosylation	C58H97N2O48P1@1620.494841@1621.3491
1491	Hex(4)HexNAc(4)Me(2)Pent(1)	Hex(4) HexNAc(4) Me(2) Pent	N	anywhere	1620.602343	1621.5003	C63H104N4O44	1	N-linked glycosylation	C63H104N4O44@1620.602343@1621.5003
1492	dHex(1)Hex(3)HexNAc(3)Pent(3)	dHex Hex(3) HexNAc(3) Pent(3) ---OR--- Hex(4) HexNAc(2) dHex(2) NeuAc	N	anywhere	1637.581274	1638.4844	C63H103N3O46	1	N-linked glycosylation	C63H103N3O46@1637.581274@1638.4844
1493	dHex(1)Hex(5)HexNAc(3)Sulf(1)	dHex Hex(5) HexNAc(3) Sulf	N	anywhere	1645.516959	1646.485	C60H99N3O47S1	1	N-linked glycosylation	C60H99N3O47S1@1645.516959@1646.485
1494	dHex(2)Hex(3)HexNAc(3)Pent(2)	dHex(2) Hex(3) HexNAc(3) Pent(2)	N	anywhere	1651.596924	1652.511	C64H105N3O46	1	N-linked glycosylation	C64H105N3O46@1651.596924@1652.511
1495	Hex(6)HexNAc(3)Phos(1)	Hex(6) HexNAc(3) Phos	N	anywhere	1661.52139	1662.4011	C60H100N3O48P1	1	N-linked glycosylation	C60H100N3O48P1@1661.52139@1662.4011
1496	Hex(4)HexNAc(5)	Hex(4) HexNAc(5)	N	anywhere	1663.608157	1664.525	C64H105N5O45	1	N-linked glycosylation	C64H105N5O45@1663.608157@1664.525
1497	dHex(3)Hex(3)HexNAc(3)Pent(1)	dHex(3) Hex(3) HexNAc(3) Pent	N	anywhere	1665.612574	1666.5376	C65H107N3O46	1	N-linked glycosylation	C65H107N3O46@1665.612574@1666.5376
1498	dHex(2)Hex(4)HexNAc(3)Pent(1)	dHex(2) Hex(4) HexNAc(3) Pent	N	anywhere	1681.607488	1682.537	C65H107N3O47	1	N-linked glycosylation	C65H107N3O47@1681.607488@1682.537
1499	dHex(1)Hex(4)HexNAc(4)Sulf(1)	dHex Hex(4) HexNAc(4) Sulf	N	anywhere	1686.543508	1687.5369	C62H102N4O47S1	1	N-linked glycosylation	C62H102N4O47S1@1686.543508@1687.5369
1500	dHex(1)Hex(7)HexNAc(2)	dHex Hex(7) HexNAc(2)	N	anywhere	1686.586419	1687.5104	C64H106N2O49	1	N-linked glycosylation	C64H106N2O49@1686.586419@1687.5104
1501	dHex(1)Hex(4)HexNAc(3)NeuAc(1)	dHex Hex(4) HexNAc(3) NeuAc ---OR--- dHex(2) Hex(3) HexNAc(3) NeuGc	N	anywhere	1694.602737	1695.5357	C65H106N4O47	1	N-linked glycosylation	C65H106N4O47@1694.602737@1695.5357
1501	dHex(1)Hex(4)HexNAc(3)NeuAc(1)	dHex Hex(4) HexNAc(3) NeuAc ---OR--- dHex(2) Hex(3) HexNAc(3) NeuGc	S	anywhere	1694.602737	1695.5357	C65H106N4O47	1	O-linked glycosylation	C65H106N4O47@1694.602737@1695.5357
1501	dHex(1)Hex(4)HexNAc(3)NeuAc(1)	dHex Hex(4) HexNAc(3) NeuAc ---OR--- dHex(2) Hex(3) HexNAc(3) NeuGc	T	anywhere	1694.602737	1695.5357	C65H106N4O47	1	O-linked glycosylation	C65H106N4O47@1694.602737@1695.5357
1502	Hex(7)HexNAc(2)Phos(2)	Hex(7) HexNAc(2) Phos(2)	N	anywhere	1700.461172	1701.329	C58H98N2O51P2	1	N-linked glycosylation	C58H98N2O51P2@1700.461172@1701.329
1503	Hex(5)HexNAc(4)Sulf(1)	Hex(5) HexNAc(4) Sulf	N	anywhere	1702.538423	1703.5363	C62H102N4O48S1	1	N-linked glycosylation	C62H102N4O48S1@1702.538423@1703.5363
1504	Hex(8)HexNAc(2)	M8/Man8	N	anywhere	1702.581333	1703.5098	C64H106N2O50	1	N-linked glycosylation	C64H106N2O50@1702.581333@1703.5098
1505	dHex(1)Hex(3)HexNAc(4)Pent(2)	dHex Hex(3) HexNAc(4) Pent(2)	N	anywhere	1708.618387	1709.5623	C66H108N4O47	1	N-linked glycosylation	C66H108N4O47@1708.618387@1709.5623
1506	dHex(1)Hex(4)HexNAc(3)NeuGc(1)	dHex Hex(4) HexNAc(3) NeuGc ---OR--- Hex(5) HexNAc(3) NeuAc	N	anywhere	1710.597652	1711.5351	C65H106N4O48	1	N-linked glycosylation	C65H106N4O48@1710.597652@1711.5351
1507	dHex(2)Hex(3)HexNAc(4)Pent(1)	dHex(2) Hex(3) HexNAc(4) Pent	N	anywhere	1722.634037	1723.5889	C67H110N4O47	1	N-linked glycosylation	C67H110N4O47@1722.634037@1723.5889
1508	dHex(1)Hex(3)HexNAc(5)Sulf(1)	dHex Hex(3) HexNAc(5) Sulf	N	anywhere	1727.570057	1728.5888	C64H105N5O47S1	1	N-linked glycosylation	C64H105N5O47S1@1727.570057@1728.5888
1509	dHex(1)Hex(6)HexNAc(3)	dHex Hex(6) HexNAc(3)	N	anywhere	1727.612968	1728.5624	C66H109N3O49	1	N-linked glycosylation	C66H109N3O49@1727.612968@1728.5624
1510	dHex(1)Hex(3)HexNAc(4)NeuAc(1)	dHex Hex(3) HexNAc(4) NeuAc	N	anywhere	1735.629286	1736.5877	C67H109N5O47	1	N-linked glycosylation	C67H109N5O47@1735.629286@1736.5877
1511	dHex(3)Hex(3)HexNAc(4)	dHex(3) Hex(3) HexNAc(4)	N	anywhere	1736.649688	1737.6155	C68H112N4O47	1	N-linked glycosylation	C68H112N4O47@1736.649688@1737.6155
1512	dHex(1)Hex(4)HexNAc(4)Pent(1)	dHex Hex(4) HexNAc(4) Pent	N	anywhere	1738.628952	1739.5883	C67H110N4O48	1	N-linked glycosylation	C67H110N4O48@1738.628952@1739.5883
1513	Hex(4)HexNAc(5)Sulf(1)	Hex(4) HexNAc(5) Sulf	N	anywhere	1743.564972	1744.5882	C64H105N5O48S1	1	N-linked glycosylation	C64H105N5O48S1@1743.564972@1744.5882
1514	Hex(7)HexNAc(3)	Hex(7) HexNAc(3)	N	anywhere	1743.607882	1744.5618	C66H109N3O50	1	N-linked glycosylation	C66H109N3O50@1743.607882@1744.5618
1515	dHex(1)Hex(4)HexNAc(3)NeuAc(1)Sulf(1)	dHex Hex(4) HexNAc(3) NeuAc Sulf	N	anywhere	1774.559552	1775.5989	C65H106N4O50S1	1	N-linked glycosylation	C65H106N4O50S1@1774.559552@1775.5989
1516	Hex(5)HexNAc(4)Me(2)Pent(1)	Hex(5) HexNAc(4) Me(2) Pent	N	anywhere	1782.655167	1783.6409	C69H114N4O49	1	N-linked glycosylation	C69H114N4O49@1782.655167@1783.6409
1517	Hex(3)HexNAc(6)Sulf(1)	Hex(3) HexNAc(6) Sulf	N	anywhere	1784.591521	1785.6401	C66H108N6O48S1	1	N-linked glycosylation	C66H108N6O48S1@1784.591521@1785.6401
1518	dHex(1)Hex(6)HexNAc(3)Sulf(1)	dHex Hex(6) HexNAc(3) Sulf	N	anywhere	1807.569782	1808.6256	C66H109N3O52S1	1	N-linked glycosylation	C66H109N3O52S1@1807.569782@1808.6256
1519	dHex(1)Hex(4)HexNAc(5)	dHex Hex(4) HexNAc(5)	N	anywhere	1809.666066	1810.6662	C70H115N5O49	1	N-linked glycosylation	C70H115N5O49@1809.666066@1810.6662
1520	dHex(1)Hex(5)HexA(1)HexNAc(3)Sulf(1)	dHex Hex(5) HexA HexNAc(3) Sulf	N	anywhere	1821.549047	1822.6091	C66H107N3O53S1	1	N-linked glycosylation	C66H107N3O53S1@1821.549047@1822.6091
1521	Hex(7)HexNAc(3)Phos(1)	Hex(7) HexNAc(3) Phos	N	anywhere	1823.574213	1824.5417	C66H110N3O53P1	1	N-linked glycosylation	C66H110N3O53P1@1823.574213@1824.5417
1522	Hex(6)HexNAc(4)Me(3)	Hex(6) HexNAc(4) Me(3)	N	anywhere	1826.681382	1827.6934	C71H118N4O50	1	N-linked glycosylation	C71H118N4O50@1826.681382@1827.6934
1523	dHex(2)Hex(4)HexNAc(4)Sulf(1)	dHex(2) Hex(4) HexNAc(4) Sulf	N	anywhere	1832.601417	1833.6781	C68H112N4O51S1	1	N-linked glycosylation	C68H112N4O51S1@1832.601417@1833.6781
1524	Hex(4)HexNAc(3)NeuAc(2)	Hex(4) HexNAc(3) NeuAc(2)	N	anywhere	1839.640245	1840.6491	C70H113N5O51	1	N-linked glycosylation	C70H113N5O51@1839.640245@1840.6491
1525	dHex(1)Hex(3)HexNAc(4)Pent(3)	dHex Hex(3) HexNAc(4) Pent(3)	N	anywhere	1840.660646	1841.6769	C71H116N4O51	1	N-linked glycosylation	C71H116N4O51@1840.660646@1841.6769
1526	dHex(2)Hex(5)HexNAc(3)Pent(1)	dHex(2) Hex(5) HexNAc(3) Pent	N	anywhere	1843.660312	1844.6776	C71H117N3O52	1	N-linked glycosylation	C71H117N3O52@1843.660312@1844.6776
1527	dHex(1)Hex(5)HexNAc(4)Sulf(1)	dHex Hex(5) HexNAc(4) Sulf	N	anywhere	1848.596331	1849.6775	C68H112N4O52S1	1	N-linked glycosylation	C68H112N4O52S1@1848.596331@1849.6775
1528	dHex(2)Hex(3)HexNAc(4)Pent(2)	dHex(2) Hex(3) HexNAc(4) Pent(2)	N	anywhere	1854.676296	1855.7035	C72H118N4O51	1	N-linked glycosylation	C72H118N4O51@1854.676296@1855.7035
1529	dHex(1)Hex(5)HexNAc(3)NeuAc(1)	dHex Hex(5) HexNAc(3) NeuAc	N	anywhere	1856.655561	1857.6763	C71H116N4O52	1	N-linked glycosylation	C71H116N4O52@1856.655561@1857.6763
1530	Hex(3)HexNAc(6)Sulf(2)	Hex(3) HexNAc(6) Sulf(2)	N	anywhere	1864.548335	1865.7033	C66H108N6O51S2	1	N-linked glycosylation	C66H108N6O51S2@1864.548335@1865.7033
1531	Hex(9)HexNAc(2)	M9/Man9	N	anywhere	1864.634157	1865.6504	C70H116N2O55	1	N-linked glycosylation	C70H116N2O55@1864.634157@1865.6504
1532	Hex(4)HexNAc(6)	Hex(4) HexNAc(6)	N	anywhere	1866.68753	1867.7175	C72H118N6O50	1	N-linked glycosylation	C72H118N6O50@1866.68753@1867.7175
1533	dHex(3)Hex(3)HexNAc(4)Pent(1)	dHex(3) Hex(3) HexNAc(4) Pent	N	anywhere	1868.691946	1869.7301	C73H120N4O51	1	N-linked glycosylation	C73H120N4O51@1868.691946@1869.7301
1534	dHex(1)Hex(5)HexNAc(3)NeuGc(1)	dHex Hex(5) HexNAc(3) NeuGc ---OR--- Hex(6) HexNAc(3) NeuAc	N	anywhere	1872.650475	1873.6757	C71H116N4O53	1	N-linked glycosylation	C71H116N4O53@1872.650475@1873.6757
1535	dHex(2)Hex(4)HexNAc(4)Pent(1)	dHex(2) Hex(4) HexNAc(4) Pent	N	anywhere	1884.686861	1885.7295	C73H120N4O52	1	N-linked glycosylation	C73H120N4O52@1884.686861@1885.7295
1536	dHex(1)Hex(4)HexNAc(5)Sulf(1)	dHex Hex(4) HexNAc(5) Sulf	N	anywhere	1889.62288	1890.7294	C70H115N5O52S1	1	N-linked glycosylation	C70H115N5O52S1@1889.62288@1890.7294
1537	dHex(1)Hex(7)HexNAc(3)	dHex Hex(7) HexNAc(3)	N	anywhere	1889.665791	1890.703	C72H119N3O54	1	N-linked glycosylation	C72H119N3O54@1889.665791@1890.703
1538	dHex(1)Hex(5)HexNAc(4)Pent(1)	dHex Hex(5) HexNAc(4) Pent	N	anywhere	1900.681776	1901.7289	C73H120N4O53	1	N-linked glycosylation	C73H120N4O53@1900.681776@1901.7289
1539	dHex(1)Hex(5)HexA(1)HexNAc(3)Sulf(2)	dHex Hex(5) HexA HexNAc(3) Sulf(2)	N	anywhere	1901.505861	1902.6723	C66H107N3O56S2	1	N-linked glycosylation	C66H107N3O56S2@1901.505861@1902.6723
1540	Hex(3)HexNAc(7)	Hex(3) HexNAc(7)	N	anywhere	1907.714079	1908.7694	C74H121N7O50	1	N-linked glycosylation	C74H121N7O50@1907.714079@1908.7694
1541	dHex(2)Hex(5)HexNAc(4)	dHex(2) Hex(5) HexNAc(4)	N	anywhere	1914.697426	1915.7555	C74H122N4O53	1	N-linked glycosylation	C74H122N4O53@1914.697426@1915.7555
1542	dHex(2)Hex(4)HexNAc(3)NeuAc(1)Sulf(1)	dHex(2) Hex(4) HexNAc(3) NeuAc Sulf	N	anywhere	1920.617461	1921.7401	C71H116N4O54S1	1	N-linked glycosylation	C71H116N4O54S1@1920.617461@1921.7401
1543	dHex(1)Hex(5)HexNAc(4)Sulf(2)	dHex Hex(5) HexNAc(4) Sulf(2)	N	anywhere	1928.553146	1929.7407	C68H112N4O55S2	1	N-linked glycosylation	C68H112N4O55S2@1928.553146@1929.7407
1544	dHex(1)Hex(5)HexNAc(4)Me(2)Pent(1)	dHex Hex(5) HexNAc(4) Me(2) Pent	N	anywhere	1928.713076	1929.7821	C75H124N4O53	1	N-linked glycosylation	C75H124N4O53@1928.713076@1929.7821
1545	Hex(5)HexNAc(4)NeuGc(1)	Hex(5) HexNAc(4) NeuGc	N	anywhere	1929.671939	1930.7271	C73H119N5O54	1	N-linked glycosylation	C73H119N5O54@1929.671939@1930.7271
1546	dHex(1)Hex(3)HexNAc(6)Sulf(1)	dHex Hex(3) HexNAc(6) Sulf	N	anywhere	1930.64943	1931.7813	C72H118N6O52S1	1	N-linked glycosylation	C72H118N6O52S1@1930.64943@1931.7813
1547	dHex(1)Hex(6)HexNAc(4)	dHex Hex(6) HexNAc(4)	N	anywhere	1930.69234	1931.7549	C74H122N4O54	1	N-linked glycosylation	C74H122N4O54@1930.69234@1931.7549
1548	dHex(1)Hex(5)HexNAc(3)NeuAc(1)Sulf(1)	dHex Hex(5) HexNAc(3) NeuAc Sulf	N	anywhere	1936.612375	1937.7395	C71H116N4O55S1	1	N-linked glycosylation	C71H116N4O55S1@1936.612375@1937.7395
1549	Hex(7)HexNAc(4)	Hex(7) HexNAc(4)	N	anywhere	1946.687255	1947.7543	C74H122N4O55	1	N-linked glycosylation	C74H122N4O55@1946.687255@1947.7543
1550	dHex(1)Hex(5)HexNAc(3)NeuGc(1)Sulf(1)	dHex Hex(5) HexNAc(3) NeuGc Sulf	N	anywhere	1952.60729	1953.7389	C71H116N4O56S1	1	N-linked glycosylation	C71H116N4O56S1@1952.60729@1953.7389
1551	Hex(4)HexNAc(5)NeuAc(1)	Hex(4) HexNAc(5) NeuAc	N	anywhere	1954.703574	1955.7796	C75H122N6O53	1	N-linked glycosylation	C75H122N6O53@1954.703574@1955.7796
1552	Hex(6)HexNAc(4)Me(3)Pent(1)	Hex(6) HexNAc(4) Me(3) Pent	N	anywhere	1958.72364	1959.808	C76H126N4O54	1	N-linked glycosylation	C76H126N4O54@1958.72364@1959.808
1553	dHex(1)Hex(7)HexNAc(3)Sulf(1)	dHex Hex(7) HexNAc(3) Sulf	N	anywhere	1969.622606	1970.7662	C72H119N3O57S1	1	N-linked glycosylation	C72H119N3O57S1@1969.622606@1970.7662
1554	dHex(1)Hex(7)HexNAc(3)Phos(1)	dHex Hex(7) HexNAc(3) Phos	N	anywhere	1969.632122	1970.6829	C72H120N3O57P1	1	N-linked glycosylation	C72H120N3O57P1@1969.632122@1970.6829
1555	dHex(1)Hex(5)HexNAc(5)	dHex Hex(5) HexNAc(5)	N	anywhere	1971.718889	1972.8068	C76H125N5O54	1	N-linked glycosylation	C76H125N5O54@1971.718889@1972.8068
1556	dHex(1)Hex(4)HexNAc(4)NeuAc(1)Sulf(1)	dHex Hex(4) HexNAc(4) NeuAc Sulf	N	anywhere	1977.638925	1978.7915	C73H119N5O55S1	1	N-linked glycosylation	C73H119N5O55S1@1977.638925@1978.7915
1557	dHex(3)Hex(4)HexNAc(4)Sulf(1)	dHex(3) Hex(4) HexNAc(4) Sulf	N	anywhere	1978.659326	1979.8193	C74H122N4O55S1	1	N-linked glycosylation	C74H122N4O55S1@1978.659326@1979.8193
1558	Hex(3)HexNAc(7)Sulf(1)	Hex(3) HexNAc(7) Sulf	N	anywhere	1987.670893	1988.8326	C74H121N7O53S1	1	N-linked glycosylation	C74H121N7O53S1@1987.670893@1988.8326
1559	Hex(6)HexNAc(5)	A3G3	N	anywhere	1987.713804	1988.8062	C76H125N5O55	1	N-linked glycosylation	C76H125N5O55@1987.713804@1988.8062
1560	Hex(5)HexNAc(4)NeuAc(1)Sulf(1)	Hex(5) HexNAc(4) NeuAc Sulf	N	anywhere	1993.633839	1994.7909	C73H119N5O56S1	1	N-linked glycosylation	C73H119N5O56S1@1993.633839@1994.7909
1561	Hex(3)HexNAc(6)NeuAc(1)	Hex(3) HexNAc(6) NeuAc	N	anywhere	1995.730123	1996.8315	C77H125N7O53	1	N-linked glycosylation	C77H125N7O53@1995.730123@1996.8315
1562	dHex(2)Hex(3)HexNAc(6)	dHex(2) Hex(3) HexNAc(6)	N	anywhere	1996.750524	1997.8593	C78H128N6O53	1	N-linked glycosylation	C78H128N6O53@1996.750524@1997.8593
1563	Hex(1)HexNAc(1)NeuGc(1)	Hex HexNAc NeuGc	S	anywhere	672.222527	672.5871	C25H40N2O19	1	O-linked glycosylation	C25H40N2O19@672.222527@672.5871
1563	Hex(1)HexNAc(1)NeuGc(1)	Hex HexNAc NeuGc	T	anywhere	672.222527	672.5871	C25H40N2O19	1	O-linked glycosylation	C25H40N2O19@672.222527@672.5871
1564	dHex(1)Hex(2)HexNAc(1)	dHex Hex(2) HexNAc	S	anywhere	673.242928	673.6149	C26H43N1O19	1	O-linked glycosylation	C26H43N1O19@673.242928@673.6149
1564	dHex(1)Hex(2)HexNAc(1)	dHex Hex(2) HexNAc	T	anywhere	673.242928	673.6149	C26H43N1O19	1	O-linked glycosylation	C26H43N1O19@673.242928@673.6149
1565	HexNAc(3)Sulf(1)	HexNAc(3) Sulf	T	anywhere	689.194932	689.6408	C24H39N3O18S1	1	O-linked glycosylation	C24H39N3O18S1@689.194932@689.6408
1565	HexNAc(3)Sulf(1)	HexNAc(3) Sulf	S	anywhere	689.194932	689.6408	C24H39N3O18S1	1	O-linked glycosylation	C24H39N3O18S1@689.194932@689.6408
1566	Hex(3)HexNAc(1)	Hex(3) HexNAc	T	anywhere	689.237843	689.6143	C26H43N1O20	1	O-linked glycosylation	C26H43N1O20@689.237843@689.6143
1566	Hex(3)HexNAc(1)	Hex(3) HexNAc	S	anywhere	689.237843	689.6143	C26H43N1O20	1	O-linked glycosylation	C26H43N1O20@689.237843@689.6143
1566	Hex(3)HexNAc(1)	Hex(3) HexNAc	N	anywhere	689.237843	689.6143	C26H43N1O20	1	N-linked glycosylation	C26H43N1O20@689.237843@689.6143
1567	Hex(1)HexNAc(1)Kdn(1)Sulf(1)	Hex HexNAc Kdn Sulf	T	anywhere	695.157878	695.599	C23H37N1O21S1	1	O-linked glycosylation	C23H37N1O21S1@695.157878@695.599
1567	Hex(1)HexNAc(1)Kdn(1)Sulf(1)	Hex HexNAc Kdn Sulf	S	anywhere	695.157878	695.599	C23H37N1O21S1	1	O-linked glycosylation	C23H37N1O21S1@695.157878@695.599
1568	HexNAc(2)NeuAc(1)	HexNAc(2) NeuAc	S	anywhere	697.254162	697.6396	C27H43N3O18	1	O-linked glycosylation	C27H43N3O18@697.254162@697.6396
1568	HexNAc(2)NeuAc(1)	HexNAc(2) NeuAc	T	anywhere	697.254162	697.6396	C27H43N3O18	1	O-linked glycosylation	C27H43N3O18@697.254162@697.6396
1570	HexNAc(1)Kdn(2)	HexNAc Kdn(2) ---OR--- Hex(2) HexNAc HexA	T	anywhere	703.217108	703.5978	C26H41N1O21	1	O-linked glycosylation	C26H41N1O21@703.217108@703.5978
1570	HexNAc(1)Kdn(2)	HexNAc Kdn(2) ---OR--- Hex(2) HexNAc HexA	S	anywhere	703.217108	703.5978	C26H41N1O21	1	O-linked glycosylation	C26H41N1O21@703.217108@703.5978
1571	Hex(3)HexNAc(1)Me(1)	Hex(3) HexNAc Me	S	anywhere	703.253493	703.6409	C27H45N1O20	1	O-linked glycosylation	C27H45N1O20@703.253493@703.6409
1571	Hex(3)HexNAc(1)Me(1)	Hex(3) HexNAc Me	T	anywhere	703.253493	703.6409	C27H45N1O20	1	O-linked glycosylation	C27H45N1O20@703.253493@703.6409
1572	Hex(2)HexA(1)Pent(1)Sulf(1)	Hex(2) HexA Pent Sulf	T	anywhere	712.136808	712.5831	C23H36O23S1	1	O-linked glycosylation	C23H36O23S1@712.136808@712.5831
1572	Hex(2)HexA(1)Pent(1)Sulf(1)	Hex(2) HexA Pent Sulf	S	anywhere	712.136808	712.5831	C23H36O23S1	1	O-linked glycosylation	C23H36O23S1@712.136808@712.5831
1573	HexNAc(2)NeuGc(1)	HexNAc(2) NeuGc	S	anywhere	713.249076	713.639	C27H43N3O19	1	O-linked glycosylation	C27H43N3O19@713.249076@713.639
1573	HexNAc(2)NeuGc(1)	HexNAc(2) NeuGc	T	anywhere	713.249076	713.639	C27H43N3O19	1	O-linked glycosylation	C27H43N3O19@713.249076@713.639
1575	Hex(4)Phos(1)	Hex(4) Phos	T	anywhere	728.177625	728.5423	C24H41O23P1	1	O-linked glycosylation	C24H41O23P1@728.177625@728.5423
1575	Hex(4)Phos(1)	Hex(4) Phos	S	anywhere	728.177625	728.5423	C24H41O23P1	1	O-linked glycosylation	C24H41O23P1@728.177625@728.5423
1577	Hex(1)HexNAc(1)NeuAc(1)Sulf(1)	Hex HexNAc NeuAc Sulf	T	anywhere	736.184427	736.6509	C25H40N2O21S1	1	O-linked glycosylation	C25H40N2O21S1@736.184427@736.6509
1577	Hex(1)HexNAc(1)NeuAc(1)Sulf(1)	Hex HexNAc NeuAc Sulf	S	anywhere	736.184427	736.6509	C25H40N2O21S1	1	O-linked glycosylation	C25H40N2O21S1@736.184427@736.6509
1578	Hex(1)HexA(1)HexNAc(2)	Hex HexA HexNAc(2)	S	anywhere	744.243657	744.6498	C28H44N2O21	1	O-linked glycosylation	C28H44N2O21@744.243657@744.6498
1578	Hex(1)HexA(1)HexNAc(2)	Hex HexA HexNAc(2)	T	anywhere	744.243657	744.6498	C28H44N2O21	1	O-linked glycosylation	C28H44N2O21@744.243657@744.6498
1579	dHex(1)Hex(2)HexNAc(1)Sulf(1)	dHex Hex(2) HexNAc Sulf	T	anywhere	753.199743	753.6781	C26H43N1O22S1	1	O-linked glycosylation	C26H43N1O22S1@753.199743@753.6781
1579	dHex(1)Hex(2)HexNAc(1)Sulf(1)	dHex Hex(2) HexNAc Sulf	S	anywhere	753.199743	753.6781	C26H43N1O22S1	1	O-linked glycosylation	C26H43N1O22S1@753.199743@753.6781
1580	dHex(1)HexNAc(3)	dHex HexNAc(3)	S	anywhere	755.296027	755.7188	C30H49N3O19	1	O-linked glycosylation	C30H49N3O19@755.296027@755.7188
1580	dHex(1)HexNAc(3)	dHex HexNAc(3)	T	anywhere	755.296027	755.7188	C30H49N3O19	1	O-linked glycosylation	C30H49N3O19@755.296027@755.7188
1581	dHex(1)Hex(1)HexNAc(1)Kdn(1)	dHex Hex HexNAc Kdn ---OR--- Hex(2) dHex NeuAc	T	anywhere	761.258973	761.677	C29H47N1O22	1	O-linked glycosylation	C29H47N1O22@761.258973@761.677
1581	dHex(1)Hex(1)HexNAc(1)Kdn(1)	dHex Hex HexNAc Kdn ---OR--- Hex(2) dHex NeuAc	S	anywhere	761.258973	761.677	C29H47N1O22	1	O-linked glycosylation	C29H47N1O22@761.258973@761.677
1582	Hex(1)HexNAc(3)	Hex HexNAc(3)	S	anywhere	771.290941	771.7182	C30H49N3O20	1	O-linked glycosylation	C30H49N3O20@771.290941@771.7182
1582	Hex(1)HexNAc(3)	Hex HexNAc(3)	T	anywhere	771.290941	771.7182	C30H49N3O20	1	O-linked glycosylation	C30H49N3O20@771.290941@771.7182
1583	HexNAc(2)NeuAc(1)Sulf(1)	HexNAc(2) NeuAc Sulf	T	anywhere	777.210976	777.7028	C27H43N3O21S1	1	O-linked glycosylation	C27H43N3O21S1@777.210976@777.7028
1583	HexNAc(2)NeuAc(1)Sulf(1)	HexNAc(2) NeuAc Sulf	S	anywhere	777.210976	777.7028	C27H43N3O21S1	1	O-linked glycosylation	C27H43N3O21S1@777.210976@777.7028
1584	dHex(2)Hex(3)	dHex(2) Hex(3)	S	anywhere	778.274288	778.7042	C30H50O23	1	O-linked glycosylation	C30H50O23@778.274288@778.7042
1584	dHex(2)Hex(3)	dHex(2) Hex(3)	T	anywhere	778.274288	778.7042	C30H50O23	1	O-linked glycosylation	C30H50O23@778.274288@778.7042
1585	Hex(2)HexA(1)HexNAc(1)Sulf(1)	Hex(2) HexA HexNAc Sulf	T	anywhere	783.173922	783.661	C26H41N1O24S1	1	O-linked glycosylation	C26H41N1O24S1@783.173922@783.661
1585	Hex(2)HexA(1)HexNAc(1)Sulf(1)	Hex(2) HexA HexNAc Sulf	S	anywhere	783.173922	783.661	C26H41N1O24S1	1	O-linked glycosylation	C26H41N1O24S1@783.173922@783.661
1586	dHex(2)Hex(2)HexA(1)	dHex(2) Hex(2) HexA	S	anywhere	792.253553	792.6877	C30H48O24	1	O-linked glycosylation	C30H48O24@792.253553@792.6877
1586	dHex(2)Hex(2)HexA(1)	dHex(2) Hex(2) HexA	T	anywhere	792.253553	792.6877	C30H48O24	1	O-linked glycosylation	C30H48O24@792.253553@792.6877
1587	dHex(1)Hex(1)HexNAc(2)Sulf(1)	dHex Hex HexNAc(2) Sulf	T	anywhere	794.226292	794.73	C28H46N2O22S1	1	O-linked glycosylation	C28H46N2O22S1@794.226292@794.73
1587	dHex(1)Hex(1)HexNAc(2)Sulf(1)	dHex Hex HexNAc(2) Sulf	S	anywhere	794.226292	794.73	C28H46N2O22S1	1	O-linked glycosylation	C28H46N2O22S1@794.226292@794.73
1588	dHex(1)Hex(1)HexNAc(1)NeuAc(1)	dHex Hex HexNAc NeuAc	S	anywhere	802.285522	802.7289	C31H50N2O22	1	O-linked glycosylation	C31H50N2O22@802.285522@802.7289
1588	dHex(1)Hex(1)HexNAc(1)NeuAc(1)	dHex Hex HexNAc NeuAc	T	anywhere	802.285522	802.7289	C31H50N2O22	1	O-linked glycosylation	C31H50N2O22@802.285522@802.7289
1589	Hex(2)HexNAc(2)Sulf(1)	Hex(2) HexNAc(2) Sulf	T	anywhere	810.221207	810.7294	C28H46N2O23S1	1	O-linked glycosylation	C28H46N2O23S1@810.221207@810.7294
1589	Hex(2)HexNAc(2)Sulf(1)	Hex(2) HexNAc(2) Sulf	S	anywhere	810.221207	810.7294	C28H46N2O23S1	1	O-linked glycosylation	C28H46N2O23S1@810.221207@810.7294
1590	Hex(5)	Hex(5)	S	anywhere	810.264117	810.703	C30H50O25	1	O-linked glycosylation	C30H50O25@810.264117@810.703
1590	Hex(5)	Hex(5)	T	anywhere	810.264117	810.703	C30H50O25	1	O-linked glycosylation	C30H50O25@810.264117@810.703
1591	HexNAc(4)	HexNAc(4)	S	anywhere	812.31749	812.7701	C32H52N4O20	1	O-linked glycosylation	C32H52N4O20@812.31749@812.7701
1591	HexNAc(4)	HexNAc(4)	T	anywhere	812.31749	812.7701	C32H52N4O20	1	O-linked glycosylation	C32H52N4O20@812.31749@812.7701
1592	HexNAc(1)NeuGc(2)	HexNAc NeuGc(2)	S	anywhere	817.260035	817.7005	C30H47N3O23	1	O-linked glycosylation	C30H47N3O23@817.260035@817.7005
1592	HexNAc(1)NeuGc(2)	HexNAc NeuGc(2)	T	anywhere	817.260035	817.7005	C30H47N3O23	1	O-linked glycosylation	C30H47N3O23@817.260035@817.7005
1593	dHex(1)Hex(1)HexNAc(1)NeuGc(1)	dHex Hex HexNAc NeuGc ---OR--- Hex(2) HexNAc NeuAc	T	anywhere	818.280436	818.7283	C31H50N2O23	1	O-linked glycosylation	C31H50N2O23@818.280436@818.7283
1593	dHex(1)Hex(1)HexNAc(1)NeuGc(1)	dHex Hex HexNAc NeuGc ---OR--- Hex(2) HexNAc NeuAc	S	anywhere	818.280436	818.7283	C31H50N2O23	1	O-linked glycosylation	C31H50N2O23@818.280436@818.7283
1594	dHex(2)Hex(2)HexNAc(1)	dHex(2) Hex(2) HexNAc	S	anywhere	819.300837	819.7561	C32H53N1O23	1	O-linked glycosylation	C32H53N1O23@819.300837@819.7561
1594	dHex(2)Hex(2)HexNAc(1)	dHex(2) Hex(2) HexNAc	T	anywhere	819.300837	819.7561	C32H53N1O23	1	O-linked glycosylation	C32H53N1O23@819.300837@819.7561
1595	Hex(2)HexNAc(1)NeuGc(1)	Hex(2) HexNAc NeuGc	S	anywhere	834.275351	834.7277	C31H50N2O24	1	O-linked glycosylation	C31H50N2O24@834.275351@834.7277
1595	Hex(2)HexNAc(1)NeuGc(1)	Hex(2) HexNAc NeuGc	T	anywhere	834.275351	834.7277	C31H50N2O24	1	O-linked glycosylation	C31H50N2O24@834.275351@834.7277
1596	dHex(1)Hex(3)HexNAc(1)	dHex Hex(3) HexNAc	S	anywhere	835.295752	835.7555	C32H53N1O24	1	O-linked glycosylation	C32H53N1O24@835.295752@835.7555
1596	dHex(1)Hex(3)HexNAc(1)	dHex Hex(3) HexNAc	T	anywhere	835.295752	835.7555	C32H53N1O24	1	O-linked glycosylation	C32H53N1O24@835.295752@835.7555
1597	dHex(1)Hex(2)HexA(1)HexNAc(1)	dHex Hex(2) HexA HexNAc	S	anywhere	849.275017	849.739	C32H51N1O25	1	O-linked glycosylation	C32H51N1O25@849.275017@849.739
1597	dHex(1)Hex(2)HexA(1)HexNAc(1)	dHex Hex(2) HexA HexNAc	T	anywhere	849.275017	849.739	C32H51N1O25	1	O-linked glycosylation	C32H51N1O25@849.275017@849.739
1598	Hex(1)HexNAc(3)Sulf(1)	Hex HexNAc(3) Sulf	T	anywhere	851.247756	851.7814	C30H49N3O23S1	1	O-linked glycosylation	C30H49N3O23S1@851.247756@851.7814
1598	Hex(1)HexNAc(3)Sulf(1)	Hex HexNAc(3) Sulf	S	anywhere	851.247756	851.7814	C30H49N3O23S1	1	O-linked glycosylation	C30H49N3O23S1@851.247756@851.7814
1599	Hex(4)HexNAc(1)	Hex(4) HexNAc	T	anywhere	851.290667	851.7549	C32H53N1O25	1	O-linked glycosylation	C32H53N1O25@851.290667@851.7549
1599	Hex(4)HexNAc(1)	Hex(4) HexNAc	S	anywhere	851.290667	851.7549	C32H53N1O25	1	O-linked glycosylation	C32H53N1O25@851.290667@851.7549
1599	Hex(4)HexNAc(1)	Hex(4) HexNAc	N	anywhere	851.290667	851.7549	C32H53N1O25	1	N-linked glycosylation	C32H53N1O25@851.290667@851.7549
1600	Hex(1)HexNAc(2)NeuAc(1)	Hex HexNAc(2) NeuAc	S	anywhere	859.306985	859.7802	C33H53N3O23	1	O-linked glycosylation	C33H53N3O23@859.306985@859.7802
1600	Hex(1)HexNAc(2)NeuAc(1)	Hex HexNAc(2) NeuAc	T	anywhere	859.306985	859.7802	C33H53N3O23	1	O-linked glycosylation	C33H53N3O23@859.306985@859.7802
1602	Hex(1)HexNAc(2)NeuGc(1)	Hex HexNAc(2) NeuGc	S	anywhere	875.3019	875.7796	C33H53N3O24	1	O-linked glycosylation	C33H53N3O24@875.3019@875.7796
1602	Hex(1)HexNAc(2)NeuGc(1)	Hex HexNAc(2) NeuGc	T	anywhere	875.3019	875.7796	C33H53N3O24	1	O-linked glycosylation	C33H53N3O24@875.3019@875.7796
1604	Hex(5)Phos(1)	Hex(5) Phos	T	anywhere	890.230448	890.6829	C30H51O28P1	1	O-linked glycosylation	C30H51O28P1@890.230448@890.6829
1604	Hex(5)Phos(1)	Hex(5) Phos	S	anywhere	890.230448	890.6829	C30H51O28P1	1	O-linked glycosylation	C30H51O28P1@890.230448@890.6829
1606	dHex(2)Hex(1)HexNAc(1)Kdn(1)	dHex(2) Hex HexNAc Kdn	T	anywhere	907.316881	907.8182	C35H57N1O26	1	O-linked glycosylation	C35H57N1O26@907.316881@907.8182
1606	dHex(2)Hex(1)HexNAc(1)Kdn(1)	dHex(2) Hex HexNAc Kdn	S	anywhere	907.316881	907.8182	C35H57N1O26	1	O-linked glycosylation	C35H57N1O26@907.316881@907.8182
1607	dHex(1)Hex(3)HexNAc(1)Sulf(1)	dHex Hex(3) HexNAc Sulf	T	anywhere	915.252567	915.8187	C32H53N1O27S1	1	O-linked glycosylation	C32H53N1O27S1@915.252567@915.8187
1607	dHex(1)Hex(3)HexNAc(1)Sulf(1)	dHex Hex(3) HexNAc Sulf	S	anywhere	915.252567	915.8187	C32H53N1O27S1	1	O-linked glycosylation	C32H53N1O27S1@915.252567@915.8187
1608	dHex(1)Hex(1)HexNAc(3)	dHex Hex HexNAc(3)	S	anywhere	917.34885	917.8594	C36H59N3O24	1	O-linked glycosylation	C36H59N3O24@917.34885@917.8594
1608	dHex(1)Hex(1)HexNAc(3)	dHex Hex HexNAc(3)	T	anywhere	917.34885	917.8594	C36H59N3O24	1	O-linked glycosylation	C36H59N3O24@917.34885@917.8594
1609	dHex(1)Hex(2)HexA(1)HexNAc(1)Sulf(1)	dHex Hex(2) HexA HexNAc Sulf	T	anywhere	929.231831	929.8022	C32H51N1O28S1	1	O-linked glycosylation	C32H51N1O28S1@929.231831@929.8022
1609	dHex(1)Hex(2)HexA(1)HexNAc(1)Sulf(1)	dHex Hex(2) HexA HexNAc Sulf	S	anywhere	929.231831	929.8022	C32H51N1O28S1	1	O-linked glycosylation	C32H51N1O28S1@929.231831@929.8022
1610	Hex(2)HexNAc(3)	Hex(2) HexNAc(3)	S	anywhere	933.343765	933.8588	C36H59N3O25	1	O-linked glycosylation	C36H59N3O25@933.343765@933.8588
1610	Hex(2)HexNAc(3)	Hex(2) HexNAc(3)	N	anywhere	933.343765	933.8588	C36H59N3O25	1	N-linked glycosylation	C36H59N3O25@933.343765@933.8588
1610	Hex(2)HexNAc(3)	Hex(2) HexNAc(3)	T	anywhere	933.343765	933.8588	C36H59N3O25	1	O-linked glycosylation	C36H59N3O25@933.343765@933.8588
1611	Hex(1)HexNAc(2)NeuAc(1)Sulf(1)	Hex HexNAc(2) NeuAc Sulf	T	anywhere	939.2638	939.8434	C33H53N3O26S1	1	O-linked glycosylation	C33H53N3O26S1@939.2638@939.8434
1611	Hex(1)HexNAc(2)NeuAc(1)Sulf(1)	Hex HexNAc(2) NeuAc Sulf	S	anywhere	939.2638	939.8434	C33H53N3O26S1	1	O-linked glycosylation	C33H53N3O26S1@939.2638@939.8434
1612	dHex(2)Hex(4)	dHex(2) Hex(4)	S	anywhere	940.327112	940.8448	C36H60O28	1	O-linked glycosylation	C36H60O28@940.327112@940.8448
1612	dHex(2)Hex(4)	dHex(2) Hex(4)	T	anywhere	940.327112	940.8448	C36H60O28	1	O-linked glycosylation	C36H60O28@940.327112@940.8448
1786	Hex(1)HexNAc(1)NeuAc(1)Ac(1)	Ac Hex HexNAc NeuAc	T	anywhere	698.238177	698.6244	C27H42N2O19	1	O-linked glycosylation	C27H42N2O19@698.238177@698.6244
1786	Hex(1)HexNAc(1)NeuAc(1)Ac(1)	Ac Hex HexNAc NeuAc	S	anywhere	698.238177	698.6244	C27H42N2O19	1	O-linked glycosylation	C27H42N2O19@698.238177@698.6244
1614	dHex(2)HexNAc(2)Kdn(1)	dHex(2) HexNAc(2) Kdn	T	anywhere	948.34343	948.8701	C37H60N2O26	1	O-linked glycosylation	C37H60N2O26@948.34343@948.8701
1614	dHex(2)HexNAc(2)Kdn(1)	dHex(2) HexNAc(2) Kdn	S	anywhere	948.34343	948.8701	C37H60N2O26	1	O-linked glycosylation	C37H60N2O26@948.34343@948.8701
1615	dHex(1)Hex(2)HexNAc(2)Sulf(1)	dHex Hex(2) HexNAc(2) Sulf	T	anywhere	956.279116	956.8706	C34H56N2O27S1	1	O-linked glycosylation	C34H56N2O27S1@956.279116@956.8706
1615	dHex(1)Hex(2)HexNAc(2)Sulf(1)	dHex Hex(2) HexNAc(2) Sulf	S	anywhere	956.279116	956.8706	C34H56N2O27S1	1	O-linked glycosylation	C34H56N2O27S1@956.279116@956.8706
1616	dHex(1)HexNAc(4)	dHex HexNAc(4)	S	anywhere	958.375399	958.9113	C38H62N4O24	1	O-linked glycosylation	C38H62N4O24@958.375399@958.9113
1616	dHex(1)HexNAc(4)	dHex HexNAc(4)	T	anywhere	958.375399	958.9113	C38H62N4O24	1	O-linked glycosylation	C38H62N4O24@958.375399@958.9113
1617	Hex(1)HexNAc(1)NeuAc(1)NeuGc(1)	Hex HexNAc NeuAc NeuGc	S	anywhere	963.317944	963.8417	C36H57N3O27	1	O-linked glycosylation	C36H57N3O27@963.317944@963.8417
1617	Hex(1)HexNAc(1)NeuAc(1)NeuGc(1)	Hex HexNAc NeuAc NeuGc	T	anywhere	963.317944	963.8417	C36H57N3O27	1	O-linked glycosylation	C36H57N3O27@963.317944@963.8417
1618	dHex(1)Hex(1)HexNAc(2)Kdn(1)	dHex Hex HexNAc(2) Kdn ---OR--- Hex(2) HexNAc dHex NeuAc	T	anywhere	964.338345	964.8695	C37H60N2O27	1	O-linked glycosylation	C37H60N2O27@964.338345@964.8695
1618	dHex(1)Hex(1)HexNAc(2)Kdn(1)	dHex Hex HexNAc(2) Kdn ---OR--- Hex(2) HexNAc dHex NeuAc	S	anywhere	964.338345	964.8695	C37H60N2O27	1	O-linked glycosylation	C37H60N2O27@964.338345@964.8695
1619	Hex(1)HexNAc(1)NeuGc(2)	Hex HexNAc NeuGc(2)	S	anywhere	979.312859	979.8411	C36H57N3O28	1	O-linked glycosylation	C36H57N3O28@979.312859@979.8411
1619	Hex(1)HexNAc(1)NeuGc(2)	Hex HexNAc NeuGc(2)	T	anywhere	979.312859	979.8411	C36H57N3O28	1	O-linked glycosylation	C36H57N3O28@979.312859@979.8411
1620	Hex(1)HexNAc(1)NeuAc(2)Ac(1)	Ac Hex HexNAc NeuAc(2)	T	anywhere	989.333594	989.879	C38H59N3O27	1	O-linked glycosylation	C38H59N3O27@989.333594@989.879
1620	Hex(1)HexNAc(1)NeuAc(2)Ac(1)	Ac Hex HexNAc NeuAc(2)	S	anywhere	989.333594	989.879	C38H59N3O27	1	O-linked glycosylation	C38H59N3O27@989.333594@989.879
1621	dHex(2)Hex(2)HexA(1)HexNAc(1)	dHex(2) Hex(2) HexA HexNAc	S	anywhere	995.332925	995.8802	C38H61N1O29	1	O-linked glycosylation	C38H61N1O29@995.332925@995.8802
1621	dHex(2)Hex(2)HexA(1)HexNAc(1)	dHex(2) Hex(2) HexA HexNAc	T	anywhere	995.332925	995.8802	C38H61N1O29	1	O-linked glycosylation	C38H61N1O29@995.332925@995.8802
1622	dHex(1)Hex(1)HexNAc(3)Sulf(1)	dHex Hex HexNAc(3) Sulf	T	anywhere	997.305665	997.9226	C36H59N3O27S1	1	O-linked glycosylation	C36H59N3O27S1@997.305665@997.9226
1622	dHex(1)Hex(1)HexNAc(3)Sulf(1)	dHex Hex HexNAc(3) Sulf	S	anywhere	997.305665	997.9226	C36H59N3O27S1	1	O-linked glycosylation	C36H59N3O27S1@997.305665@997.9226
1623	Hex(2)HexA(1)NeuAc(1)Pent(1)Sulf(1)	Hex(2) HexA NeuAc Pent Sulf	T	anywhere	1003.232225	1003.8377	C34H53N1O31S1	1	O-linked glycosylation	C34H53N1O31S1@1003.232225@1003.8377
1623	Hex(2)HexA(1)NeuAc(1)Pent(1)Sulf(1)	Hex(2) HexA NeuAc Pent Sulf	S	anywhere	1003.232225	1003.8377	C34H53N1O31S1	1	O-linked glycosylation	C34H53N1O31S1@1003.232225@1003.8377
1624	dHex(1)Hex(1)HexNAc(2)NeuAc(1)	dHex Hex HexNAc(2) NeuAc	S	anywhere	1005.364894	1005.9214	C39H63N3O27	1	O-linked glycosylation	C39H63N3O27@1005.364894@1005.9214
1624	dHex(1)Hex(1)HexNAc(2)NeuAc(1)	dHex Hex HexNAc(2) NeuAc	T	anywhere	1005.364894	1005.9214	C39H63N3O27	1	O-linked glycosylation	C39H63N3O27@1005.364894@1005.9214
1625	dHex(1)Hex(3)HexA(1)HexNAc(1)	dHex Hex(3) HexA HexNAc	S	anywhere	1011.32784	1011.8796	C38H61N1O30	1	O-linked glycosylation	C38H61N1O30@1011.32784@1011.8796
1625	dHex(1)Hex(3)HexA(1)HexNAc(1)	dHex Hex(3) HexA HexNAc	T	anywhere	1011.32784	1011.8796	C38H61N1O30	1	O-linked glycosylation	C38H61N1O30@1011.32784@1011.8796
1626	Hex(2)HexNAc(3)Sulf(1)	Hex(2) HexNAc(3) Sulf	T	anywhere	1013.300579	1013.922	C36H59N3O28S1	1	O-linked glycosylation	C36H59N3O28S1@1013.300579@1013.922
1626	Hex(2)HexNAc(3)Sulf(1)	Hex(2) HexNAc(3) Sulf	S	anywhere	1013.300579	1013.922	C36H59N3O28S1	1	O-linked glycosylation	C36H59N3O28S1@1013.300579@1013.922
1627	Hex(5)HexNAc(1)	Hex(5) HexNAc	T	anywhere	1013.34349	1013.8955	C38H63N1O30	1	O-linked glycosylation	C38H63N1O30@1013.34349@1013.8955
1627	Hex(5)HexNAc(1)	Hex(5) HexNAc	S	anywhere	1013.34349	1013.8955	C38H63N1O30	1	O-linked glycosylation	C38H63N1O30@1013.34349@1013.8955
1627	Hex(5)HexNAc(1)	Hex(5) HexNAc	N	anywhere	1013.34349	1013.8955	C38H63N1O30	1	N-linked glycosylation	C38H63N1O30@1013.34349@1013.8955
1628	HexNAc(5)	HexNAc(5)	S	anywhere	1015.396863	1015.9626	C40H65N5O25	1	O-linked glycosylation	C40H65N5O25@1015.396863@1015.9626
1628	HexNAc(5)	HexNAc(5)	T	anywhere	1015.396863	1015.9626	C40H65N5O25	1	O-linked glycosylation	C40H65N5O25@1015.396863@1015.9626
1630	Hex(1)HexNAc(1)NeuAc(2)Ac(2)	Ac(2) Hex HexNAc NeuAc(2)	T	anywhere	1031.344159	1031.9156	C40H61N3O28	1	O-linked glycosylation	C40H61N3O28@1031.344159@1031.9156
1630	Hex(1)HexNAc(1)NeuAc(2)Ac(2)	Ac(2) Hex HexNAc NeuAc(2)	S	anywhere	1031.344159	1031.9156	C40H61N3O28	1	O-linked glycosylation	C40H61N3O28@1031.344159@1031.9156
1631	Hex(2)HexNAc(2)NeuGc(1)	Hex(2) HexNAc(2) NeuGc	S	anywhere	1037.354723	1037.9202	C39H63N3O29	1	O-linked glycosylation	C39H63N3O29@1037.354723@1037.9202
1631	Hex(2)HexNAc(2)NeuGc(1)	Hex(2) HexNAc(2) NeuGc	T	anywhere	1037.354723	1037.9202	C39H63N3O29	1	O-linked glycosylation	C39H63N3O29@1037.354723@1037.9202
1632	Hex(5)Phos(3)	Hex(5) Phos(3)	T	anywhere	1050.16311	1050.6427	C30H53O34P3	1	O-linked glycosylation	C30H53O34P3@1050.16311@1050.6427
1632	Hex(5)Phos(3)	Hex(5) Phos(3)	S	anywhere	1050.16311	1050.6427	C30H53O34P3	1	O-linked glycosylation	C30H53O34P3@1050.16311@1050.6427
1633	Hex(6)Phos(1)	Hex(6) Phos	T	anywhere	1052.283272	1052.8235	C36H61O33P1	1	O-linked glycosylation	C36H61O33P1@1052.283272@1052.8235
1633	Hex(6)Phos(1)	Hex(6) Phos	S	anywhere	1052.283272	1052.8235	C36H61O33P1	1	O-linked glycosylation	C36H61O33P1@1052.283272@1052.8235
1634	dHex(1)Hex(2)HexA(1)HexNAc(2)	dHex Hex(2) HexA HexNAc(2)	S	anywhere	1052.354389	1052.9316	C40H64N2O30	1	O-linked glycosylation	C40H64N2O30@1052.354389@1052.9316
1634	dHex(1)Hex(2)HexA(1)HexNAc(2)	dHex Hex(2) HexA HexNAc(2)	T	anywhere	1052.354389	1052.9316	C40H64N2O30	1	O-linked glycosylation	C40H64N2O30@1052.354389@1052.9316
1635	dHex(2)Hex(3)HexNAc(1)Sulf(1)	dHex(2) Hex(3) HexNAc Sulf	T	anywhere	1061.310475	1061.9599	C38H63N1O31S1	1	O-linked glycosylation	C38H63N1O31S1@1061.310475@1061.9599
1635	dHex(2)Hex(3)HexNAc(1)Sulf(1)	dHex(2) Hex(3) HexNAc Sulf	S	anywhere	1061.310475	1061.9599	C38H63N1O31S1	1	O-linked glycosylation	C38H63N1O31S1@1061.310475@1061.9599
1636	Hex(1)HexNAc(3)NeuAc(1)	Hex HexNAc(3) NeuAc	S	anywhere	1062.386358	1062.9727	C41H66N4O28	1	O-linked glycosylation	C41H66N4O28@1062.386358@1062.9727
1636	Hex(1)HexNAc(3)NeuAc(1)	Hex HexNAc(3) NeuAc	T	anywhere	1062.386358	1062.9727	C41H66N4O28	1	O-linked glycosylation	C41H66N4O28@1062.386358@1062.9727
1637	dHex(2)Hex(1)HexNAc(3)	dHex(2) Hex HexNAc(3)	S	anywhere	1063.406759	1064.0006	C42H69N3O28	1	O-linked glycosylation	C42H69N3O28@1063.406759@1064.0006
1637	dHex(2)Hex(1)HexNAc(3)	dHex(2) Hex HexNAc(3)	T	anywhere	1063.406759	1064.0006	C42H69N3O28	1	O-linked glycosylation	C42H69N3O28@1063.406759@1064.0006
1638	Hex(1)HexNAc(3)NeuGc(1)	Hex HexNAc(3) NeuGc	S	anywhere	1078.381273	1078.9721	C41H66N4O29	1	O-linked glycosylation	C41H66N4O29@1078.381273@1078.9721
1638	Hex(1)HexNAc(3)NeuGc(1)	Hex HexNAc(3) NeuGc	T	anywhere	1078.381273	1078.9721	C41H66N4O29	1	O-linked glycosylation	C41H66N4O29@1078.381273@1078.9721
1639	dHex(1)Hex(1)HexNAc(2)NeuAc(1)Sulf(1)	dHex Hex HexNAc(2) NeuAc Sulf	T	anywhere	1085.321709	1085.9846	C39H63N3O30S1	1	O-linked glycosylation	C39H63N3O30S1@1085.321709@1085.9846
1639	dHex(1)Hex(1)HexNAc(2)NeuAc(1)Sulf(1)	dHex Hex HexNAc(2) NeuAc Sulf	S	anywhere	1085.321709	1085.9846	C39H63N3O30S1	1	O-linked glycosylation	C39H63N3O30S1@1085.321709@1085.9846
1640	dHex(1)Hex(3)HexA(1)HexNAc(1)Sulf(1)	dHex Hex(3) HexA HexNAc Sulf	T	anywhere	1091.284655	1091.9428	C38H61N1O33S1	1	O-linked glycosylation	C38H61N1O33S1@1091.284655@1091.9428
1640	dHex(1)Hex(3)HexA(1)HexNAc(1)Sulf(1)	dHex Hex(3) HexA HexNAc Sulf	S	anywhere	1091.284655	1091.9428	C38H61N1O33S1	1	O-linked glycosylation	C38H61N1O33S1@1091.284655@1091.9428
1641	dHex(1)Hex(1)HexA(1)HexNAc(3)	dHex Hex HexA HexNAc(3)	S	anywhere	1093.380938	1093.9835	C42H67N3O30	1	O-linked glycosylation	C42H67N3O30@1093.380938@1093.9835
1641	dHex(1)Hex(1)HexA(1)HexNAc(3)	dHex Hex HexA HexNAc(3)	T	anywhere	1093.380938	1093.9835	C42H67N3O30	1	O-linked glycosylation	C42H67N3O30@1093.380938@1093.9835
1642	Hex(2)HexNAc(2)NeuAc(1)Sulf(1)	Hex(2) HexNAc(2) NeuAc Sulf	T	anywhere	1101.316623	1101.984	C39H63N3O31S1	1	O-linked glycosylation	C39H63N3O31S1@1101.316623@1101.984
1642	Hex(2)HexNAc(2)NeuAc(1)Sulf(1)	Hex(2) HexNAc(2) NeuAc Sulf	S	anywhere	1101.316623	1101.984	C39H63N3O31S1	1	O-linked glycosylation	C39H63N3O31S1@1101.316623@1101.984
1643	dHex(2)Hex(2)HexNAc(2)Sulf(1)	dHex(2) Hex(2) HexNAc(2) Sulf	T	anywhere	1102.337025	1103.0118	C40H66N2O31S1	1	O-linked glycosylation	C40H66N2O31S1@1102.337025@1103.0118
1643	dHex(2)Hex(2)HexNAc(2)Sulf(1)	dHex(2) Hex(2) HexNAc(2) Sulf	S	anywhere	1102.337025	1103.0118	C40H66N2O31S1	1	O-linked glycosylation	C40H66N2O31S1@1102.337025@1103.0118
1644	dHex(2)Hex(1)HexNAc(2)Kdn(1)	dHex(2) Hex HexNAc(2) Kdn ---OR--- Hex(2) HexNAc dHex(2) NeuAc	T	anywhere	1110.396254	1111.0107	C43H70N2O31	1	O-linked glycosylation	C43H70N2O31@1110.396254@1111.0107
1644	dHex(2)Hex(1)HexNAc(2)Kdn(1)	dHex(2) Hex HexNAc(2) Kdn ---OR--- Hex(2) HexNAc dHex(2) NeuAc	S	anywhere	1110.396254	1111.0107	C43H70N2O31	1	O-linked glycosylation	C43H70N2O31@1110.396254@1111.0107
1645	dHex(1)Hex(1)HexNAc(4)	dHex Hex HexNAc(4)	S	anywhere	1120.428223	1121.0519	C44H72N4O29	1	O-linked glycosylation	C44H72N4O29@1120.428223@1121.0519
1645	dHex(1)Hex(1)HexNAc(4)	dHex Hex HexNAc(4)	T	anywhere	1120.428223	1121.0519	C44H72N4O29	1	O-linked glycosylation	C44H72N4O29@1120.428223@1121.0519
1646	Hex(2)HexNAc(4)	Hex(2) HexNAc(4)	T	anywhere	1136.423137	1137.0513	C44H72N4O30	1	O-linked glycosylation	C44H72N4O30@1136.423137@1137.0513
1646	Hex(2)HexNAc(4)	Hex(2) HexNAc(4)	S	anywhere	1136.423137	1137.0513	C44H72N4O30	1	O-linked glycosylation	C44H72N4O30@1136.423137@1137.0513
1646	Hex(2)HexNAc(4)	Hex(2) HexNAc(4)	N	anywhere	1136.423137	1137.0513	C44H72N4O30	1	N-linked glycosylation	C44H72N4O30@1136.423137@1137.0513
1647	Hex(2)HexNAc(1)NeuGc(2)	Hex(2) HexNAc NeuGc(2)	S	anywhere	1141.365682	1141.9817	C42H67N3O33	1	O-linked glycosylation	C42H67N3O33@1141.365682@1141.9817
1647	Hex(2)HexNAc(1)NeuGc(2)	Hex(2) HexNAc NeuGc(2)	T	anywhere	1141.365682	1141.9817	C42H67N3O33	1	O-linked glycosylation	C42H67N3O33@1141.365682@1141.9817
1648	dHex(2)Hex(4)HexNAc(1)	dHex(2) Hex(4) HexNAc	S	anywhere	1143.406484	1144.0373	C44H73N1O33	1	O-linked glycosylation	C44H73N1O33@1143.406484@1144.0373
1648	dHex(2)Hex(4)HexNAc(1)	dHex(2) Hex(4) HexNAc	T	anywhere	1143.406484	1144.0373	C44H73N1O33	1	O-linked glycosylation	C44H73N1O33@1143.406484@1144.0373
1649	Hex(1)HexNAc(2)NeuAc(2)	Hex HexNAc(2) NeuAc(2)	S	anywhere	1150.402402	1151.0348	C44H70N4O31	1	O-linked glycosylation	C44H70N4O31@1150.402402@1151.0348
1649	Hex(1)HexNAc(2)NeuAc(2)	Hex HexNAc(2) NeuAc(2)	T	anywhere	1150.402402	1151.0348	C44H70N4O31	1	O-linked glycosylation	C44H70N4O31@1150.402402@1151.0348
1650	dHex(2)Hex(1)HexNAc(2)NeuAc(1)	dHex(2) Hex HexNAc(2) NeuAc	S	anywhere	1151.422803	1152.0626	C45H73N3O31	1	O-linked glycosylation	C45H73N3O31@1151.422803@1152.0626
1650	dHex(2)Hex(1)HexNAc(2)NeuAc(1)	dHex(2) Hex HexNAc(2) NeuAc	T	anywhere	1151.422803	1152.0626	C45H73N3O31	1	O-linked glycosylation	C45H73N3O31@1151.422803@1152.0626
1651	dHex(1)Hex(2)HexNAc(3)Sulf(1)	dHex Hex(2) HexNAc(3) Sulf	T	anywhere	1159.358488	1160.0632	C42H69N3O32S1	1	O-linked glycosylation	C42H69N3O32S1@1159.358488@1160.0632
1651	dHex(1)Hex(2)HexNAc(3)Sulf(1)	dHex Hex(2) HexNAc(3) Sulf	S	anywhere	1159.358488	1160.0632	C42H69N3O32S1	1	O-linked glycosylation	C42H69N3O32S1@1159.358488@1160.0632
1652	dHex(1)HexNAc(5)	dHex HexNAc(5)	S	anywhere	1161.454772	1162.1038	C46H75N5O29	1	O-linked glycosylation	C46H75N5O29@1161.454772@1162.1038
1652	dHex(1)HexNAc(5)	dHex HexNAc(5)	T	anywhere	1161.454772	1162.1038	C46H75N5O29	1	O-linked glycosylation	C46H75N5O29@1161.454772@1162.1038
1653	dHex(2)Hex(1)HexNAc(2)NeuGc(1)	dHex(2) Hex HexNAc(2) NeuGc ---OR--- Hex(2) HexNAc(2) dHex NeuAc ---OR--- Hex HexNAc(3) dHex Kdn	T	anywhere	1167.417718	1168.062	C45H73N3O32	1	O-linked glycosylation	C45H73N3O32@1167.417718@1168.062
1653	dHex(2)Hex(1)HexNAc(2)NeuGc(1)	dHex(2) Hex HexNAc(2) NeuGc ---OR--- Hex(2) HexNAc(2) dHex NeuAc ---OR--- Hex HexNAc(3) dHex Kdn	S	anywhere	1167.417718	1168.062	C45H73N3O32	1	O-linked glycosylation	C45H73N3O32@1167.417718@1168.062
1654	dHex(3)Hex(2)HexNAc(2)	dHex(3) Hex(2) HexNAc(2)	S	anywhere	1168.438119	1169.0898	C46H76N2O32	1	O-linked glycosylation	C46H76N2O32@1168.438119@1169.0898
1654	dHex(3)Hex(2)HexNAc(2)	dHex(3) Hex(2) HexNAc(2)	T	anywhere	1168.438119	1169.0898	C46H76N2O32	1	O-linked glycosylation	C46H76N2O32@1168.438119@1169.0898
1655	Hex(3)HexNAc(3)Sulf(1)	Hex(3) HexNAc(3) Sulf	T	anywhere	1175.353403	1176.0626	C42H69N3O33S1	1	O-linked glycosylation	C42H69N3O33S1@1175.353403@1176.0626
1655	Hex(3)HexNAc(3)Sulf(1)	Hex(3) HexNAc(3) Sulf	S	anywhere	1175.353403	1176.0626	C42H69N3O33S1	1	O-linked glycosylation	C42H69N3O33S1@1175.353403@1176.0626
1655	Hex(3)HexNAc(3)Sulf(1)	Hex(3) HexNAc(3) Sulf	N	anywhere	1175.353403	1176.0626	C42H69N3O33S1	1	N-linked glycosylation	C42H69N3O33S1@1175.353403@1176.0626
1656	dHex(2)Hex(2)HexNAc(2)Sulf(2)	dHex(2) Hex(2) HexNAc(2) Sulf(2)	T	anywhere	1182.293839	1183.075	C40H66N2O34S2	1	O-linked glycosylation	C40H66N2O34S2@1182.293839@1183.075
1656	dHex(2)Hex(2)HexNAc(2)Sulf(2)	dHex(2) Hex(2) HexNAc(2) Sulf(2)	S	anywhere	1182.293839	1183.075	C40H66N2O34S2	1	O-linked glycosylation	C40H66N2O34S2@1182.293839@1183.075
1657	dHex(1)Hex(2)HexNAc(2)NeuGc(1)	dHex Hex(2) HexNAc(2) NeuGc ---OR--- Hex(3) HexNAc(2) NeuAc	N	anywhere	1183.412632	1184.0614	C45H73N3O33	1	N-linked glycosylation	C45H73N3O33@1183.412632@1184.0614
1657	dHex(1)Hex(2)HexNAc(2)NeuGc(1)	dHex Hex(2) HexNAc(2) NeuGc ---OR--- Hex(3) HexNAc(2) NeuAc	T	anywhere	1183.412632	1184.0614	C45H73N3O33	1	O-linked glycosylation	C45H73N3O33@1183.412632@1184.0614
1657	dHex(1)Hex(2)HexNAc(2)NeuGc(1)	dHex Hex(2) HexNAc(2) NeuGc ---OR--- Hex(3) HexNAc(2) NeuAc	S	anywhere	1183.412632	1184.0614	C45H73N3O33	1	O-linked glycosylation	C45H73N3O33@1183.412632@1184.0614
1658	dHex(1)Hex(1)HexNAc(3)NeuAc(1)	dHex Hex HexNAc(3) NeuAc	T	anywhere	1208.444267	1209.1139	C47H76N4O32	1	O-linked glycosylation	C47H76N4O32@1208.444267@1209.1139
1658	dHex(1)Hex(1)HexNAc(3)NeuAc(1)	dHex Hex HexNAc(3) NeuAc	S	anywhere	1208.444267	1209.1139	C47H76N4O32	1	O-linked glycosylation	C47H76N4O32@1208.444267@1209.1139
1659	Hex(6)Phos(3)	Hex(6) Phos(3)	T	anywhere	1212.215934	1212.7833	C36H63O39P3	1	O-linked glycosylation	C36H63O39P3@1212.215934@1212.7833
1659	Hex(6)Phos(3)	Hex(6) Phos(3)	S	anywhere	1212.215934	1212.7833	C36H63O39P3	1	O-linked glycosylation	C36H63O39P3@1212.215934@1212.7833
1660	dHex(1)Hex(3)HexA(1)HexNAc(2)	dHex Hex(3) HexA HexNAc(2)	S	anywhere	1214.407213	1215.0722	C46H74N2O35	1	O-linked glycosylation	C46H74N2O35@1214.407213@1215.0722
1660	dHex(1)Hex(3)HexA(1)HexNAc(2)	dHex Hex(3) HexA HexNAc(2)	T	anywhere	1214.407213	1215.0722	C46H74N2O35	1	O-linked glycosylation	C46H74N2O35@1214.407213@1215.0722
1661	dHex(1)Hex(1)HexNAc(3)NeuGc(1)	dHex Hex HexNAc(3) NeuGc ---OR--- Hex(2) HexNAc(3) NeuAc	T	anywhere	1224.439181	1225.1133	C47H76N4O33	1	O-linked glycosylation	C47H76N4O33@1224.439181@1225.1133
1661	dHex(1)Hex(1)HexNAc(3)NeuGc(1)	dHex Hex HexNAc(3) NeuGc ---OR--- Hex(2) HexNAc(3) NeuAc	S	anywhere	1224.439181	1225.1133	C47H76N4O33	1	O-linked glycosylation	C47H76N4O33@1224.439181@1225.1133
1662	Hex(1)HexNAc(2)NeuAc(2)Sulf(1)	Hex HexNAc(2) NeuAc(2) Sulf	T	anywhere	1230.359217	1231.098	C44H70N4O34S1	1	O-linked glycosylation	C44H70N4O34S1@1230.359217@1231.098
1662	Hex(1)HexNAc(2)NeuAc(2)Sulf(1)	Hex HexNAc(2) NeuAc(2) Sulf	S	anywhere	1230.359217	1231.098	C44H70N4O34S1	1	O-linked glycosylation	C44H70N4O34S1@1230.359217@1231.098
1663	dHex(2)Hex(3)HexA(1)HexNAc(1)Sulf(1)	dHex(2) Hex(3) HexA HexNAc Sulf	T	anywhere	1237.342563	1238.084	C44H71N1O37S1	1	O-linked glycosylation	C44H71N1O37S1@1237.342563@1238.084
1663	dHex(2)Hex(3)HexA(1)HexNAc(1)Sulf(1)	dHex(2) Hex(3) HexA HexNAc Sulf	S	anywhere	1237.342563	1238.084	C44H71N1O37S1	1	O-linked glycosylation	C44H71N1O37S1@1237.342563@1238.084
1664	Hex(1)HexNAc(1)NeuAc(3)	Hex HexNAc NeuAc(3)	S	anywhere	1238.418446	1239.0969	C47H74N4O34	1	O-linked glycosylation	C47H74N4O34@1238.418446@1239.0969
1664	Hex(1)HexNAc(1)NeuAc(3)	Hex HexNAc NeuAc(3)	T	anywhere	1238.418446	1239.0969	C47H74N4O34	1	O-linked glycosylation	C47H74N4O34@1238.418446@1239.0969
1665	Hex(2)HexNAc(3)NeuGc(1)	Hex(2) HexNAc(3) NeuGc	S	anywhere	1240.434096	1241.1127	C47H76N4O34	1	O-linked glycosylation	C47H76N4O34@1240.434096@1241.1127
1665	Hex(2)HexNAc(3)NeuGc(1)	Hex(2) HexNAc(3) NeuGc	T	anywhere	1240.434096	1241.1127	C47H76N4O34	1	O-linked glycosylation	C47H76N4O34@1240.434096@1241.1127
1666	dHex(1)Hex(2)HexNAc(2)NeuAc(1)Sulf(1)	dHex Hex(2) HexNAc(2) NeuAc Sulf	T	anywhere	1247.374532	1248.1252	C45H73N3O35S1	1	O-linked glycosylation	C45H73N3O35S1@1247.374532@1248.1252
1666	dHex(1)Hex(2)HexNAc(2)NeuAc(1)Sulf(1)	dHex Hex(2) HexNAc(2) NeuAc Sulf	S	anywhere	1247.374532	1248.1252	C45H73N3O35S1	1	O-linked glycosylation	C45H73N3O35S1@1247.374532@1248.1252
1667	dHex(3)Hex(1)HexNAc(2)Kdn(1)	dHex(3) Hex HexNAc(2) Kdn	T	anywhere	1256.454163	1257.1519	C49H80N2O35	1	O-linked glycosylation	C49H80N2O35@1256.454163@1257.1519
1667	dHex(3)Hex(1)HexNAc(2)Kdn(1)	dHex(3) Hex HexNAc(2) Kdn	S	anywhere	1256.454163	1257.1519	C49H80N2O35	1	O-linked glycosylation	C49H80N2O35@1256.454163@1257.1519
1668	dHex(2)Hex(3)HexNAc(2)Sulf(1)	dHex(2) Hex(3) HexNAc(2) Sulf	T	anywhere	1264.389848	1265.1524	C46H76N2O36S1	1	O-linked glycosylation	C46H76N2O36S1@1264.389848@1265.1524
1668	dHex(2)Hex(3)HexNAc(2)Sulf(1)	dHex(2) Hex(3) HexNAc(2) Sulf	S	anywhere	1264.389848	1265.1524	C46H76N2O36S1	1	O-linked glycosylation	C46H76N2O36S1@1264.389848@1265.1524
1669	dHex(2)Hex(2)HexNAc(2)Kdn(1)	dHex(2) Hex(2) HexNAc(2) Kdn	T	anywhere	1272.449077	1273.1513	C49H80N2O36	1	O-linked glycosylation	C49H80N2O36@1272.449077@1273.1513
1669	dHex(2)Hex(2)HexNAc(2)Kdn(1)	dHex(2) Hex(2) HexNAc(2) Kdn	S	anywhere	1272.449077	1273.1513	C49H80N2O36	1	O-linked glycosylation	C49H80N2O36@1272.449077@1273.1513
1670	dHex(2)Hex(2)HexA(1)HexNAc(2)Sulf(1)	dHex(2) Hex(2) HexA HexNAc(2) Sulf	T	anywhere	1278.369113	1279.136	C46H74N2O37S1	1	O-linked glycosylation	C46H74N2O37S1@1278.369113@1279.136
1670	dHex(2)Hex(2)HexA(1)HexNAc(2)Sulf(1)	dHex(2) Hex(2) HexA HexNAc(2) Sulf	S	anywhere	1278.369113	1279.136	C46H74N2O37S1	1	O-linked glycosylation	C46H74N2O37S1@1278.369113@1279.136
1671	dHex(1)Hex(2)HexNAc(4)	dHex Hex(2) HexNAc(4)	T	anywhere	1282.481046	1283.1925	C50H82N4O34	1	O-linked glycosylation	C50H82N4O34@1282.481046@1283.1925
1671	dHex(1)Hex(2)HexNAc(4)	dHex Hex(2) HexNAc(4)	S	anywhere	1282.481046	1283.1925	C50H82N4O34	1	O-linked glycosylation	C50H82N4O34@1282.481046@1283.1925
1671	dHex(1)Hex(2)HexNAc(4)	dHex Hex(2) HexNAc(4)	N	anywhere	1282.481046	1283.1925	C50H82N4O34	1	N-linked glycosylation	C50H82N4O34@1282.481046@1283.1925
1672	Hex(1)HexNAc(1)NeuGc(3)	Hex HexNAc NeuGc(3)	S	anywhere	1286.40319	1287.0951	C47H74N4O37	1	O-linked glycosylation	C47H74N4O37@1286.40319@1287.0951
1672	Hex(1)HexNAc(1)NeuGc(3)	Hex HexNAc NeuGc(3)	T	anywhere	1286.40319	1287.0951	C47H74N4O37	1	O-linked glycosylation	C47H74N4O37@1286.40319@1287.0951
1673	dHex(1)Hex(1)HexNAc(3)NeuAc(1)Sulf(1)	dHex Hex HexNAc(3) NeuAc Sulf	T	anywhere	1288.401081	1289.1771	C47H76N4O35S1	1	O-linked glycosylation	C47H76N4O35S1@1288.401081@1289.1771
1673	dHex(1)Hex(1)HexNAc(3)NeuAc(1)Sulf(1)	dHex Hex HexNAc(3) NeuAc Sulf	S	anywhere	1288.401081	1289.1771	C47H76N4O35S1	1	O-linked glycosylation	C47H76N4O35S1@1288.401081@1289.1771
1674	dHex(1)Hex(3)HexA(1)HexNAc(2)Sulf(1)	dHex Hex(3) HexA HexNAc(2) Sulf	T	anywhere	1294.364027	1295.1354	C46H74N2O38S1	1	O-linked glycosylation	C46H74N2O38S1@1294.364027@1295.1354
1674	dHex(1)Hex(3)HexA(1)HexNAc(2)Sulf(1)	dHex Hex(3) HexA HexNAc(2) Sulf	S	anywhere	1294.364027	1295.1354	C46H74N2O38S1	1	O-linked glycosylation	C46H74N2O38S1@1294.364027@1295.1354
1675	dHex(1)Hex(1)HexNAc(2)NeuAc(2)	dHex Hex HexNAc(2) NeuAc(2)	S	anywhere	1296.460311	1297.176	C50H80N4O35	1	O-linked glycosylation	C50H80N4O35@1296.460311@1297.176
1675	dHex(1)Hex(1)HexNAc(2)NeuAc(2)	dHex Hex HexNAc(2) NeuAc(2)	T	anywhere	1296.460311	1297.176	C50H80N4O35	1	O-linked glycosylation	C50H80N4O35@1296.460311@1297.176
1676	dHex(3)HexNAc(3)Kdn(1)	dHex(3) HexNAc(3) Kdn	T	anywhere	1297.480712	1298.2038	C51H83N3O35	1	O-linked glycosylation	C51H83N3O35@1297.480712@1298.2038
1676	dHex(3)HexNAc(3)Kdn(1)	dHex(3) HexNAc(3) Kdn	S	anywhere	1297.480712	1298.2038	C51H83N3O35	1	O-linked glycosylation	C51H83N3O35@1297.480712@1298.2038
1678	Hex(2)HexNAc(3)NeuAc(1)Sulf(1)	Hex(2) HexNAc(3) NeuAc Sulf	T	anywhere	1304.395996	1305.1765	C47H76N4O36S1	1	O-linked glycosylation	C47H76N4O36S1@1304.395996@1305.1765
1678	Hex(2)HexNAc(3)NeuAc(1)Sulf(1)	Hex(2) HexNAc(3) NeuAc Sulf	S	anywhere	1304.395996	1305.1765	C47H76N4O36S1	1	O-linked glycosylation	C47H76N4O36S1@1304.395996@1305.1765
1679	dHex(2)Hex(2)HexNAc(3)Sulf(1)	dHex(2) Hex(2) HexNAc(3) Sulf	T	anywhere	1305.416397	1306.2044	C48H79N3O36S1	1	O-linked glycosylation	C48H79N3O36S1@1305.416397@1306.2044
1679	dHex(2)Hex(2)HexNAc(3)Sulf(1)	dHex(2) Hex(2) HexNAc(3) Sulf	S	anywhere	1305.416397	1306.2044	C48H79N3O36S1	1	O-linked glycosylation	C48H79N3O36S1@1305.416397@1306.2044
1680	dHex(2)HexNAc(5)	dHex(2) HexNAc(5)	S	anywhere	1307.512681	1308.245	C52H85N5O33	1	O-linked glycosylation	C52H85N5O33@1307.512681@1308.245
1680	dHex(2)HexNAc(5)	dHex(2) HexNAc(5)	T	anywhere	1307.512681	1308.245	C52H85N5O33	1	O-linked glycosylation	C52H85N5O33@1307.512681@1308.245
1681	Hex(2)HexNAc(2)NeuAc(2)	Hex(2) HexNAc(2) NeuAc(2)	S	anywhere	1312.455225	1313.1754	C50H80N4O36	1	O-linked glycosylation	C50H80N4O36@1312.455225@1313.1754
1681	Hex(2)HexNAc(2)NeuAc(2)	Hex(2) HexNAc(2) NeuAc(2)	T	anywhere	1312.455225	1313.1754	C50H80N4O36	1	O-linked glycosylation	C50H80N4O36@1312.455225@1313.1754
1682	dHex(2)Hex(2)HexNAc(2)NeuAc(1)	dHex(2) Hex(2) HexNAc(2) NeuAc ---OR--- Hex HexNAc(3) dHex(2) Kdn	T	anywhere	1313.475627	1314.2032	C51H83N3O36	1	O-linked glycosylation	C51H83N3O36@1313.475627@1314.2032
1682	dHex(2)Hex(2)HexNAc(2)NeuAc(1)	dHex(2) Hex(2) HexNAc(2) NeuAc ---OR--- Hex HexNAc(3) dHex(2) Kdn	S	anywhere	1313.475627	1314.2032	C51H83N3O36	1	O-linked glycosylation	C51H83N3O36@1313.475627@1314.2032
1683	dHex(1)Hex(3)HexNAc(3)Sulf(1)	dHex Hex(3) HexNAc(3) Sulf	T	anywhere	1321.411312	1322.2038	C48H79N3O37S1	1	O-linked glycosylation	C48H79N3O37S1@1321.411312@1322.2038
1683	dHex(1)Hex(3)HexNAc(3)Sulf(1)	dHex Hex(3) HexNAc(3) Sulf	S	anywhere	1321.411312	1322.2038	C48H79N3O37S1	1	O-linked glycosylation	C48H79N3O37S1@1321.411312@1322.2038
1684	dHex(2)Hex(2)HexNAc(2)NeuGc(1)	dHex(2) Hex(2) HexNAc(2) NeuGc ---OR--- Hex(3) HexNAc(2) dHex NeuAc ---OR--- Hex(2) HexNAc(3) dHex Kdn	T	anywhere	1329.470541	1330.2026	C51H83N3O37	1	O-linked glycosylation	C51H83N3O37@1329.470541@1330.2026
1684	dHex(2)Hex(2)HexNAc(2)NeuGc(1)	dHex(2) Hex(2) HexNAc(2) NeuGc ---OR--- Hex(3) HexNAc(2) dHex NeuAc ---OR--- Hex(2) HexNAc(3) dHex Kdn	S	anywhere	1329.470541	1330.2026	C51H83N3O37	1	O-linked glycosylation	C51H83N3O37@1329.470541@1330.2026
1685	Hex(2)HexNAc(5)	Hex(2) HexNAc(5)	S	anywhere	1339.50251	1340.2438	C52H85N5O35	1	O-linked glycosylation	C52H85N5O35@1339.50251@1340.2438
1685	Hex(2)HexNAc(5)	Hex(2) HexNAc(5)	T	anywhere	1339.50251	1340.2438	C52H85N5O35	1	O-linked glycosylation	C52H85N5O35@1339.50251@1340.2438
1686	dHex(1)Hex(3)HexNAc(2)NeuGc(1)	dHex Hex(3) HexNAc(2) NeuGc	S	anywhere	1345.465456	1346.202	C51H83N3O38	1	O-linked glycosylation	C51H83N3O38@1345.465456@1346.202
1686	dHex(1)Hex(3)HexNAc(2)NeuGc(1)	dHex Hex(3) HexNAc(2) NeuGc	T	anywhere	1345.465456	1346.202	C51H83N3O38	1	O-linked glycosylation	C51H83N3O38@1345.465456@1346.202
1687	Hex(1)HexNAc(3)NeuAc(2)	Hex HexNAc(3) NeuAc(2)	S	anywhere	1353.481775	1354.2273	C52H83N5O36	1	O-linked glycosylation	C52H83N5O36@1353.481775@1354.2273
1687	Hex(1)HexNAc(3)NeuAc(2)	Hex HexNAc(3) NeuAc(2)	T	anywhere	1353.481775	1354.2273	C52H83N5O36	1	O-linked glycosylation	C52H83N5O36@1353.481775@1354.2273
1688	dHex(1)Hex(2)HexNAc(3)NeuAc(1)	dHex Hex(2) HexNAc(3) NeuAc	S	anywhere	1370.49709	1371.2545	C53H86N4O37	1	O-linked glycosylation	C53H86N4O37@1370.49709@1371.2545
1688	dHex(1)Hex(2)HexNAc(3)NeuAc(1)	dHex Hex(2) HexNAc(3) NeuAc	T	anywhere	1370.49709	1371.2545	C53H86N4O37	1	O-linked glycosylation	C53H86N4O37@1370.49709@1371.2545
1689	dHex(3)Hex(2)HexNAc(3)	dHex(3) Hex(2) HexNAc(3)	S	anywhere	1371.517491	1372.2824	C54H89N3O37	1	O-linked glycosylation	C54H89N3O37@1371.517491@1372.2824
1689	dHex(3)Hex(2)HexNAc(3)	dHex(3) Hex(2) HexNAc(3)	T	anywhere	1371.517491	1372.2824	C54H89N3O37	1	O-linked glycosylation	C54H89N3O37@1371.517491@1372.2824
1690	Hex(7)Phos(3)	Hex(7) Phos(3)	T	anywhere	1374.268757	1374.9239	C42H73O44P3	1	O-linked glycosylation	C42H73O44P3@1374.268757@1374.9239
1690	Hex(7)Phos(3)	Hex(7) Phos(3)	S	anywhere	1374.268757	1374.9239	C42H73O44P3	1	O-linked glycosylation	C42H73O44P3@1374.268757@1374.9239
1691	dHex(1)Hex(4)HexA(1)HexNAc(2)	dHex Hex(4) HexA HexNAc(2)	S	anywhere	1376.460036	1377.2128	C52H84N2O40	1	O-linked glycosylation	C52H84N2O40@1376.460036@1377.2128
1691	dHex(1)Hex(4)HexA(1)HexNAc(2)	dHex Hex(4) HexA HexNAc(2)	T	anywhere	1376.460036	1377.2128	C52H84N2O40	1	O-linked glycosylation	C52H84N2O40@1376.460036@1377.2128
1692	Hex(3)HexNAc(3)NeuAc(1)	Hex(3) HexNAc(3) NeuAc ---OR--- Hex(2) HexNAc(3) dHex NeuGc ---OR--- Hex(2) HexNAc(4) Kdn	T	anywhere	1386.492005	1387.2539	C53H86N4O38	1	O-linked glycosylation	C53H86N4O38@1386.492005@1387.2539
1692	Hex(3)HexNAc(3)NeuAc(1)	Hex(3) HexNAc(3) NeuAc ---OR--- Hex(2) HexNAc(3) dHex NeuGc ---OR--- Hex(2) HexNAc(4) Kdn	S	anywhere	1386.492005	1387.2539	C53H86N4O38	1	O-linked glycosylation	C53H86N4O38@1386.492005@1387.2539
1693	dHex(1)Hex(3)HexA(2)HexNAc(2)	dHex Hex(3) HexA(2) HexNAc(2)	S	anywhere	1390.439301	1391.1963	C52H82N2O41	1	O-linked glycosylation	C52H82N2O41@1390.439301@1391.1963
1693	dHex(1)Hex(3)HexA(2)HexNAc(2)	dHex Hex(3) HexA(2) HexNAc(2)	T	anywhere	1390.439301	1391.1963	C52H82N2O41	1	O-linked glycosylation	C52H82N2O41@1390.439301@1391.1963
1694	Hex(2)HexNAc(2)NeuAc(2)Sulf(1)	Hex(2) HexNAc(2) NeuAc(2) Sulf	T	anywhere	1392.41204	1393.2386	C50H80N4O39S1	1	O-linked glycosylation	C50H80N4O39S1@1392.41204@1393.2386
1694	Hex(2)HexNAc(2)NeuAc(2)Sulf(1)	Hex(2) HexNAc(2) NeuAc(2) Sulf	S	anywhere	1392.41204	1393.2386	C50H80N4O39S1	1	O-linked glycosylation	C50H80N4O39S1@1392.41204@1393.2386
1695	dHex(2)Hex(2)HexNAc(2)NeuAc(1)Sulf(1)	dHex(2) Hex(2) HexNAc(2) NeuAc Sulf	T	anywhere	1393.432441	1394.2664	C51H83N3O39S1	1	O-linked glycosylation	C51H83N3O39S1@1393.432441@1394.2664
1695	dHex(2)Hex(2)HexNAc(2)NeuAc(1)Sulf(1)	dHex(2) Hex(2) HexNAc(2) NeuAc Sulf	S	anywhere	1393.432441	1394.2664	C51H83N3O39S1	1	O-linked glycosylation	C51H83N3O39S1@1393.432441@1394.2664
1696	Hex(3)HexNAc(3)NeuGc(1)	Hex(3) HexNAc(3) NeuGc	S	anywhere	1402.48692	1403.2533	C53H86N4O39	1	O-linked glycosylation	C53H86N4O39@1402.48692@1403.2533
1696	Hex(3)HexNAc(3)NeuGc(1)	Hex(3) HexNAc(3) NeuGc	T	anywhere	1402.48692	1403.2533	C53H86N4O39	1	O-linked glycosylation	C53H86N4O39@1402.48692@1403.2533
1697	dHex(4)Hex(1)HexNAc(2)Kdn(1)	dHex(4) Hex HexNAc(2) Kdn	T	anywhere	1402.512072	1403.2931	C55H90N2O39	1	O-linked glycosylation	C55H90N2O39@1402.512072@1403.2931
1697	dHex(4)Hex(1)HexNAc(2)Kdn(1)	dHex(4) Hex HexNAc(2) Kdn	S	anywhere	1402.512072	1403.2931	C55H90N2O39	1	O-linked glycosylation	C55H90N2O39@1402.512072@1403.2931
1698	dHex(3)Hex(2)HexNAc(2)Kdn(1)	dHex(3) Hex(2) HexNAc(2) Kdn	T	anywhere	1418.506986	1419.2925	C55H90N2O40	1	O-linked glycosylation	C55H90N2O40@1418.506986@1419.2925
1698	dHex(3)Hex(2)HexNAc(2)Kdn(1)	dHex(3) Hex(2) HexNAc(2) Kdn	S	anywhere	1418.506986	1419.2925	C55H90N2O40	1	O-linked glycosylation	C55H90N2O40@1418.506986@1419.2925
1699	dHex(3)Hex(2)HexA(1)HexNAc(2)Sulf(1)	dHex(3) Hex(2) HexA HexNAc(2) Sulf	T	anywhere	1424.427021	1425.2772	C52H84N2O41S1	1	O-linked glycosylation	C52H84N2O41S1@1424.427021@1425.2772
1699	dHex(3)Hex(2)HexA(1)HexNAc(2)Sulf(1)	dHex(3) Hex(2) HexA HexNAc(2) Sulf	S	anywhere	1424.427021	1425.2772	C52H84N2O41S1	1	O-linked glycosylation	C52H84N2O41S1@1424.427021@1425.2772
1700	Hex(2)HexNAc(4)NeuAc(1)	Hex(2) HexNAc(4) NeuAc	S	anywhere	1427.518554	1428.3059	C55H89N5O38	1	O-linked glycosylation	C55H89N5O38@1427.518554@1428.3059
1700	Hex(2)HexNAc(4)NeuAc(1)	Hex(2) HexNAc(4) NeuAc	T	anywhere	1427.518554	1428.3059	C55H89N5O38	1	O-linked glycosylation	C55H89N5O38@1427.518554@1428.3059
1701	dHex(2)Hex(2)HexNAc(4)	dHex(2) Hex(2) HexNAc(4)	S	anywhere	1428.538955	1429.3337	C56H92N4O38	1	O-linked glycosylation	C56H92N4O38@1428.538955@1429.3337
1701	dHex(2)Hex(2)HexNAc(4)	dHex(2) Hex(2) HexNAc(4)	T	anywhere	1428.538955	1429.3337	C56H92N4O38	1	O-linked glycosylation	C56H92N4O38@1428.538955@1429.3337
1702	dHex(2)Hex(3)HexA(1)HexNAc(2)Sulf(1)	dHex(2) Hex(3) HexA HexNAc(2) Sulf	T	anywhere	1440.421936	1441.2766	C52H84N2O42S1	1	O-linked glycosylation	C52H84N2O42S1@1440.421936@1441.2766
1702	dHex(2)Hex(3)HexA(1)HexNAc(2)Sulf(1)	dHex(2) Hex(3) HexA HexNAc(2) Sulf	S	anywhere	1440.421936	1441.2766	C52H84N2O42S1	1	O-linked glycosylation	C52H84N2O42S1@1440.421936@1441.2766
1703	dHex(4)HexNAc(3)Kdn(1)	dHex(4) HexNAc(3) Kdn	T	anywhere	1443.538621	1444.345	C57H93N3O39	1	O-linked glycosylation	C57H93N3O39@1443.538621@1444.345
1703	dHex(4)HexNAc(3)Kdn(1)	dHex(4) HexNAc(3) Kdn	S	anywhere	1443.538621	1444.345	C57H93N3O39	1	O-linked glycosylation	C57H93N3O39@1443.538621@1444.345
1705	Hex(2)HexNAc(1)NeuGc(3)	Hex(2) HexNAc NeuGc(3)	S	anywhere	1448.456013	1449.2357	C53H84N4O42	1	O-linked glycosylation	C53H84N4O42@1448.456013@1449.2357
1705	Hex(2)HexNAc(1)NeuGc(3)	Hex(2) HexNAc NeuGc(3)	T	anywhere	1448.456013	1449.2357	C53H84N4O42	1	O-linked glycosylation	C53H84N4O42@1448.456013@1449.2357
1706	dHex(4)Hex(1)HexNAc(1)Kdn(2)	dHex(4) Hex HexNAc Kdn(2)	T	anywhere	1449.501567	1450.3032	C56H91N1O42	1	O-linked glycosylation	C56H91N1O42@1449.501567@1450.3032
1706	dHex(4)Hex(1)HexNAc(1)Kdn(2)	dHex(4) Hex HexNAc Kdn(2)	S	anywhere	1449.501567	1450.3032	C56H91N1O42	1	O-linked glycosylation	C56H91N1O42@1449.501567@1450.3032
1707	dHex(1)Hex(2)HexNAc(3)NeuAc(1)Sulf(1)	dHex Hex(2) HexNAc(3) NeuAc Sulf	T	anywhere	1450.453905	1451.3177	C53H86N4O40S1	1	O-linked glycosylation	C53H86N4O40S1@1450.453905@1451.3177
1707	dHex(1)Hex(2)HexNAc(3)NeuAc(1)Sulf(1)	dHex Hex(2) HexNAc(3) NeuAc Sulf	S	anywhere	1450.453905	1451.3177	C53H86N4O40S1	1	O-linked glycosylation	C53H86N4O40S1@1450.453905@1451.3177
1708	dHex(1)Hex(2)HexNAc(2)NeuAc(2)	dHex Hex(2) HexNAc(2) NeuAc(2)	S	anywhere	1458.513134	1459.3166	C56H90N4O40	1	O-linked glycosylation	C56H90N4O40@1458.513134@1459.3166
1708	dHex(1)Hex(2)HexNAc(2)NeuAc(2)	dHex Hex(2) HexNAc(2) NeuAc(2)	T	anywhere	1458.513134	1459.3166	C56H90N4O40	1	O-linked glycosylation	C56H90N4O40@1458.513134@1459.3166
1709	dHex(3)Hex(1)HexNAc(3)Kdn(1)	dHex(3) Hex HexNAc(3) Kdn	T	anywhere	1459.533535	1460.3444	C57H93N3O40	1	O-linked glycosylation	C57H93N3O40@1459.533535@1460.3444
1709	dHex(3)Hex(1)HexNAc(3)Kdn(1)	dHex(3) Hex HexNAc(3) Kdn	S	anywhere	1459.533535	1460.3444	C57H93N3O40	1	O-linked glycosylation	C57H93N3O40@1459.533535@1460.3444
1711	Hex(3)HexNAc(3)NeuAc(1)Sulf(1)	Hex(3) HexNAc(3) NeuAc Sulf	T	anywhere	1466.44882	1467.3171	C53H86N4O41S1	1	O-linked glycosylation	C53H86N4O41S1@1466.44882@1467.3171
1711	Hex(3)HexNAc(3)NeuAc(1)Sulf(1)	Hex(3) HexNAc(3) NeuAc Sulf	S	anywhere	1466.44882	1467.3171	C53H86N4O41S1	1	O-linked glycosylation	C53H86N4O41S1@1466.44882@1467.3171
1712	Hex(3)HexNAc(2)NeuAc(2)	Hex(3) HexNAc(2) NeuAc(2)	S	anywhere	1474.508049	1475.316	C56H90N4O41	1	O-linked glycosylation	C56H90N4O41@1474.508049@1475.316
1712	Hex(3)HexNAc(2)NeuAc(2)	Hex(3) HexNAc(2) NeuAc(2)	T	anywhere	1474.508049	1475.316	C56H90N4O41	1	O-linked glycosylation	C56H90N4O41@1474.508049@1475.316
1713	Hex(3)HexNAc(3)NeuGc(1)Sulf(1)	Hex(3) HexNAc(3) NeuGc Sulf	T	anywhere	1482.443734	1483.3165	C53H86N4O42S1	1	O-linked glycosylation	C53H86N4O42S1@1482.443734@1483.3165
1713	Hex(3)HexNAc(3)NeuGc(1)Sulf(1)	Hex(3) HexNAc(3) NeuGc Sulf	S	anywhere	1482.443734	1483.3165	C53H86N4O42S1	1	O-linked glycosylation	C53H86N4O42S1@1482.443734@1483.3165
1714	dHex(1)Hex(2)HexNAc(2)NeuGc(2)	dHex Hex(2) HexNAc(2) NeuGc(2)	S	anywhere	1490.502964	1491.3154	C56H90N4O42	1	O-linked glycosylation	C56H90N4O42@1490.502964@1491.3154
1714	dHex(1)Hex(2)HexNAc(2)NeuGc(2)	dHex Hex(2) HexNAc(2) NeuGc(2)	T	anywhere	1490.502964	1491.3154	C56H90N4O42	1	O-linked glycosylation	C56H90N4O42@1490.502964@1491.3154
1715	dHex(2)Hex(3)HexNAc(2)NeuGc(1)	dHex(2) Hex(3) HexNAc(2) NeuGc ---OR--- Hex(4) HexNAc(2) dHex NeuAc	T	anywhere	1491.523365	1492.3432	C57H93N3O42	1	O-linked glycosylation	C57H93N3O42@1491.523365@1492.3432
1715	dHex(2)Hex(3)HexNAc(2)NeuGc(1)	dHex(2) Hex(3) HexNAc(2) NeuGc ---OR--- Hex(4) HexNAc(2) dHex NeuAc	S	anywhere	1491.523365	1492.3432	C57H93N3O42	1	O-linked glycosylation	C57H93N3O42@1491.523365@1492.3432
1716	dHex(1)Hex(3)HexA(1)HexNAc(3)Sulf(1)	dHex Hex(3) HexA HexNAc(3) Sulf	T	anywhere	1497.4434	1498.3279	C54H87N3O43S1	1	O-linked glycosylation	C54H87N3O43S1@1497.4434@1498.3279
1716	dHex(1)Hex(3)HexA(1)HexNAc(3)Sulf(1)	dHex Hex(3) HexA HexNAc(3) Sulf	S	anywhere	1497.4434	1498.3279	C54H87N3O43S1	1	O-linked glycosylation	C54H87N3O43S1@1497.4434@1498.3279
1717	Hex(2)HexNAc(3)NeuAc(2)	Hex(2) HexNAc(3) NeuAc(2)	S	anywhere	1515.534598	1516.3679	C58H93N5O41	1	O-linked glycosylation	C58H93N5O41@1515.534598@1516.3679
1717	Hex(2)HexNAc(3)NeuAc(2)	Hex(2) HexNAc(3) NeuAc(2)	T	anywhere	1515.534598	1516.3679	C58H93N5O41	1	O-linked glycosylation	C58H93N5O41@1515.534598@1516.3679
1718	dHex(2)Hex(2)HexNAc(3)NeuAc(1)	dHex(2) Hex(2) HexNAc(3) NeuAc	S	anywhere	1516.554999	1517.3957	C59H96N4O41	1	O-linked glycosylation	C59H96N4O41@1516.554999@1517.3957
1718	dHex(2)Hex(2)HexNAc(3)NeuAc(1)	dHex(2) Hex(2) HexNAc(3) NeuAc	T	anywhere	1516.554999	1517.3957	C59H96N4O41	1	O-linked glycosylation	C59H96N4O41@1516.554999@1517.3957
1719	dHex(4)Hex(2)HexNAc(3)	dHex(4) Hex(2) HexNAc(3)	S	anywhere	1517.5754	1518.4236	C60H99N3O41	1	O-linked glycosylation	C60H99N3O41@1517.5754@1518.4236
1719	dHex(4)Hex(2)HexNAc(3)	dHex(4) Hex(2) HexNAc(3)	T	anywhere	1517.5754	1518.4236	C60H99N3O41	1	O-linked glycosylation	C60H99N3O41@1517.5754@1518.4236
1720	Hex(2)HexNAc(3)NeuAc(1)NeuGc(1)	Hex(2) HexNAc(3) NeuAc NeuGc	S	anywhere	1531.529513	1532.3673	C58H93N5O42	1	O-linked glycosylation	C58H93N5O42@1531.529513@1532.3673
1720	Hex(2)HexNAc(3)NeuAc(1)NeuGc(1)	Hex(2) HexNAc(3) NeuAc NeuGc	T	anywhere	1531.529513	1532.3673	C58H93N5O42	1	O-linked glycosylation	C58H93N5O42@1531.529513@1532.3673
1721	dHex(2)Hex(2)HexNAc(3)NeuGc(1)	dHex(2) Hex(2) HexNAc(3) NeuGc ---OR--- Hex(3) HexNAc(3) dHex NeuAc ---OR--- Hex(2) HexNAc(4) dHex Kdn	T	anywhere	1532.549914	1533.3951	C59H96N4O42	1	O-linked glycosylation	C59H96N4O42@1532.549914@1533.3951
1721	dHex(2)Hex(2)HexNAc(3)NeuGc(1)	dHex(2) Hex(2) HexNAc(3) NeuGc ---OR--- Hex(3) HexNAc(3) dHex NeuAc ---OR--- Hex(2) HexNAc(4) dHex Kdn	S	anywhere	1532.549914	1533.3951	C59H96N4O42	1	O-linked glycosylation	C59H96N4O42@1532.549914@1533.3951
1722	dHex(3)Hex(3)HexNAc(3)	dHex(3) Hex(3) HexNAc(3)	S	anywhere	1533.570315	1534.423	C60H99N3O42	1	O-linked glycosylation	C60H99N3O42@1533.570315@1534.423
1722	dHex(3)Hex(3)HexNAc(3)	dHex(3) Hex(3) HexNAc(3)	T	anywhere	1533.570315	1534.423	C60H99N3O42	1	O-linked glycosylation	C60H99N3O42@1533.570315@1534.423
1723	Hex(8)Phos(3)	Hex(8) Phos(3)	T	anywhere	1536.321581	1537.0645	C48H83O49P3	1	O-linked glycosylation	C48H83O49P3@1536.321581@1537.0645
1723	Hex(8)Phos(3)	Hex(8) Phos(3)	S	anywhere	1536.321581	1537.0645	C48H83O49P3	1	O-linked glycosylation	C48H83O49P3@1536.321581@1537.0645
1724	dHex(1)Hex(2)HexNAc(2)NeuAc(2)Sulf(1)	dHex Hex(2) HexNAc(2) NeuAc(2) Sulf	T	anywhere	1538.469949	1539.3798	C56H90N4O43S1	1	O-linked glycosylation	C56H90N4O43S1@1538.469949@1539.3798
1724	dHex(1)Hex(2)HexNAc(2)NeuAc(2)Sulf(1)	dHex Hex(2) HexNAc(2) NeuAc(2) Sulf	S	anywhere	1538.469949	1539.3798	C56H90N4O43S1	1	O-linked glycosylation	C56H90N4O43S1@1538.469949@1539.3798
1725	Hex(2)HexNAc(3)NeuGc(2)	Hex(2) HexNAc(3) NeuGc(2)	S	anywhere	1547.524427	1548.3667	C58H93N5O43	1	O-linked glycosylation	C58H93N5O43@1547.524427@1548.3667
1725	Hex(2)HexNAc(3)NeuGc(2)	Hex(2) HexNAc(3) NeuGc(2)	T	anywhere	1547.524427	1548.3667	C58H93N5O43	1	O-linked glycosylation	C58H93N5O43@1547.524427@1548.3667
1726	dHex(4)Hex(2)HexNAc(2)Kdn(1)	dHex(4) Hex(2) HexNAc(2) Kdn	T	anywhere	1564.564895	1565.4337	C61H100N2O44	1	O-linked glycosylation	C61H100N2O44@1564.564895@1565.4337
1726	dHex(4)Hex(2)HexNAc(2)Kdn(1)	dHex(4) Hex(2) HexNAc(2) Kdn	S	anywhere	1564.564895	1565.4337	C61H100N2O44	1	O-linked glycosylation	C61H100N2O44@1564.564895@1565.4337
1727	dHex(1)Hex(2)HexNAc(4)NeuAc(1)	dHex Hex(2) HexNAc(4) NeuAc	S	anywhere	1573.576463	1574.4471	C61H99N5O42	1	O-linked glycosylation	C61H99N5O42@1573.576463@1574.4471
1727	dHex(1)Hex(2)HexNAc(4)NeuAc(1)	dHex Hex(2) HexNAc(4) NeuAc	T	anywhere	1573.576463	1574.4471	C61H99N5O42	1	O-linked glycosylation	C61H99N5O42@1573.576463@1574.4471
1728	dHex(3)Hex(2)HexNAc(4)	dHex(3) Hex(2) HexNAc(4)	S	anywhere	1574.596864	1575.4749	C62H102N4O42	1	O-linked glycosylation	C62H102N4O42@1574.596864@1575.4749
1728	dHex(3)Hex(2)HexNAc(4)	dHex(3) Hex(2) HexNAc(4)	T	anywhere	1574.596864	1575.4749	C62H102N4O42	1	O-linked glycosylation	C62H102N4O42@1574.596864@1575.4749
1729	Hex(1)HexNAc(1)NeuGc(4)	Hex HexNAc NeuGc(4)	S	anywhere	1593.493521	1594.349	C58H91N5O46	1	O-linked glycosylation	C58H91N5O46@1593.493521@1594.349
1729	Hex(1)HexNAc(1)NeuGc(4)	Hex HexNAc NeuGc(4)	T	anywhere	1593.493521	1594.349	C58H91N5O46	1	O-linked glycosylation	C58H91N5O46@1593.493521@1594.349
1730	dHex(4)Hex(1)HexNAc(3)Kdn(1)	dHex(4) Hex HexNAc(3) Kdn	T	anywhere	1605.591444	1606.4856	C63H103N3O44	1	O-linked glycosylation	C63H103N3O44@1605.591444@1606.4856
1730	dHex(4)Hex(1)HexNAc(3)Kdn(1)	dHex(4) Hex HexNAc(3) Kdn	S	anywhere	1605.591444	1606.4856	C63H103N3O44	1	O-linked glycosylation	C63H103N3O44@1605.591444@1606.4856
1732	Hex(4)HexNAc(4)Sulf(2)	Hex(4) HexNAc(4) Sulf(2)	T	anywhere	1620.442414	1621.4589	C56H92N4O46S2	1	O-linked glycosylation	C56H92N4O46S2@1620.442414@1621.4589
1732	Hex(4)HexNAc(4)Sulf(2)	Hex(4) HexNAc(4) Sulf(2)	S	anywhere	1620.442414	1621.4589	C56H92N4O46S2	1	O-linked glycosylation	C56H92N4O46S2@1620.442414@1621.4589
1733	dHex(3)Hex(2)HexNAc(3)Kdn(1)	dHex(3) Hex(2) HexNAc(3) Kdn ---OR--- Hex(3) HexNAc(2) dHex(3) NeuAc	T	anywhere	1621.586359	1622.485	C63H103N3O45	1	O-linked glycosylation	C63H103N3O45@1621.586359@1622.485
1733	dHex(3)Hex(2)HexNAc(3)Kdn(1)	dHex(3) Hex(2) HexNAc(3) Kdn ---OR--- Hex(3) HexNAc(2) dHex(3) NeuAc	S	anywhere	1621.586359	1622.485	C63H103N3O45	1	O-linked glycosylation	C63H103N3O45@1621.586359@1622.485
1735	dHex(2)Hex(2)HexNAc(5)	dHex(2) Hex(2) HexNAc(5)	S	anywhere	1631.618328	1632.5262	C64H105N5O43	1	O-linked glycosylation	C64H105N5O43@1631.618328@1632.5262
1735	dHex(2)Hex(2)HexNAc(5)	dHex(2) Hex(2) HexNAc(5)	T	anywhere	1631.618328	1632.5262	C64H105N5O43	1	O-linked glycosylation	C64H105N5O43@1631.618328@1632.5262
1736	dHex(2)Hex(3)HexA(1)HexNAc(3)Sulf(1)	dHex(2) Hex(3) HexA HexNAc(3) Sulf	T	anywhere	1643.501309	1644.4691	C60H97N3O47S1	1	O-linked glycosylation	C60H97N3O47S1@1643.501309@1644.4691
1736	dHex(2)Hex(3)HexA(1)HexNAc(3)Sulf(1)	dHex(2) Hex(3) HexA HexNAc(3) Sulf	S	anywhere	1643.501309	1644.4691	C60H97N3O47S1	1	O-linked glycosylation	C60H97N3O47S1@1643.501309@1644.4691
1737	dHex(1)Hex(4)HexA(1)HexNAc(3)Sulf(1)	dHex Hex(4) HexA HexNAc(3) Sulf	T	anywhere	1659.496223	1660.4685	C60H97N3O48S1	1	O-linked glycosylation	C60H97N3O48S1@1659.496223@1660.4685
1737	dHex(1)Hex(4)HexA(1)HexNAc(3)Sulf(1)	dHex Hex(4) HexA HexNAc(3) Sulf	S	anywhere	1659.496223	1660.4685	C60H97N3O48S1	1	O-linked glycosylation	C60H97N3O48S1@1659.496223@1660.4685
1738	Hex(3)HexNAc(3)NeuAc(2)	Hex(3) HexNAc(3) NeuAc(2)	S	anywhere	1677.587422	1678.5085	C64H103N5O46	1	O-linked glycosylation	C64H103N5O46@1677.587422@1678.5085
1738	Hex(3)HexNAc(3)NeuAc(2)	Hex(3) HexNAc(3) NeuAc(2)	T	anywhere	1677.587422	1678.5085	C64H103N5O46	1	O-linked glycosylation	C64H103N5O46@1677.587422@1678.5085
1739	dHex(2)Hex(3)HexNAc(3)NeuAc(1)	dHex(2) Hex(3) HexNAc(3) NeuAc ---OR--- Hex(2) HexNAc(4) dHex(2) Kdn	T	anywhere	1678.607823	1679.5363	C65H106N4O46	1	O-linked glycosylation	C65H106N4O46@1678.607823@1679.5363
1739	dHex(2)Hex(3)HexNAc(3)NeuAc(1)	dHex(2) Hex(3) HexNAc(3) NeuAc ---OR--- Hex(2) HexNAc(4) dHex(2) Kdn	S	anywhere	1678.607823	1679.5363	C65H106N4O46	1	O-linked glycosylation	C65H106N4O46@1678.607823@1679.5363
1740	dHex(4)Hex(3)HexNAc(3)	dHex(4) Hex(3) HexNAc(3)	S	anywhere	1679.628224	1680.5642	C66H109N3O46	1	O-linked glycosylation	C66H109N3O46@1679.628224@1680.5642
1740	dHex(4)Hex(3)HexNAc(3)	dHex(4) Hex(3) HexNAc(3)	T	anywhere	1679.628224	1680.5642	C66H109N3O46	1	O-linked glycosylation	C66H109N3O46@1679.628224@1680.5642
1742	Hex(9)Phos(3)	Hex(9) Phos(3)	T	anywhere	1698.374404	1699.2051	C54H93O54P3	1	O-linked glycosylation	C54H93O54P3@1698.374404@1699.2051
1742	Hex(9)Phos(3)	Hex(9) Phos(3)	S	anywhere	1698.374404	1699.2051	C54H93O54P3	1	O-linked glycosylation	C54H93O54P3@1698.374404@1699.2051
1743	dHex(2)HexNAc(7)	dHex(2) HexNAc(7)	S	anywhere	1713.671426	1714.63	C68H111N7O43	1	O-linked glycosylation	C68H111N7O43@1713.671426@1714.63
1743	dHex(2)HexNAc(7)	dHex(2) HexNAc(7)	T	anywhere	1713.671426	1714.63	C68H111N7O43	1	O-linked glycosylation	C68H111N7O43@1713.671426@1714.63
1744	Hex(2)HexNAc(1)NeuGc(4)	Hex(2) HexNAc NeuGc(4)	S	anywhere	1755.546345	1756.4896	C64H101N5O51	1	O-linked glycosylation	C64H101N5O51@1755.546345@1756.4896
1744	Hex(2)HexNAc(1)NeuGc(4)	Hex(2) HexNAc NeuGc(4)	T	anywhere	1755.546345	1756.4896	C64H101N5O51	1	O-linked glycosylation	C64H101N5O51@1755.546345@1756.4896
1745	Hex(3)HexNAc(3)NeuAc(2)Sulf(1)	Hex(3) HexNAc(3) NeuAc(2) Sulf	T	anywhere	1757.544236	1758.5717	C64H103N5O49S1	1	O-linked glycosylation	C64H103N5O49S1@1757.544236@1758.5717
1745	Hex(3)HexNAc(3)NeuAc(2)Sulf(1)	Hex(3) HexNAc(3) NeuAc(2) Sulf	S	anywhere	1757.544236	1758.5717	C64H103N5O49S1	1	O-linked glycosylation	C64H103N5O49S1@1757.544236@1758.5717
1746	dHex(2)Hex(3)HexNAc(5)	dHex(2) Hex(3) HexNAc(5)	T	anywhere	1793.671151	1794.6668	C70H115N5O48	1	O-linked glycosylation	C70H115N5O48@1793.671151@1794.6668
1746	dHex(2)Hex(3)HexNAc(5)	dHex(2) Hex(3) HexNAc(5)	S	anywhere	1793.671151	1794.6668	C70H115N5O48	1	O-linked glycosylation	C70H115N5O48@1793.671151@1794.6668
1746	dHex(2)Hex(3)HexNAc(5)	dHex(2) Hex(3) HexNAc(5)	N	anywhere	1793.671151	1794.6668	C70H115N5O48	1	N-linked glycosylation	C70H115N5O48@1793.671151@1794.6668
1747	dHex(1)Hex(2)HexNAc(2)NeuGc(3)	dHex Hex(2) HexNAc(2) NeuGc(3)	S	anywhere	1797.593295	1798.5694	C67H107N5O51	1	O-linked glycosylation	C67H107N5O51@1797.593295@1798.5694
1747	dHex(1)Hex(2)HexNAc(2)NeuGc(3)	dHex Hex(2) HexNAc(2) NeuGc(3)	T	anywhere	1797.593295	1798.5694	C67H107N5O51	1	O-linked glycosylation	C67H107N5O51@1797.593295@1798.5694
1748	dHex(2)Hex(4)HexA(1)HexNAc(3)Sulf(1)	dHex(2) Hex(4) HexA HexNAc(3) Sulf	T	anywhere	1805.554132	1806.6097	C66H107N3O52S1	1	O-linked glycosylation	C66H107N3O52S1@1805.554132@1806.6097
1748	dHex(2)Hex(4)HexA(1)HexNAc(3)Sulf(1)	dHex(2) Hex(4) HexA HexNAc(3) Sulf	S	anywhere	1805.554132	1806.6097	C66H107N3O52S1	1	O-linked glycosylation	C66H107N3O52S1@1805.554132@1806.6097
1749	Hex(2)HexNAc(3)NeuAc(3)	Hex(2) HexNAc(3) NeuAc(3)	S	anywhere	1806.630015	1807.6225	C69H110N6O49	1	O-linked glycosylation	C69H110N6O49@1806.630015@1807.6225
1749	Hex(2)HexNAc(3)NeuAc(3)	Hex(2) HexNAc(3) NeuAc(3)	T	anywhere	1806.630015	1807.6225	C69H110N6O49	1	O-linked glycosylation	C69H110N6O49@1806.630015@1807.6225
1750	dHex(1)Hex(3)HexNAc(3)NeuAc(2)	dHex Hex(3) HexNAc(3) NeuAc(2)	S	anywhere	1823.64533	1824.6497	C70H113N5O50	1	O-linked glycosylation	C70H113N5O50@1823.64533@1824.6497
1750	dHex(1)Hex(3)HexNAc(3)NeuAc(2)	dHex Hex(3) HexNAc(3) NeuAc(2)	T	anywhere	1823.64533	1824.6497	C70H113N5O50	1	O-linked glycosylation	C70H113N5O50@1823.64533@1824.6497
1751	dHex(3)Hex(3)HexNAc(3)NeuAc(1)	dHex(3) Hex(3) HexNAc(3) NeuAc	S	anywhere	1824.665732	1825.6775	C71H116N4O50	1	O-linked glycosylation	C71H116N4O50@1824.665732@1825.6775
1751	dHex(3)Hex(3)HexNAc(3)NeuAc(1)	dHex(3) Hex(3) HexNAc(3) NeuAc	T	anywhere	1824.665732	1825.6775	C71H116N4O50	1	O-linked glycosylation	C71H116N4O50@1824.665732@1825.6775
1752	Hex(2)HexNAc(3)NeuGc(3)	Hex(2) HexNAc(3) NeuGc(3)	S	anywhere	1854.614759	1855.6207	C69H110N6O52	1	O-linked glycosylation	C69H110N6O52@1854.614759@1855.6207
1752	Hex(2)HexNAc(3)NeuGc(3)	Hex(2) HexNAc(3) NeuGc(3)	T	anywhere	1854.614759	1855.6207	C69H110N6O52	1	O-linked glycosylation	C69H110N6O52@1854.614759@1855.6207
1753	Hex(10)Phos(3)	Hex(10) Phos(3)	T	anywhere	1860.427228	1861.3457	C60H103O59P3	1	O-linked glycosylation	C60H103O59P3@1860.427228@1861.3457
1753	Hex(10)Phos(3)	Hex(10) Phos(3)	S	anywhere	1860.427228	1861.3457	C60H103O59P3	1	O-linked glycosylation	C60H103O59P3@1860.427228@1861.3457
1754	dHex(1)Hex(2)HexNAc(4)NeuAc(2)	dHex Hex(2) HexNAc(4) NeuAc(2)	S	anywhere	1864.67188	1865.7016	C72H116N6O50	1	O-linked glycosylation	C72H116N6O50@1864.67188@1865.7016
1754	dHex(1)Hex(2)HexNAc(4)NeuAc(2)	dHex Hex(2) HexNAc(4) NeuAc(2)	T	anywhere	1864.67188	1865.7016	C72H116N6O50	1	O-linked glycosylation	C72H116N6O50@1864.67188@1865.7016
1755	Hex(1)HexNAc(1)NeuGc(5)	Hex HexNAc NeuGc(5)	S	anywhere	1900.583852	1901.603	C69H108N6O55	1	O-linked glycosylation	C69H108N6O55@1900.583852@1901.603
1755	Hex(1)HexNAc(1)NeuGc(5)	Hex HexNAc NeuGc(5)	T	anywhere	1900.583852	1901.603	C69H108N6O55	1	O-linked glycosylation	C69H108N6O55@1900.583852@1901.603
1756	Hex(4)HexNAc(4)NeuAc(1)Sulf(2)	Hex(4) HexNAc(4) NeuAc Sulf(2)	T	anywhere	1911.53783	1912.7135	C67H109N5O54S2	1	O-linked glycosylation	C67H109N5O54S2@1911.53783@1912.7135
1756	Hex(4)HexNAc(4)NeuAc(1)Sulf(2)	Hex(4) HexNAc(4) NeuAc Sulf(2)	S	anywhere	1911.53783	1912.7135	C67H109N5O54S2	1	O-linked glycosylation	C67H109N5O54S2@1911.53783@1912.7135
1757	Hex(4)HexNAc(4)NeuGc(1)Sulf(2)	Hex(4) HexNAc(4) NeuGc Sulf(2)	T	anywhere	1927.532745	1928.7129	C67H109N5O55S2	1	O-linked glycosylation	C67H109N5O55S2@1927.532745@1928.7129
1757	Hex(4)HexNAc(4)NeuGc(1)Sulf(2)	Hex(4) HexNAc(4) NeuGc Sulf(2)	S	anywhere	1927.532745	1928.7129	C67H109N5O55S2	1	O-linked glycosylation	C67H109N5O55S2@1927.532745@1928.7129
1758	dHex(2)Hex(3)HexNAc(3)NeuAc(2)	dHex(2) Hex(3) HexNAc(3) NeuAc(2)	S	anywhere	1969.703239	1970.7909	C76H123N5O54	1	O-linked glycosylation	C76H123N5O54@1969.703239@1970.7909
1758	dHex(2)Hex(3)HexNAc(3)NeuAc(2)	dHex(2) Hex(3) HexNAc(3) NeuAc(2)	T	anywhere	1969.703239	1970.7909	C76H123N5O54	1	O-linked glycosylation	C76H123N5O54@1969.703239@1970.7909
1759	Hex(4)HexNAc(4)NeuAc(1)Sulf(3)	Hex(4) HexNAc(4) NeuAc Sulf(3)	T	anywhere	1991.494645	1992.7767	C67H109N5O57S3	1	O-linked glycosylation	C67H109N5O57S3@1991.494645@1992.7767
1759	Hex(4)HexNAc(4)NeuAc(1)Sulf(3)	Hex(4) HexNAc(4) NeuAc Sulf(3)	S	anywhere	1991.494645	1992.7767	C67H109N5O57S3	1	O-linked glycosylation	C67H109N5O57S3@1991.494645@1992.7767
1760	dHex(2)Hex(2)HexNAc(2)	dHex(2) Hex(2) HexNAc(2)	S	anywhere	1022.38021	1022.9486	C40H66N2O28	1	O-linked glycosylation	C40H66N2O28@1022.38021@1022.9486
1760	dHex(2)Hex(2)HexNAc(2)	dHex(2) Hex(2) HexNAc(2)	T	anywhere	1022.38021	1022.9486	C40H66N2O28	1	O-linked glycosylation	C40H66N2O28@1022.38021@1022.9486
1760	dHex(2)Hex(2)HexNAc(2)	dHex(2) Hex(2) HexNAc(2)	N	anywhere	1022.38021	1022.9486	C40H66N2O28	1	N-linked glycosylation	C40H66N2O28@1022.38021@1022.9486
1761	dHex(1)Hex(3)HexNAc(2)	dHex Hex(3) HexNAc(2)	S	anywhere	1038.375125	1038.948	C40H66N2O29	1	O-linked glycosylation	C40H66N2O29@1038.375125@1038.948
1761	dHex(1)Hex(3)HexNAc(2)	dHex Hex(3) HexNAc(2)	T	anywhere	1038.375125	1038.948	C40H66N2O29	1	O-linked glycosylation	C40H66N2O29@1038.375125@1038.948
1761	dHex(1)Hex(3)HexNAc(2)	dHex Hex(3) HexNAc(2)	N	anywhere	1038.375125	1038.948	C40H66N2O29	1	N-linked glycosylation	C40H66N2O29@1038.375125@1038.948
1762	dHex(1)Hex(2)HexNAc(3)	dHex Hex(2) HexNAc(3)	S	anywhere	1079.401674	1080	C42H69N3O29	1	O-linked glycosylation	C42H69N3O29@1079.401674@1080
1762	dHex(1)Hex(2)HexNAc(3)	dHex Hex(2) HexNAc(3)	T	anywhere	1079.401674	1080	C42H69N3O29	1	O-linked glycosylation	C42H69N3O29@1079.401674@1080
1762	dHex(1)Hex(2)HexNAc(3)	dHex Hex(2) HexNAc(3)	N	anywhere	1079.401674	1080	C42H69N3O29	1	N-linked glycosylation	C42H69N3O29@1079.401674@1080
1763	Hex(3)HexNAc(3)	Hex(3) HexNAc(3)	S	anywhere	1095.396588	1095.9994	C42H69N3O30	1	O-linked glycosylation	C42H69N3O30@1095.396588@1095.9994
1763	Hex(3)HexNAc(3)	Hex(3) HexNAc(3)	T	anywhere	1095.396588	1095.9994	C42H69N3O30	1	O-linked glycosylation	C42H69N3O30@1095.396588@1095.9994
1763	Hex(3)HexNAc(3)	Hex(3) HexNAc(3)	N	anywhere	1095.396588	1095.9994	C42H69N3O30	1	N-linked glycosylation	C42H69N3O30@1095.396588@1095.9994
1764	dHex(1)Hex(3)HexNAc(2)Sulf(1)	dHex Hex(3) HexNAc(2) Sulf	N	anywhere	1118.331939	1119.0112	C40H66N2O32S1	1	N-linked glycosylation	C40H66N2O32S1@1118.331939@1119.0112
1764	dHex(1)Hex(3)HexNAc(2)Sulf(1)	dHex Hex(3) HexNAc(2) Sulf	T	anywhere	1118.331939	1119.0112	C40H66N2O32S1	1	O-linked glycosylation	C40H66N2O32S1@1118.331939@1119.0112
1764	dHex(1)Hex(3)HexNAc(2)Sulf(1)	dHex Hex(3) HexNAc(2) Sulf	S	anywhere	1118.331939	1119.0112	C40H66N2O32S1	1	O-linked glycosylation	C40H66N2O32S1@1118.331939@1119.0112
1765	dHex(2)Hex(3)HexNAc(2)	dHex(2) Hex(3) HexNAc(2)	S	anywhere	1184.433033	1185.0892	C46H76N2O33	1	O-linked glycosylation	C46H76N2O33@1184.433033@1185.0892
1765	dHex(2)Hex(3)HexNAc(2)	dHex(2) Hex(3) HexNAc(2)	T	anywhere	1184.433033	1185.0892	C46H76N2O33	1	O-linked glycosylation	C46H76N2O33@1184.433033@1185.0892
1765	dHex(2)Hex(3)HexNAc(2)	dHex(2) Hex(3) HexNAc(2)	N	anywhere	1184.433033	1185.0892	C46H76N2O33	1	N-linked glycosylation	C46H76N2O33@1184.433033@1185.0892
1766	dHex(1)Hex(4)HexNAc(2)	dHex Hex(4) HexNAc(2)	S	anywhere	1200.427948	1201.0886	C46H76N2O34	1	O-linked glycosylation	C46H76N2O34@1200.427948@1201.0886
1766	dHex(1)Hex(4)HexNAc(2)	dHex Hex(4) HexNAc(2)	T	anywhere	1200.427948	1201.0886	C46H76N2O34	1	O-linked glycosylation	C46H76N2O34@1200.427948@1201.0886
1766	dHex(1)Hex(4)HexNAc(2)	dHex Hex(4) HexNAc(2)	N	anywhere	1200.427948	1201.0886	C46H76N2O34	1	N-linked glycosylation	C46H76N2O34@1200.427948@1201.0886
1767	dHex(2)Hex(2)HexNAc(3)	dHex(2) Hex(2) HexNAc(3)	S	anywhere	1225.459583	1226.1412	C48H79N3O33	1	O-linked glycosylation	C48H79N3O33@1225.459583@1226.1412
1767	dHex(2)Hex(2)HexNAc(3)	dHex(2) Hex(2) HexNAc(3)	T	anywhere	1225.459583	1226.1412	C48H79N3O33	1	O-linked glycosylation	C48H79N3O33@1225.459583@1226.1412
1767	dHex(2)Hex(2)HexNAc(3)	dHex(2) Hex(2) HexNAc(3)	N	anywhere	1225.459583	1226.1412	C48H79N3O33	1	N-linked glycosylation	C48H79N3O33@1225.459583@1226.1412
1768	dHex(1)Hex(3)HexNAc(3)	dHex Hex(3) HexNAc(3)	S	anywhere	1241.454497	1242.1406	C48H79N3O34	1	O-linked glycosylation	C48H79N3O34@1241.454497@1242.1406
1768	dHex(1)Hex(3)HexNAc(3)	dHex Hex(3) HexNAc(3)	T	anywhere	1241.454497	1242.1406	C48H79N3O34	1	O-linked glycosylation	C48H79N3O34@1241.454497@1242.1406
1768	dHex(1)Hex(3)HexNAc(3)	dHex Hex(3) HexNAc(3)	N	anywhere	1241.454497	1242.1406	C48H79N3O34	1	N-linked glycosylation	C48H79N3O34@1241.454497@1242.1406
1769	Hex(4)HexNAc(3)	Hex(4) HexNAc(3)	S	anywhere	1257.449412	1258.14	C48H79N3O35	1	O-linked glycosylation	C48H79N3O35@1257.449412@1258.14
1769	Hex(4)HexNAc(3)	Hex(4) HexNAc(3)	T	anywhere	1257.449412	1258.14	C48H79N3O35	1	O-linked glycosylation	C48H79N3O35@1257.449412@1258.14
1769	Hex(4)HexNAc(3)	Hex(4) HexNAc(3)	N	anywhere	1257.449412	1258.14	C48H79N3O35	1	N-linked glycosylation	C48H79N3O35@1257.449412@1258.14
1770	dHex(2)Hex(4)HexNAc(2)	dHex(2) Hex(4) HexNAc(2)	S	anywhere	1346.485857	1347.2298	C52H86N2O38	1	O-linked glycosylation	C52H86N2O38@1346.485857@1347.2298
1770	dHex(2)Hex(4)HexNAc(2)	dHex(2) Hex(4) HexNAc(2)	T	anywhere	1346.485857	1347.2298	C52H86N2O38	1	O-linked glycosylation	C52H86N2O38@1346.485857@1347.2298
1770	dHex(2)Hex(4)HexNAc(2)	dHex(2) Hex(4) HexNAc(2)	N	anywhere	1346.485857	1347.2298	C52H86N2O38	1	N-linked glycosylation	C52H86N2O38@1346.485857@1347.2298
1771	dHex(2)Hex(3)HexNAc(3)	dHex(2) Hex(3) HexNAc(3)	S	anywhere	1387.512406	1388.2818	C54H89N3O38	1	O-linked glycosylation	C54H89N3O38@1387.512406@1388.2818
1771	dHex(2)Hex(3)HexNAc(3)	dHex(2) Hex(3) HexNAc(3)	T	anywhere	1387.512406	1388.2818	C54H89N3O38	1	O-linked glycosylation	C54H89N3O38@1387.512406@1388.2818
1771	dHex(2)Hex(3)HexNAc(3)	dHex(2) Hex(3) HexNAc(3)	N	anywhere	1387.512406	1388.2818	C54H89N3O38	1	N-linked glycosylation	C54H89N3O38@1387.512406@1388.2818
1772	Hex(3)HexNAc(5)	A3	N	anywhere	1501.555334	1502.3844	C58H95N5O40	1	N-linked glycosylation	C58H95N5O40@1501.555334@1502.3844
1772	Hex(3)HexNAc(5)	A3	T	anywhere	1501.555334	1502.3844	C58H95N5O40	1	O-linked glycosylation	C58H95N5O40@1501.555334@1502.3844
1772	Hex(3)HexNAc(5)	A3	S	anywhere	1501.555334	1502.3844	C58H95N5O40	1	O-linked glycosylation	C58H95N5O40@1501.555334@1502.3844
1773	Hex(4)HexNAc(3)NeuAc(1)	Hex(4) HexNAc(3) NeuAc ---OR--- Hex(3) HexNAc(4) Kdn	N	anywhere	1548.544828	1549.3945	C59H96N4O43	1	N-linked glycosylation	C59H96N4O43@1548.544828@1549.3945
1773	Hex(4)HexNAc(3)NeuAc(1)	Hex(4) HexNAc(3) NeuAc ---OR--- Hex(3) HexNAc(4) Kdn	T	anywhere	1548.544828	1549.3945	C59H96N4O43	1	O-linked glycosylation	C59H96N4O43@1548.544828@1549.3945
1773	Hex(4)HexNAc(3)NeuAc(1)	Hex(4) HexNAc(3) NeuAc ---OR--- Hex(3) HexNAc(4) Kdn	S	anywhere	1548.544828	1549.3945	C59H96N4O43	1	O-linked glycosylation	C59H96N4O43@1548.544828@1549.3945
1774	dHex(2)Hex(3)HexNAc(4)	dHex(2) Hex(3) HexNAc(4)	S	anywhere	1590.591779	1591.4743	C62H102N4O43	1	O-linked glycosylation	C62H102N4O43@1590.591779@1591.4743
1774	dHex(2)Hex(3)HexNAc(4)	dHex(2) Hex(3) HexNAc(4)	T	anywhere	1590.591779	1591.4743	C62H102N4O43	1	O-linked glycosylation	C62H102N4O43@1590.591779@1591.4743
1774	dHex(2)Hex(3)HexNAc(4)	dHex(2) Hex(3) HexNAc(4)	N	anywhere	1590.591779	1591.4743	C62H102N4O43	1	N-linked glycosylation	C62H102N4O43@1590.591779@1591.4743
1775	dHex(1)Hex(3)HexNAc(5)	dHex Hex(3) HexNAc(5)	S	anywhere	1647.613242	1648.5256	C64H105N5O44	1	O-linked glycosylation	C64H105N5O44@1647.613242@1648.5256
1775	dHex(1)Hex(3)HexNAc(5)	dHex Hex(3) HexNAc(5)	T	anywhere	1647.613242	1648.5256	C64H105N5O44	1	O-linked glycosylation	C64H105N5O44@1647.613242@1648.5256
1775	dHex(1)Hex(3)HexNAc(5)	dHex Hex(3) HexNAc(5)	N	anywhere	1647.613242	1648.5256	C64H105N5O44	1	N-linked glycosylation	C64H105N5O44@1647.613242@1648.5256
1776	Hex(3)HexNAc(6)	A4	N	anywhere	1704.634706	1705.5769	C66H108N6O45	1	N-linked glycosylation	C66H108N6O45@1704.634706@1705.5769
1776	Hex(3)HexNAc(6)	A4	T	anywhere	1704.634706	1705.5769	C66H108N6O45	1	O-linked glycosylation	C66H108N6O45@1704.634706@1705.5769
1776	Hex(3)HexNAc(6)	A4	S	anywhere	1704.634706	1705.5769	C66H108N6O45	1	O-linked glycosylation	C66H108N6O45@1704.634706@1705.5769
1777	Hex(4)HexNAc(4)NeuAc(1)	Hex(4) HexNAc(4) NeuAc	S	anywhere	1751.624201	1752.5871	C67H109N5O48	1	O-linked glycosylation	C67H109N5O48@1751.624201@1752.5871
1777	Hex(4)HexNAc(4)NeuAc(1)	Hex(4) HexNAc(4) NeuAc	T	anywhere	1751.624201	1752.5871	C67H109N5O48	1	O-linked glycosylation	C67H109N5O48@1751.624201@1752.5871
1777	Hex(4)HexNAc(4)NeuAc(1)	Hex(4) HexNAc(4) NeuAc	N	anywhere	1751.624201	1752.5871	C67H109N5O48	1	N-linked glycosylation	C67H109N5O48@1751.624201@1752.5871
1778	dHex(2)Hex(4)HexNAc(4)	dHex(2) Hex(4) HexNAc(4) ---OR--- Hex(4) HexNAc(4) dHex Pent Me	N	anywhere	1752.644602	1753.6149	C68H112N4O48	1	N-linked glycosylation	C68H112N4O48@1752.644602@1753.6149
1778	dHex(2)Hex(4)HexNAc(4)	dHex(2) Hex(4) HexNAc(4) ---OR--- Hex(4) HexNAc(4) dHex Pent Me	T	anywhere	1752.644602	1753.6149	C68H112N4O48	1	O-linked glycosylation	C68H112N4O48@1752.644602@1753.6149
1778	dHex(2)Hex(4)HexNAc(4)	dHex(2) Hex(4) HexNAc(4) ---OR--- Hex(4) HexNAc(4) dHex Pent Me	S	anywhere	1752.644602	1753.6149	C68H112N4O48	1	O-linked glycosylation	C68H112N4O48@1752.644602@1753.6149
1779	Hex(6)HexNAc(4)	Hex(6) HexNAc(4)	S	anywhere	1784.634431	1785.6137	C68H112N4O50	1	O-linked glycosylation	C68H112N4O50@1784.634431@1785.6137
1779	Hex(6)HexNAc(4)	Hex(6) HexNAc(4)	T	anywhere	1784.634431	1785.6137	C68H112N4O50	1	O-linked glycosylation	C68H112N4O50@1784.634431@1785.6137
1779	Hex(6)HexNAc(4)	Hex(6) HexNAc(4)	N	anywhere	1784.634431	1785.6137	C68H112N4O50	1	N-linked glycosylation	C68H112N4O50@1784.634431@1785.6137
1780	Hex(5)HexNAc(5)	Hex(5) HexNAc(5)	S	anywhere	1825.660981	1826.6656	C70H115N5O50	1	O-linked glycosylation	C70H115N5O50@1825.660981@1826.6656
1780	Hex(5)HexNAc(5)	Hex(5) HexNAc(5)	T	anywhere	1825.660981	1826.6656	C70H115N5O50	1	O-linked glycosylation	C70H115N5O50@1825.660981@1826.6656
1780	Hex(5)HexNAc(5)	Hex(5) HexNAc(5)	N	anywhere	1825.660981	1826.6656	C70H115N5O50	1	N-linked glycosylation	C70H115N5O50@1825.660981@1826.6656
1781	dHex(1)Hex(3)HexNAc(6)	dHex Hex(3) HexNAc(6)	S	anywhere	1850.692615	1851.7181	C72H118N6O49	1	O-linked glycosylation	C72H118N6O49@1850.692615@1851.7181
1781	dHex(1)Hex(3)HexNAc(6)	dHex Hex(3) HexNAc(6)	T	anywhere	1850.692615	1851.7181	C72H118N6O49	1	O-linked glycosylation	C72H118N6O49@1850.692615@1851.7181
1781	dHex(1)Hex(3)HexNAc(6)	dHex Hex(3) HexNAc(6)	N	anywhere	1850.692615	1851.7181	C72H118N6O49	1	N-linked glycosylation	C72H118N6O49@1850.692615@1851.7181
1782	dHex(1)Hex(4)HexNAc(4)NeuAc(1)	dHex Hex(4) HexNAc(4) NeuAc ---OR--- Hex(3) HexNAc(5) dHex Kdn	N	anywhere	1897.68211	1898.7283	C73H119N5O52	1	N-linked glycosylation	C73H119N5O52@1897.68211@1898.7283
1782	dHex(1)Hex(4)HexNAc(4)NeuAc(1)	dHex Hex(4) HexNAc(4) NeuAc ---OR--- Hex(3) HexNAc(5) dHex Kdn	T	anywhere	1897.68211	1898.7283	C73H119N5O52	1	O-linked glycosylation	C73H119N5O52@1897.68211@1898.7283
1782	dHex(1)Hex(4)HexNAc(4)NeuAc(1)	dHex Hex(4) HexNAc(4) NeuAc ---OR--- Hex(3) HexNAc(5) dHex Kdn	S	anywhere	1897.68211	1898.7283	C73H119N5O52	1	O-linked glycosylation	C73H119N5O52@1897.68211@1898.7283
1783	dHex(3)Hex(4)HexNAc(4)	dHex(3) Hex(4) HexNAc(4)	S	anywhere	1898.702511	1899.7561	C74H122N4O52	1	O-linked glycosylation	C74H122N4O52@1898.702511@1899.7561
1783	dHex(3)Hex(4)HexNAc(4)	dHex(3) Hex(4) HexNAc(4)	T	anywhere	1898.702511	1899.7561	C74H122N4O52	1	O-linked glycosylation	C74H122N4O52@1898.702511@1899.7561
1783	dHex(3)Hex(4)HexNAc(4)	dHex(3) Hex(4) HexNAc(4)	N	anywhere	1898.702511	1899.7561	C74H122N4O52	1	N-linked glycosylation	C74H122N4O52@1898.702511@1899.7561
1784	dHex(1)Hex(3)HexNAc(5)NeuAc(1)	dHex Hex(3) HexNAc(5) NeuAc	S	anywhere	1938.708659	1939.7802	C75H122N6O52	1	O-linked glycosylation	C75H122N6O52@1938.708659@1939.7802
1784	dHex(1)Hex(3)HexNAc(5)NeuAc(1)	dHex Hex(3) HexNAc(5) NeuAc	T	anywhere	1938.708659	1939.7802	C75H122N6O52	1	O-linked glycosylation	C75H122N6O52@1938.708659@1939.7802
1784	dHex(1)Hex(3)HexNAc(5)NeuAc(1)	dHex Hex(3) HexNAc(5) NeuAc	N	anywhere	1938.708659	1939.7802	C75H122N6O52	1	N-linked glycosylation	C75H122N6O52@1938.708659@1939.7802
1785	dHex(2)Hex(4)HexNAc(5)	dHex(2) Hex(4) HexNAc(5)	S	anywhere	1955.723975	1956.8074	C76H125N5O53	1	O-linked glycosylation	C76H125N5O53@1955.723975@1956.8074
1785	dHex(2)Hex(4)HexNAc(5)	dHex(2) Hex(4) HexNAc(5)	T	anywhere	1955.723975	1956.8074	C76H125N5O53	1	O-linked glycosylation	C76H125N5O53@1955.723975@1956.8074
1785	dHex(2)Hex(4)HexNAc(5)	dHex(2) Hex(4) HexNAc(5)	N	anywhere	1955.723975	1956.8074	C76H125N5O53	1	N-linked glycosylation	C76H125N5O53@1955.723975@1956.8074
1799	NQIGG	SUMOylation by Giardia lamblia	K	anywhere	469.228496	469.4921	C19H31N7O7	1	Post-translational	
1800	Carboxyethylpyrrole	Carboxyethylpyrrole	K	anywhere	122.036779	122.1213	C7H6O2	1	Other	
1801	Fluorescein-tyramine	Fluorescein-tyramine adduct by peroxidase activity	Y	anywhere	493.116152	493.4637	C29H19N1O7	1	Chemical derivative	
1840	dHex(1)Hex(7)HexNAc(4)	Fucosylated biantennary + 2 alphaGal	N	anywhere	2092.745164	2093.8955	C80H132N4O59	1	N-linked glycosylation	
1839	betaFNA	beta-Funaltrexamine	K	anywhere	454.210387	454.5155	C25H30N2O6	1	Chemical derivative	
1839	betaFNA	beta-Funaltrexamine	C	anywhere	454.210387	454.5155	C25H30N2O6	1	Chemical derivative	
1838	Brij58	Brij 58 synthetic polymer terminus	N-term	n-term	224.250401	224.4253	C16H32	1	Other	
1837	Brij35	Brij 35 synthetic polymer terminus	N-term	n-term	168.187801	168.319	C12H24	1	Other	
1836	Triton	Triton synthetic polymer terminus	N-term	n-term	188.156501	188.3086	C14H20	1	Other	
1836	Triton	Triton synthetic polymer terminus	C-term	c-term	188.156501	188.3086	C14H20	1	Other	
1835	Tween80	Tween 80 synthetic polymer terminus	C-term	c-term	263.237491	263.4381	C18H31O1	1	Other	
1834	Tween20	Tween 20 synthetic polymer terminus	N-term	n-term	165.164326	165.2951	C12H21	1	Other	
1831	Tris	tris adduct causes 104 Da addition at asparagine-succinimide intermediate	N	anywhere	104.071154	104.1277	C4H10N1O2	1	Artefact	
1830	Biotin-tyramide	Biotin-Phenol	Y	anywhere	361.146012	361.4585	C18H23N3O3S1	1	Chemical derivative	
1830	Biotin-tyramide	Biotin-Phenol	W	anywhere	361.146012	361.4585	C18H23N3O3S1	1	Chemical derivative	
1830	Biotin-tyramide	Biotin-Phenol	C	anywhere	361.146012	361.4585	C18H23N3O3S1	1	Chemical derivative	
1829	LRGG+dimethyl	LeudimethylArgGlyGly	K	anywhere	411.259403	411.4991	C18H33N7O4	1	Post-translational	
1825	RNPXL	Simulate peptide-RNA conjugates	R	n-term	324.035867	324.1813	C9H13N2O9P1	1	Other	C9H13N2O9P1@324.035867@324.1813
1825	RNPXL	Simulate peptide-RNA conjugates	K	n-term	324.035867	324.1813	C9H13N2O9P1	1	Other	C9H13N2O9P1@324.035867@324.1813
1824	GEE	transamidation of glycine ethyl ester to glutamine	Q	anywhere	86.036779	86.0892	C4H6O2	1	Chemical derivative	
1826	Glu->pyro-Glu+Methyl	Pyro-Glu from E + Methylation	E	n-term	-3.994915	-3.9887	C1O-1	1	Artefact	
1827	Glu->pyro-Glu+Methyl:2H(2)13C(1)	Pyro-Glu from E + Methylation Medium	E	n-term	-0.979006	-0.9837	(13)C1(2)H2H-2O-1	1	Artefact	
1828	LRGG+methyl	LeumethylArgGlyGly	K	anywhere	397.243753	397.4725	C17H31N7O4	1	Post-translational	
1833	NP40	NP-40 synthetic polymer terminus	N-term	n-term	220.182715	220.3505	C15H24O1	1	Other	
1832	IASD	Iodoacetamide derivative of stilbene (reaction product with thiol)	C	anywhere	452.034807	452.4582	C18H16N2O8S2	1	Chemical derivative	
1841	Biotin:Thermo-21328	EZ-Link Sulfo-NHS-SS-Biotin	K	anywhere	389.090154	389.5564	C15H23N3O3S3	1	Chemical derivative	
1841	Biotin:Thermo-21328	EZ-Link Sulfo-NHS-SS-Biotin	N-term	n-term	389.090154	389.5564	C15H23N3O3S3	1	Chemical derivative	
1843	PhosphoCytidine	Cytidine monophosphate	Y	anywhere	305.041287	305.1812	C9H12N3O7P1	1	Post-translational	
1843	PhosphoCytidine	Cytidine monophosphate	T	anywhere	305.041287	305.1812	C9H12N3O7P1	1	Post-translational	
1843	PhosphoCytidine	Cytidine monophosphate	S	anywhere	305.041287	305.1812	C9H12N3O7P1	1	Post-translational	
1845	AzidoF	Azidophenylalanine	F	anywhere	41.001397	41.0122	H-1N3	1	Chemical derivative	
1846	Dimethylaminoethyl	Cys alkylation by dimethylaminoethyl halide	C	anywhere	71.073499	71.121	C4H9N1	1	Chemical derivative	
1848	Gluratylation	Glutarylation	K	anywhere	114.031694	114.0993	C5H6O3	1	Post-translational	
1849	hydroxyisobutyryl	2-hydroxyisobutyrylation	K	anywhere	86.036779	86.0892	C4H6O2	1	Post-translational	
1868	MeMePhosphorothioate	S-Methyl Methyl phosphorothioate	S	anywhere	107.979873	108.0993	C2H5O1P1S1	1	Chemical derivative	
1870	Cation:Fe[III]	Replacement of 3 protons by iron	C-term	c-term	52.911464	52.8212	Fe1H-3	1	Artefact	
1870	Cation:Fe[III]	Replacement of 3 protons by iron	E	anywhere	52.911464	52.8212	Fe1H-3	1	Artefact	
1870	Cation:Fe[III]	Replacement of 3 protons by iron	D	anywhere	52.911464	52.8212	Fe1H-3	1	Artefact	
1871	DTT	DTT adduct of cysteine	C	anywhere	151.996571	152.2351	C4H8O2S2	1	Artefact	
1872	DYn-2	Sulfenic Acid specific probe	C	anywhere	161.09664	161.2203	C11H13O1	1	Other	
1878	Xlink:DSSO[176]	Water-quenched monolink of DSSO crosslinker	K	anywhere	176.01433	176.1903	C6H8O4S1	1	Chemical derivative	
1878	Xlink:DSSO[176]	Water-quenched monolink of DSSO crosslinker	N-term	protein-n-term	176.01433	176.1903	C6H8O4S1	1	Chemical derivative	
1873	MesitylOxide	Acetone chemical artifact	K	anywhere	98.073165	98.143	C6H10O1	1	Chemical derivative	
1873	MesitylOxide	Acetone chemical artifact	H	anywhere	98.073165	98.143	C6H10O1	1	Chemical derivative	
1873	MesitylOxide	Acetone chemical artifact	N-term	protein-n-term	98.073165	98.143	C6H10O1	1	Chemical derivative	
1877	Xlink:DSS[259]	Tris-quenched monolink of DSS/BS3 crosslinker	K	anywhere	259.141973	259.2988	C12H21N1O5	1	Chemical derivative	
1877	Xlink:DSS[259]	Tris-quenched monolink of DSS/BS3 crosslinker	N-term	protein-n-term	259.141973	259.2988	C12H21N1O5	1	Chemical derivative	
1875	methylol	formaldehyde induced modifications	Y	anywhere	30.010565	30.026	C1H2O1	1	Chemical derivative	
1875	methylol	formaldehyde induced modifications	W	anywhere	30.010565	30.026	C1H2O1	1	Chemical derivative	
1875	methylol	formaldehyde induced modifications	K	anywhere	30.010565	30.026	C1H2O1	1	Chemical derivative	
1879	Xlink:DSSO[175]	Ammonia-quenched monolink of DSSO crosslinker	K	anywhere	175.030314	175.2056	C6H9N1O3S1	1	Chemical derivative	
1879	Xlink:DSSO[175]	Ammonia-quenched monolink of DSSO crosslinker	N-term	protein-n-term	175.030314	175.2056	C6H9N1O3S1	1	Chemical derivative	
1880	Xlink:DSSO[279]	Tris-quenched monolink of DSSO crosslinker	K	anywhere	279.077658	279.3101	C10H17N1O6S1	1	Chemical derivative	
1880	Xlink:DSSO[279]	Tris-quenched monolink of DSSO crosslinker	N-term	protein-n-term	279.077658	279.3101	C10H17N1O6S1	1	Chemical derivative	
1881	Xlink:DSSO[54]	Alkene fragment of DSSO crosslinker	N-term	protein-n-term	54.010565	54.0474	C3H2O1	1	Chemical derivative	
1881	Xlink:DSSO[54]	Alkene fragment of DSSO crosslinker	K	anywhere	54.010565	54.0474	C3H2O1	1	Chemical derivative	
1882	Xlink:DSSO[86]	Thiol fragment of DSSO crosslinker	K	anywhere	85.982635	86.1124	C3H2O1S1	1	Chemical derivative	
1882	Xlink:DSSO[86]	Thiol fragment of DSSO crosslinker	N-term	protein-n-term	85.982635	86.1124	C3H2O1S1	1	Chemical derivative	
1883	Xlink:DSSO[104]	Sulfenic acid fragment of DSSO crosslinker	K	anywhere	103.9932	104.1277	C3H4O2S1	1	Chemical derivative	
1883	Xlink:DSSO[104]	Sulfenic acid fragment of DSSO crosslinker	N-term	protein-n-term	103.9932	104.1277	C3H4O2S1	1	Chemical derivative	
1885	Xlink:BuUrBu[111]	BuUr fragment of BuUrBu crosslinker	T	anywhere	111.032028	111.0987	C5H5N1O2	1	Chemical derivative	
1885	Xlink:BuUrBu[111]	BuUr fragment of BuUrBu crosslinker	S	anywhere	111.032028	111.0987	C5H5N1O2	1	Chemical derivative	
1885	Xlink:BuUrBu[111]	BuUr fragment of BuUrBu crosslinker	N-term	protein-n-term	111.032028	111.0987	C5H5N1O2	1	Chemical derivative	
1885	Xlink:BuUrBu[111]	BuUr fragment of BuUrBu crosslinker	K	anywhere	111.032028	111.0987	C5H5N1O2	1	Chemical derivative	
1885	Xlink:BuUrBu[111]	BuUr fragment of BuUrBu crosslinker	Y	anywhere	111.032028	111.0987	C5H5N1O2	1	Chemical derivative	
1886	Xlink:BuUrBu[85]	Bu fragment of BuUrBu crosslinker	T	anywhere	85.052764	85.1045	C4H7N1O1	1	Chemical derivative	
1886	Xlink:BuUrBu[85]	Bu fragment of BuUrBu crosslinker	S	anywhere	85.052764	85.1045	C4H7N1O1	1	Chemical derivative	
1886	Xlink:BuUrBu[85]	Bu fragment of BuUrBu crosslinker	N-term	protein-n-term	85.052764	85.1045	C4H7N1O1	1	Chemical derivative	
1886	Xlink:BuUrBu[85]	Bu fragment of BuUrBu crosslinker	K	anywhere	85.052764	85.1045	C4H7N1O1	1	Chemical derivative	
1886	Xlink:BuUrBu[85]	Bu fragment of BuUrBu crosslinker	Y	anywhere	85.052764	85.1045	C4H7N1O1	1	Chemical derivative	
1888	Xlink:BuUrBu[214]	Water quenched monolink of BuUrBu crosslinker	T	anywhere	214.095357	214.2185	C9H14N2O4	1	Chemical derivative	
1888	Xlink:BuUrBu[214]	Water quenched monolink of BuUrBu crosslinker	S	anywhere	214.095357	214.2185	C9H14N2O4	1	Chemical derivative	
1888	Xlink:BuUrBu[214]	Water quenched monolink of BuUrBu crosslinker	N-term	protein-n-term	214.095357	214.2185	C9H14N2O4	1	Chemical derivative	
1888	Xlink:BuUrBu[214]	Water quenched monolink of BuUrBu crosslinker	K	anywhere	214.095357	214.2185	C9H14N2O4	1	Chemical derivative	
1888	Xlink:BuUrBu[214]	Water quenched monolink of BuUrBu crosslinker	Y	anywhere	214.095357	214.2185	C9H14N2O4	1	Chemical derivative	
1889	Xlink:BuUrBu[317]	Tris quenched monolink of BuUrBu crosslinker	T	anywhere	317.158686	317.3382	C13H23N3O6	1	Chemical derivative	
1889	Xlink:BuUrBu[317]	Tris quenched monolink of BuUrBu crosslinker	S	anywhere	317.158686	317.3382	C13H23N3O6	1	Chemical derivative	
1889	Xlink:BuUrBu[317]	Tris quenched monolink of BuUrBu crosslinker	N-term	protein-n-term	317.158686	317.3382	C13H23N3O6	1	Chemical derivative	
1889	Xlink:BuUrBu[317]	Tris quenched monolink of BuUrBu crosslinker	K	anywhere	317.158686	317.3382	C13H23N3O6	1	Chemical derivative	
1889	Xlink:BuUrBu[317]	Tris quenched monolink of BuUrBu crosslinker	Y	anywhere	317.158686	317.3382	C13H23N3O6	1	Chemical derivative	
1896	Xlink:DSSO[158]	Intact DSSO crosslinker	K	anywhere	158.003765	158.175	C6H6O3S1	1	Chemical derivative	
1896	Xlink:DSSO[158]	Intact DSSO crosslinker	N-term	protein-n-term	158.003765	158.175	C6H6O3S1	1	Chemical derivative	
1898	Xlink:DSS[138]	Intact DSS/BS3 crosslinker	K	anywhere	138.06808	138.1638	C8H10O2	1	Chemical derivative	
1898	Xlink:DSS[138]	Intact DSS/BS3 crosslinker	N-term	protein-n-term	138.06808	138.1638	C8H10O2	1	Chemical derivative	
1899	Xlink:BuUrBu[196]	Intact BuUrBu crosslinker	T	anywhere	196.084792	196.2032	C9H12N2O3	1	Chemical derivative	
1899	Xlink:BuUrBu[196]	Intact BuUrBu crosslinker	S	anywhere	196.084792	196.2032	C9H12N2O3	1	Chemical derivative	
1899	Xlink:BuUrBu[196]	Intact BuUrBu crosslinker	N-term	protein-n-term	196.084792	196.2032	C9H12N2O3	1	Chemical derivative	
1899	Xlink:BuUrBu[196]	Intact BuUrBu crosslinker	K	anywhere	196.084792	196.2032	C9H12N2O3	1	Chemical derivative	
1899	Xlink:BuUrBu[196]	Intact BuUrBu crosslinker	Y	anywhere	196.084792	196.2032	C9H12N2O3	1	Chemical derivative	
1900	Xlink:DTBP[172]	Intact DTBP crosslinker	K	anywhere	172.01289	172.2711	C6H8N2S2	1	Chemical derivative	
1900	Xlink:DTBP[172]	Intact DTBP crosslinker	N-term	protein-n-term	172.01289	172.2711	C6H8N2S2	1	Chemical derivative	
1901	Xlink:DST[114]	Intact DST crosslinker	K	anywhere	113.995309	114.0563	C4H2O4	1	Chemical derivative	
1901	Xlink:DST[114]	Intact DST crosslinker	N-term	protein-n-term	113.995309	114.0563	C4H2O4	1	Chemical derivative	
1902	Xlink:DTSSP[174]	Intact DSP/DTSSP crosslinker	K	anywhere	173.980921	174.2406	C6H6O2S2	1	Chemical derivative	
1902	Xlink:DTSSP[174]	Intact DSP/DTSSP crosslinker	N-term	protein-n-term	173.980921	174.2406	C6H6O2S2	1	Chemical derivative	
1903	Xlink:SMCC[219]	Intact SMCC cross-link	C	anywhere	219.089543	219.2365	C12H13N1O3	1	Chemical derivative	
1903	Xlink:SMCC[219]	Intact SMCC cross-link	K	anywhere	219.089543	219.2365	C12H13N1O3	1	Chemical derivative	
1903	Xlink:SMCC[219]	Intact SMCC cross-link	N-term	protein-n-term	219.089543	219.2365	C12H13N1O3	1	Chemical derivative	
1910	Cation:Al[III]	Replacement of 3 protons by aluminium	D	anywhere	23.958063	23.9577	Al1H-3	1	Artefact	
1910	Cation:Al[III]	Replacement of 3 protons by aluminium	E	anywhere	23.958063	23.9577	Al1H-3	1	Artefact	
1910	Cation:Al[III]	Replacement of 3 protons by aluminium	C-term	c-term	23.958063	23.9577	Al1H-3	1	Artefact	
1906	Xlink:BS2G[113]	Ammonium-quenched monolink of BS2-G crosslinker	N-term	protein-n-term	113.047679	113.1146	C5H7N1O2	1	Chemical derivative	
1906	Xlink:BS2G[113]	Ammonium-quenched monolink of BS2-G crosslinker	K	anywhere	113.047679	113.1146	C5H7N1O2	1	Chemical derivative	
1907	Xlink:BS2G[114]	Water-quenched monolink of BS2-G crosslinker	N-term	protein-n-term	114.031694	114.0993	C5H6O3	1	Chemical derivative	
1907	Xlink:BS2G[114]	Water-quenched monolink of BS2-G crosslinker	K	anywhere	114.031694	114.0993	C5H6O3	1	Chemical derivative	
1908	Xlink:BS2G[217]	Tris-quenched monolink of BS2-G crosslinker	N-term	protein-n-term	217.095023	217.2191	C9H15N1O5	1	Chemical derivative	
1908	Xlink:BS2G[217]	Tris-quenched monolink of BS2-G crosslinker	K	anywhere	217.095023	217.2191	C9H15N1O5	1	Chemical derivative	
1911	Xlink:DMP[139]	Ammonia quenched monolink of DMP crosslinker	K	anywhere	139.110947	139.1982	C7H13N3	1	Chemical derivative	
1911	Xlink:DMP[139]	Ammonia quenched monolink of DMP crosslinker	N-term	protein-n-term	139.110947	139.1982	C7H13N3	1	Chemical derivative	
1912	Xlink:DMP[122]	Intact DMP crosslinker	K	anywhere	122.084398	122.1677	C7H10N2	1	Chemical derivative	
1912	Xlink:DMP[122]	Intact DMP crosslinker	N-term	protein-n-term	122.084398	122.1677	C7H10N2	1	Chemical derivative	
1913	glyoxalAGE	glyoxal-derived AGE	R	anywhere	21.98435	22.0055	C2H-2	1	Post-translational	
1914	Met->AspSA	Methionine oxidation to aspartic semialdehyde	M	anywhere	-32.008456	-32.1081	C-1H-4O1S-1	1	Chemical derivative	
1915	Decarboxylation	Decarboxylation	D	anywhere	-30.010565	-30.026	C-1H-2O-1	1	Chemical derivative	
1915	Decarboxylation	Decarboxylation	E	anywhere	-30.010565	-30.026	C-1H-2O-1	1	Chemical derivative	
1916	Aspartylurea	Aspartylurea	H	anywhere	-10.031969	-10.0412	C-1H-2N-2O2	1	Chemical derivative	
1917	Formylasparagine	In Bachi as Formylaspargine (typo?)	H	anywhere	4.97893	4.9735	C-1H-1N-1O2	1	Chemical derivative	
1918	Carbonyl	aldehyde and ketone modifications	S	anywhere	13.979265	13.9835	H-2O1	1	Chemical derivative	
1918	Carbonyl	aldehyde and ketone modifications	R	anywhere	13.979265	13.9835	H-2O1	1	Chemical derivative	
1918	Carbonyl	aldehyde and ketone modifications	Q	anywhere	13.979265	13.9835	H-2O1	1	Chemical derivative	
1918	Carbonyl	aldehyde and ketone modifications	L	anywhere	13.979265	13.9835	H-2O1	1	Chemical derivative	
1918	Carbonyl	aldehyde and ketone modifications	I	anywhere	13.979265	13.9835	H-2O1	1	Chemical derivative	
1918	Carbonyl	aldehyde and ketone modifications	E	anywhere	13.979265	13.9835	H-2O1	1	Chemical derivative	
1918	Carbonyl	aldehyde and ketone modifications	A	anywhere	13.979265	13.9835	H-2O1	1	Chemical derivative	
1918	Carbonyl	aldehyde and ketone modifications	V	anywhere	13.979265	13.9835	H-2O1	1	Chemical derivative	
1922	Pro->HAVA	Proline oxidation to 5-hydroxy-2-aminovaleric acid	P	anywhere	18.010565	18.0153	H2O1	1	Chemical derivative	
1920	AFB1_Dialdehyde	adduction of aflatoxin B1 Dialdehyde to lysine	K	anywhere	310.047738	310.2577	C17H10O6	1	Post-translational	
1923	Delta:H(-4)O(2)	Tryptophan oxidation to beta-unsaturated-2,4-bis-tryptophandione	W	anywhere	27.958529	27.967	H-4O2	1	Chemical derivative	
1924	Delta:H(-4)O(3)	Tryptophan oxidation to hydroxy-bis-tryptophandione	W	anywhere	43.953444	43.9664	H-4O3	1	Chemical derivative	
1925	Delta:O(4)	Tryptophan oxidation to dihydroxy-N-formaylkynurenine	W	anywhere	63.979659	63.9976	O4	1	Artefact	
1926	Delta:H(4)C(3)O(2)	methylglyoxal-derived carboxyethyllysine	K	anywhere	72.021129	72.0627	C3H4O2	1	Artefact	
1927	Delta:H(4)C(5)O(1)	methylglyoxal-derived argpyrimidine	R	anywhere	80.026215	80.0847	C5H4O1	1	Chemical derivative	
1928	Delta:H(10)C(8)O(1)	crotonaldehyde-derived dimethyl-FDP-lysine	K	anywhere	122.073165	122.1644	C8H10O1	1	Artefact	
1929	Delta:H(6)C(7)O(4)	methylglyoxal-derived tetrahydropyrimidine	R	anywhere	154.026609	154.1201	C7H6O4	1	Chemical derivative	
1932	Hex(2)Sulf(1)	Hex(2) O(3) S	T	anywhere	404.062462	404.3444	C12H20O13S1	1	O-linked glycosylation	C12H20O13S1@404.062462@404.3444
1932	Hex(2)Sulf(1)	Hex(2) O(3) S	S	anywhere	404.062462	404.3444	C12H20O13S1	1	O-linked glycosylation	C12H20O13S1@404.062462@404.3444
1930	Pent(2)	Pent(2)	T	anywhere	264.084518	264.2292	C10H16O8	1	O-linked glycosylation	C10H16O8@264.084518@264.2292
1930	Pent(2)	Pent(2)	S	anywhere	264.084518	264.2292	C10H16O8	1	O-linked glycosylation	C10H16O8@264.084518@264.2292
1931	Pent(1)HexNAc(1)	Pent HexNAc	T	anywhere	335.121631	335.3071	C13H21N1O9	1	O-linked glycosylation	C13H21N1O9@335.121631@335.3071
1931	Pent(1)HexNAc(1)	Pent HexNAc	S	anywhere	335.121631	335.3071	C13H21N1O9	1	O-linked glycosylation	C13H21N1O9@335.121631@335.3071
1933	Hex(1)Pent(2)Me(1)	Hex:1 Pent:2 Me:1	T	anywhere	440.152991	440.3964	C17H28O13	1	O-linked glycosylation	C17H28O13@440.152991@440.3964
1933	Hex(1)Pent(2)Me(1)	Hex:1 Pent:2 Me:1	S	anywhere	440.152991	440.3964	C17H28O13	1	O-linked glycosylation	C17H28O13@440.152991@440.3964
1934	HexNAc(2)Sulf(1)	HexNAc(2) Sulf	S	anywhere	486.11556	486.4482	C16H26N2O13S1	1	O-linked glycosylation	C16H26N2O13S1@486.11556@486.4482
1934	HexNAc(2)Sulf(1)	HexNAc(2) Sulf	T	anywhere	486.11556	486.4482	C16H26N2O13S1	1	O-linked glycosylation	C16H26N2O13S1@486.11556@486.4482
1935	Hex(1)Pent(3)Me(1)	Hex Pent(3) Me	S	anywhere	572.19525	572.511	C22H36O17	1	O-linked glycosylation	C22H36O17@572.19525@572.511
1935	Hex(1)Pent(3)Me(1)	Hex Pent(3) Me	T	anywhere	572.19525	572.511	C22H36O17	1	O-linked glycosylation	C22H36O17@572.19525@572.511
1936	Hex(2)Pent(2)	Hex(2) Pent(2)	S	anywhere	588.190165	588.5104	C22H36O18	1	O-linked glycosylation	C22H36O18@588.190165@588.5104
1936	Hex(2)Pent(2)	Hex(2) Pent(2)	T	anywhere	588.190165	588.5104	C22H36O18	1	O-linked glycosylation	C22H36O18@588.190165@588.5104
1937	Hex(2)Pent(2)Me(1)	Hex(2) Pent(2) Me	S	anywhere	602.205815	602.537	C23H38O18	1	O-linked glycosylation	C23H38O18@602.205815@602.537
1937	Hex(2)Pent(2)Me(1)	Hex(2) Pent(2) Me	T	anywhere	602.205815	602.537	C23H38O18	1	O-linked glycosylation	C23H38O18@602.205815@602.537
1938	Hex(4)HexA(1)	Hex(4) HexA	S	anywhere	824.243382	824.6865	C30H48O26	1	O-linked glycosylation	C30H48O26@824.243382@824.6865
1938	Hex(4)HexA(1)	Hex(4) HexA	T	anywhere	824.243382	824.6865	C30H48O26	1	O-linked glycosylation	C30H48O26@824.243382@824.6865
1939	Hex(2)HexNAc(1)Pent(1)HexA(1)	Hex(2) HexNAc Pent HexA	S	anywhere	835.259366	835.7125	C31H49N1O25	1	O-linked glycosylation	C31H49N1O25@835.259366@835.7125
1939	Hex(2)HexNAc(1)Pent(1)HexA(1)	Hex(2) HexNAc Pent HexA	T	anywhere	835.259366	835.7125	C31H49N1O25	1	O-linked glycosylation	C31H49N1O25@835.259366@835.7125
1940	Hex(3)HexNAc(1)HexA(1)	Hex(3) HexNAc HexA	S	anywhere	865.269931	865.7384	C32H51N1O26	1	O-linked glycosylation	C32H51N1O26@865.269931@865.7384
1940	Hex(3)HexNAc(1)HexA(1)	Hex(3) HexNAc HexA	T	anywhere	865.269931	865.7384	C32H51N1O26	1	O-linked glycosylation	C32H51N1O26@865.269931@865.7384
1941	Hex(1)HexNAc(2)dHex(2)Sulf(1)	Hex HexNAc(2) dHex(2) Sulf	S	anywhere	940.284201	940.8712	C34H56N2O26S1	1	O-linked glycosylation	C34H56N2O26S1@940.284201@940.8712
1941	Hex(1)HexNAc(2)dHex(2)Sulf(1)	Hex HexNAc(2) dHex(2) Sulf	T	anywhere	940.284201	940.8712	C34H56N2O26S1	1	O-linked glycosylation	C34H56N2O26S1@940.284201@940.8712
1942	HexA(2)HexNAc(3)	HexA(2) HexNAc(3)	S	anywhere	961.302294	961.8258	C36H55N3O27	1	O-linked glycosylation	C36H55N3O27@961.302294@961.8258
1942	HexA(2)HexNAc(3)	HexA(2) HexNAc(3)	T	anywhere	961.302294	961.8258	C36H55N3O27	1	O-linked glycosylation	C36H55N3O27@961.302294@961.8258
1943	dHex(1)Hex(4)HexA(1)	dHex Hex(4) HexA	T	anywhere	970.301291	970.8277	C36H58O30	1	O-linked glycosylation	C36H58O30@970.301291@970.8277
1943	dHex(1)Hex(4)HexA(1)	dHex Hex(4) HexA	S	anywhere	970.301291	970.8277	C36H58O30	1	O-linked glycosylation	C36H58O30@970.301291@970.8277
1944	Hex(5)HexA(1)	Hex(5) HexA	S	anywhere	986.296206	986.8271	C36H58O31	1	O-linked glycosylation	C36H58O31@986.296206@986.8271
1944	Hex(5)HexA(1)	Hex(5) HexA	T	anywhere	986.296206	986.8271	C36H58O31	1	O-linked glycosylation	C36H58O31@986.296206@986.8271
1945	Hex(4)HexA(1)HexNAc(1)	Hex(4) HexA HexNAc	T	anywhere	1027.322755	1027.879	C38H61N1O31	1	O-linked glycosylation	C38H61N1O31@1027.322755@1027.879
1945	Hex(4)HexA(1)HexNAc(1)	Hex(4) HexA HexNAc	S	anywhere	1027.322755	1027.879	C38H61N1O31	1	O-linked glycosylation	C38H61N1O31@1027.322755@1027.879
1946	dHex(3)Hex(3)HexNAc(1)	dHex(3) Hex(3) HexNAc	T	anywhere	1127.41157	1128.0379	C44H73N1O32	1	O-linked glycosylation	C44H73N1O32@1127.41157@1128.0379
1946	dHex(3)Hex(3)HexNAc(1)	dHex(3) Hex(3) HexNAc	S	anywhere	1127.41157	1128.0379	C44H73N1O32	1	O-linked glycosylation	C44H73N1O32@1127.41157@1128.0379
1947	Hex(6)HexNAc(1)	Hex(6) HexNAc	N	anywhere	1175.396314	1176.0361	C44H73N1O35	1	N-linked glycosylation	C44H73N1O35@1175.396314@1176.0361
1948	Hex(1)HexNAc(4)dHex(1)Sulf(1)	Sulf dHex Hex HexNAc(4)	T	anywhere	1200.385037	1201.1151	C44H72N4O32S1	1	O-linked glycosylation	C44H72N4O32S1@1200.385037@1201.1151
1948	Hex(1)HexNAc(4)dHex(1)Sulf(1)	Sulf dHex Hex HexNAc(4)	S	anywhere	1200.385037	1201.1151	C44H72N4O32S1	1	O-linked glycosylation	C44H72N4O32S1@1200.385037@1201.1151
1949	dHex(1)Hex(2)HexNAc(1)NeuAc(2)	dHex Hex(2) HexNAc NeuAc(2)	T	anywhere	1255.433762	1256.1241	C48H77N3O35	1	O-linked glycosylation	C48H77N3O35@1255.433762@1256.1241
1949	dHex(1)Hex(2)HexNAc(1)NeuAc(2)	dHex Hex(2) HexNAc NeuAc(2)	S	anywhere	1255.433762	1256.1241	C48H77N3O35	1	O-linked glycosylation	C48H77N3O35@1255.433762@1256.1241
1950	dHex(3)Hex(3)HexNAc(2)	dHex(3) Hex(3) HexNAc(2)	T	anywhere	1330.490942	1331.2304	C52H86N2O37	1	O-linked glycosylation	C52H86N2O37@1330.490942@1331.2304
1950	dHex(3)Hex(3)HexNAc(2)	dHex(3) Hex(3) HexNAc(2)	S	anywhere	1330.490942	1331.2304	C52H86N2O37	1	O-linked glycosylation	C52H86N2O37@1330.490942@1331.2304
1951	dHex(2)Hex(1)HexNAc(4)Sulf(1)	dHex(2) Hex HexNAc(4) Sulf	T	anywhere	1346.442946	1347.2563	C50H82N4O36S1	1	O-linked glycosylation	C50H82N4O36S1@1346.442946@1347.2563
1951	dHex(2)Hex(1)HexNAc(4)Sulf(1)	dHex(2) Hex HexNAc(4) Sulf	S	anywhere	1346.442946	1347.2563	C50H82N4O36S1	1	O-linked glycosylation	C50H82N4O36S1@1346.442946@1347.2563
1952	dHex(1)Hex(2)HexNAc(4)Sulf(2)	dHex Hex(2) HexNAc(4) Sulf(2)	T	anywhere	1442.394675	1443.3189	C50H82N4O40S2	1	O-linked glycosylation	C50H82N4O40S2@1442.394675@1443.3189
1952	dHex(1)Hex(2)HexNAc(4)Sulf(2)	dHex Hex(2) HexNAc(4) Sulf(2)	S	anywhere	1442.394675	1443.3189	C50H82N4O40S2	1	O-linked glycosylation	C50H82N4O40S2@1442.394675@1443.3189
1953	Hex(9)	Hex(9)	N	anywhere	1458.475412	1459.2654	C54H90O45	1	N-linked glycosylation	C54H90O45@1458.475412@1459.2654
1954	dHex(2)Hex(3)HexNAc(3)Sulf(1)	Sulf dHex(2) Hex(3) HexNAc(3)	T	anywhere	1467.469221	1468.345	C54H89N3O41S1	1	O-linked glycosylation	C54H89N3O41S1@1467.469221@1468.345
1954	dHex(2)Hex(3)HexNAc(3)Sulf(1)	Sulf dHex(2) Hex(3) HexNAc(3)	S	anywhere	1467.469221	1468.345	C54H89N3O41S1	1	O-linked glycosylation	C54H89N3O41S1@1467.469221@1468.345
1955	dHex(2)Hex(5)HexNAc(2)Me(1)	Me dHex(2) Hex(5) HexNAc(2)	T	anywhere	1522.554331	1523.397	C59H98N2O43	1	O-linked glycosylation	C59H98N2O43@1522.554331@1523.397
1955	dHex(2)Hex(5)HexNAc(2)Me(1)	Me dHex(2) Hex(5) HexNAc(2)	S	anywhere	1522.554331	1523.397	C59H98N2O43	1	O-linked glycosylation	C59H98N2O43@1522.554331@1523.397
1956	dHex(2)Hex(2)HexNAc(4)Sulf(2)	Sulf(2) dHex(2) Hex(2) HexNAc(4)	T	anywhere	1588.452584	1589.4601	C56H92N4O44S2	1	O-linked glycosylation	C56H92N4O44S2@1588.452584@1589.4601
1956	dHex(2)Hex(2)HexNAc(4)Sulf(2)	Sulf(2) dHex(2) Hex(2) HexNAc(4)	S	anywhere	1588.452584	1589.4601	C56H92N4O44S2	1	O-linked glycosylation	C56H92N4O44S2@1588.452584@1589.4601
1957	Hex(9)HexNAc(1)	Hex(9) HexNAc	N	anywhere	1661.554784	1662.4579	C62H103N1O50	1	N-linked glycosylation	C62H103N1O50@1661.554784@1662.4579
1958	dHex(3)Hex(2)HexNAc(4)Sulf(2)	dHex(3) Hex(2) HexNAc(4) Sulf(2)	S	anywhere	1734.510493	1735.6013	C62H102N4O48S2	1	O-linked glycosylation	C62H102N4O48S2@1734.510493@1735.6013
1958	dHex(3)Hex(2)HexNAc(4)Sulf(2)	dHex(3) Hex(2) HexNAc(4) Sulf(2)	T	anywhere	1734.510493	1735.6013	C62H102N4O48S2	1	O-linked glycosylation	C62H102N4O48S2@1734.510493@1735.6013
1959	Hex(4)HexNAc(4)NeuGc(1)	Hex(4) HexNAc(4) NeuGc	N	anywhere	1767.619116	1768.5865	C67H109N5O49	1	N-linked glycosylation	C67H109N5O49@1767.619116@1768.5865
1959	Hex(4)HexNAc(4)NeuGc(1)	Hex(4) HexNAc(4) NeuGc	S	anywhere	1767.619116	1768.5865	C67H109N5O49	1	O-linked glycosylation	C67H109N5O49@1767.619116@1768.5865
1959	Hex(4)HexNAc(4)NeuGc(1)	Hex(4) HexNAc(4) NeuGc	T	anywhere	1767.619116	1768.5865	C67H109N5O49	1	O-linked glycosylation	C67H109N5O49@1767.619116@1768.5865
1960	dHex(4)Hex(3)HexNAc(2)NeuAc(1)	dHex(4) Hex(3) HexNAc(2) NeuAc(1)	T	anywhere	1767.644268	1768.6262	C69H113N3O49	1	O-linked glycosylation	C69H113N3O49@1767.644268@1768.6262
1960	dHex(4)Hex(3)HexNAc(2)NeuAc(1)	dHex(4) Hex(3) HexNAc(2) NeuAc(1)	S	anywhere	1767.644268	1768.6262	C69H113N3O49	1	O-linked glycosylation	C69H113N3O49@1767.644268@1768.6262
1961	Hex(3)HexNAc(5)NeuAc(1)	Hex(3) HexNAc(5) NeuAc(1)	N	anywhere	1792.65075	1793.639	C69H112N6O48	1	N-linked glycosylation	C69H112N6O48@1792.65075@1793.639
1962	Hex(10)HexNAc(1)	Hex(10) HexNAc(1)	N	anywhere	1823.607608	1824.5985	C68H113N1O55	1	N-linked glycosylation	C68H113N1O55@1823.607608@1824.5985
1963	dHex(1)Hex(8)HexNAc(2)	dHex Hex(8) HexNAc(2)	N	anywhere	1848.639242	1849.651	C70H116N2O54	1	N-linked glycosylation	C70H116N2O54@1848.639242@1849.651
1964	Hex(3)HexNAc(4)NeuAc(2)	Hex(3) HexNAc(4) NeuAc(2)	N	anywhere	1880.666794	1881.701	C72H116N6O51	1	N-linked glycosylation	C72H116N6O51@1880.666794@1881.701
1965	dHex(2)Hex(3)HexNAc(4)NeuAc(1)	dHex(2) Hex(3) HexNAc(4) NeuAc	N	anywhere	1881.687195	1882.7289	C73H119N5O51	1	N-linked glycosylation	C73H119N5O51@1881.687195@1882.7289
1966	dHex(2)Hex(2)HexNAc(6)Sulf(1)	dHex(2) Hex(2) HexNAc(6) Sulf	S	anywhere	1914.654515	1915.7819	C72H118N6O51S1	1	O-linked glycosylation	C72H118N6O51S1@1914.654515@1915.7819
1966	dHex(2)Hex(2)HexNAc(6)Sulf(1)	dHex(2) Hex(2) HexNAc(6) Sulf	T	anywhere	1914.654515	1915.7819	C72H118N6O51S1	1	O-linked glycosylation	C72H118N6O51S1@1914.654515@1915.7819
1967	Hex(5)HexNAc(4)NeuAc(1)Ac(1)	Hex(5) HexNAc(4) NeuAc Ac	N	anywhere	1955.687589	1956.7643	C75H121N5O54	1	N-linked glycosylation	C75H121N5O54@1955.687589@1956.7643
1968	Hex(3)HexNAc(3)NeuAc(3)	Hex(3) HexNAc(3) NeuAc(3)	S	anywhere	1968.682838	1969.7631	C75H120N6O54	1	O-linked glycosylation	C75H120N6O54@1968.682838@1969.7631
1968	Hex(3)HexNAc(3)NeuAc(3)	Hex(3) HexNAc(3) NeuAc(3)	T	anywhere	1968.682838	1969.7631	C75H120N6O54	1	O-linked glycosylation	C75H120N6O54@1968.682838@1969.7631
1969	Hex(5)HexNAc(4)NeuAc(1)Ac(2)	Hex(5) HexNAc(4) NeuAc Ac(2)	N	anywhere	1997.698154	1998.801	C77H123N5O55	1	N-linked glycosylation	C77H123N5O55@1997.698154@1998.801
1970	Unknown:162	Unidentified modification of 162.1258 found in open search	C-term	c-term	162.125595	162.2267	C8H18O3	1	Artefact	
1970	Unknown:162	Unidentified modification of 162.1258 found in open search	E	anywhere	162.125595	162.2267	C8H18O3	1	Artefact	
1970	Unknown:162	Unidentified modification of 162.1258 found in open search	D	anywhere	162.125595	162.2267	C8H18O3	1	Artefact	
1970	Unknown:162	Unidentified modification of 162.1258 found in open search	N-term	n-term	162.125595	162.2267	C8H18O3	1	Artefact	
1971	Unknown:177	Unidentified modification of 176.7462 found in open search	D	anywhere	176.744957	176.4788	Fe3H-7O1	1	Artefact	
1971	Unknown:177	Unidentified modification of 176.7462 found in open search	E	anywhere	176.744957	176.4788	Fe3H-7O1	1	Artefact	
1971	Unknown:177	Unidentified modification of 176.7462 found in open search	C-term	c-term	176.744957	176.4788	Fe3H-7O1	1	Artefact	
1971	Unknown:177	Unidentified modification of 176.7462 found in open search	N-term	n-term	176.744957	176.4788	Fe3H-7O1	1	Artefact	
1972	Unknown:210	Unidentified modification of 210.1616 found in open search	D	anywhere	210.16198	210.3126	C13H22O2	1	Artefact	
1972	Unknown:210	Unidentified modification of 210.1616 found in open search	E	anywhere	210.16198	210.3126	C13H22O2	1	Artefact	
1972	Unknown:210	Unidentified modification of 210.1616 found in open search	C-term	c-term	210.16198	210.3126	C13H22O2	1	Artefact	
1972	Unknown:210	Unidentified modification of 210.1616 found in open search	N-term	n-term	210.16198	210.3126	C13H22O2	1	Artefact	
1973	Unknown:216	Unidentified modification of 216.1002 found in open search	D	anywhere	216.099774	216.231	C10H16O5	1	Artefact	
1973	Unknown:216	Unidentified modification of 216.1002 found in open search	E	anywhere	216.099774	216.231	C10H16O5	1	Artefact	
1973	Unknown:216	Unidentified modification of 216.1002 found in open search	C-term	c-term	216.099774	216.231	C10H16O5	1	Artefact	
1973	Unknown:216	Unidentified modification of 216.1002 found in open search	N-term	n-term	216.099774	216.231	C10H16O5	1	Artefact	
1974	Unknown:234	Unidentified modification of 234.0742 found in open search	D	anywhere	234.073953	234.2033	C9H14O7	1	Artefact	
1974	Unknown:234	Unidentified modification of 234.0742 found in open search	E	anywhere	234.073953	234.2033	C9H14O7	1	Artefact	
1974	Unknown:234	Unidentified modification of 234.0742 found in open search	C-term	c-term	234.073953	234.2033	C9H14O7	1	Artefact	
1974	Unknown:234	Unidentified modification of 234.0742 found in open search	N-term	n-term	234.073953	234.2033	C9H14O7	1	Artefact	
1975	Unknown:248	Unidentified modification of 248.1986 found in open search	D	anywhere	248.19876	248.359	C13H28O4	1	Artefact	
1975	Unknown:248	Unidentified modification of 248.1986 found in open search	E	anywhere	248.19876	248.359	C13H28O4	1	Artefact	
1975	Unknown:248	Unidentified modification of 248.1986 found in open search	C-term	c-term	248.19876	248.359	C13H28O4	1	Artefact	
1975	Unknown:248	Unidentified modification of 248.1986 found in open search	N-term	n-term	248.19876	248.359	C13H28O4	1	Artefact	
1976	Unknown:250	Unidentified modification of 249.981 found in open search	D	anywhere	249.981018	250.2075	C10H4N1O5S1	1	Artefact	
1976	Unknown:250	Unidentified modification of 249.981 found in open search	E	anywhere	249.981018	250.2075	C10H4N1O5S1	1	Artefact	
1976	Unknown:250	Unidentified modification of 249.981 found in open search	C-term	c-term	249.981018	250.2075	C10H4N1O5S1	1	Artefact	
1976	Unknown:250	Unidentified modification of 249.981 found in open search	N-term	n-term	249.981018	250.2075	C10H4N1O5S1	1	Artefact	
1977	Unknown:302	Unidentified modification of 301.9864 found in open search	D	anywhere	301.986514	302.2656	C4H8N5O7S2	1	Artefact	
1977	Unknown:302	Unidentified modification of 301.9864 found in open search	E	anywhere	301.986514	302.2656	C4H8N5O7S2	1	Artefact	
1977	Unknown:302	Unidentified modification of 301.9864 found in open search	C-term	c-term	301.986514	302.2656	C4H8N5O7S2	1	Artefact	
1977	Unknown:302	Unidentified modification of 301.9864 found in open search	N-term	n-term	301.986514	302.2656	C4H8N5O7S2	1	Artefact	
1978	Unknown:306	Unidentified modification of 306.0952 found in open search	D	anywhere	306.095082	306.2659	C12H18O9	1	Artefact	
1978	Unknown:306	Unidentified modification of 306.0952 found in open search	E	anywhere	306.095082	306.2659	C12H18O9	1	Artefact	
1978	Unknown:306	Unidentified modification of 306.0952 found in open search	C-term	c-term	306.095082	306.2659	C12H18O9	1	Artefact	
1978	Unknown:306	Unidentified modification of 306.0952 found in open search	N-term	n-term	306.095082	306.2659	C12H18O9	1	Artefact	
1979	Unknown:420	Unidentified modification of 420.0506 found in open search	N-term	n-term	420.051719	420.5888	C12H24N2O6S4	1	Artefact	C12H24N2O6S4@420.051719@420.5888
1979	Unknown:420	Unidentified modification of 420.0506 found in open search	C-term	c-term	420.051719	420.5888	C12H24N2O6S4	1	Artefact	C12H24N2O6S4@420.051719@420.5888
1986	Diethylphosphothione	O-diethylphosphothione	Y	anywhere	152.006087	152.1518	C4H9O2P1S1	1	Chemical derivative	
1986	Diethylphosphothione	O-diethylphosphothione	T	anywhere	152.006087	152.1518	C4H9O2P1S1	1	Chemical derivative	
1986	Diethylphosphothione	O-diethylphosphothione	S	anywhere	152.006087	152.1518	C4H9O2P1S1	1	Chemical derivative	
1986	Diethylphosphothione	O-diethylphosphothione	K	anywhere	152.006087	152.1518	C4H9O2P1S1	1	Chemical derivative	
1986	Diethylphosphothione	O-diethylphosphothione	H	anywhere	152.006087	152.1518	C4H9O2P1S1	1	Chemical derivative	
1986	Diethylphosphothione	O-diethylphosphothione	C	anywhere	152.006087	152.1518	C4H9O2P1S1	1	Chemical derivative	
1990	CIGG	Ubiquitin D (FAT10) leaving after chymotrypsin digestion Cys-Ile-Gly-Gly	K	anywhere	330.136176	330.4032	C13H22N4O4S1	1	Post-translational	
1991	GNLLFLACYCIGG	Ubiquitin D (FAT10) leaving after trypsin digestion Gly-Asn-Leu-Leu-Phe-Leu-Ala-Cys-Tyr-Cys-Ile-Gly-Gly	K	anywhere	1324.6308	1325.598	C61H92N14O15S2	1	Post-translational	
1987	Dimethylphosphothione	O-dimethylphosphothione	S	anywhere	123.974787	124.0987	C2H5O2P1S1	1	Chemical derivative	
1987	Dimethylphosphothione	O-dimethylphosphothione	K	anywhere	123.974787	124.0987	C2H5O2P1S1	1	Chemical derivative	
1987	Dimethylphosphothione	O-dimethylphosphothione	H	anywhere	123.974787	124.0987	C2H5O2P1S1	1	Chemical derivative	
1987	Dimethylphosphothione	O-dimethylphosphothione	C	anywhere	123.974787	124.0987	C2H5O2P1S1	1	Chemical derivative	
1987	Dimethylphosphothione	O-dimethylphosphothione	Y	anywhere	123.974787	124.0987	C2H5O2P1S1	1	Chemical derivative	
1987	Dimethylphosphothione	O-dimethylphosphothione	T	anywhere	123.974787	124.0987	C2H5O2P1S1	1	Chemical derivative	
1989	monomethylphosphothione	O-methylphosphothione	S	anywhere	109.959137	110.0721	C1H3O2P1S1	1	Chemical derivative	
1989	monomethylphosphothione	O-methylphosphothione	K	anywhere	109.959137	110.0721	C1H3O2P1S1	1	Chemical derivative	
1989	monomethylphosphothione	O-methylphosphothione	H	anywhere	109.959137	110.0721	C1H3O2P1S1	1	Chemical derivative	
1989	monomethylphosphothione	O-methylphosphothione	C	anywhere	109.959137	110.0721	C1H3O2P1S1	1	Chemical derivative	
1989	monomethylphosphothione	O-methylphosphothione	T	anywhere	109.959137	110.0721	C1H3O2P1S1	1	Chemical derivative	
1989	monomethylphosphothione	O-methylphosphothione	Y	anywhere	109.959137	110.0721	C1H3O2P1S1	1	Chemical derivative	
1993	TMPP-Ac:13C(9)	heavy tris(2,4,6-trimethoxyphenyl)phosphonium acetic acid N-hydroxysuccinimide ester derivative	Y	anywhere	581.211328	581.474	(13)C9C20H33O10P1	1	Artefact	
1993	TMPP-Ac:13C(9)	heavy tris(2,4,6-trimethoxyphenyl)phosphonium acetic acid N-hydroxysuccinimide ester derivative	K	anywhere	581.211328	581.474	(13)C9C20H33O10P1	1	Artefact	
1993	TMPP-Ac:13C(9)	heavy tris(2,4,6-trimethoxyphenyl)phosphonium acetic acid N-hydroxysuccinimide ester derivative	N-term	n-term	581.211328	581.474	(13)C9C20H33O10P1	1	Chemical derivative	
2036	Lys+O(2)	Photo-induced Lysine adduct	H	anywhere	160.084792	160.1711	C6H12N2O3	1	Post-translational	
2001	ZQG	carbobenzoxy-L-glutaminyl-glycine	K	anywhere	320.100836	320.2973	C15H16N2O6	1	Chemical derivative	C8H6O2@134.036779@134.132
1999	Xlink:DST[56]	DST crosslinker cleaved by sodium periodate	N-term	protein-n-term	55.989829	56.0202	C2O2	1	Chemical derivative	
1999	Xlink:DST[56]	DST crosslinker cleaved by sodium periodate	K	anywhere	55.989829	56.0202	C2O2	1	Chemical derivative	
2006	Haloxon	O-Dichloroethylphosphate	Y	anywhere	203.950987	204.9763	C4Cl2H7O3P1	1	Chemical derivative	
2006	Haloxon	O-Dichloroethylphosphate	T	anywhere	203.950987	204.9763	C4Cl2H7O3P1	1	Chemical derivative	
2006	Haloxon	O-Dichloroethylphosphate	S	anywhere	203.950987	204.9763	C4Cl2H7O3P1	1	Chemical derivative	
2006	Haloxon	O-Dichloroethylphosphate	K	anywhere	203.950987	204.9763	C4Cl2H7O3P1	1	Chemical derivative	
2006	Haloxon	O-Dichloroethylphosphate	H	anywhere	203.950987	204.9763	C4Cl2H7O3P1	1	Chemical derivative	
2006	Haloxon	O-Dichloroethylphosphate	C	anywhere	203.950987	204.9763	C4Cl2H7O3P1	1	Chemical derivative	
2008	Methamidophos-O	O-methyl amino phosphinate	Y	anywhere	92.997965	93.0217	C1H4N1O2P1	1	Chemical derivative	
2008	Methamidophos-O	O-methyl amino phosphinate	T	anywhere	92.997965	93.0217	C1H4N1O2P1	1	Chemical derivative	
2008	Methamidophos-O	O-methyl amino phosphinate	S	anywhere	92.997965	93.0217	C1H4N1O2P1	1	Chemical derivative	
2008	Methamidophos-O	O-methyl amino phosphinate	K	anywhere	92.997965	93.0217	C1H4N1O2P1	1	Chemical derivative	
2008	Methamidophos-O	O-methyl amino phosphinate	H	anywhere	92.997965	93.0217	C1H4N1O2P1	1	Chemical derivative	
2008	Methamidophos-O	O-methyl amino phosphinate	C	anywhere	92.997965	93.0217	C1H4N1O2P1	1	Chemical derivative	
2014	Nitrene	Loss of O2; nitro photochemical decomposition	Y	anywhere	12.995249	12.9988	H-1N1	1	Artefact	
2015	shTMT	Super Heavy Tandem Mass Tag	N-term	n-term	235.176741	235.2201	(13)C9(15)N2C3H20O2	1	Chemical derivative	
2015	shTMT	Super Heavy Tandem Mass Tag	N-term	protein-n-term	235.176741	235.2201	(13)C9(15)N2C3H20O2	1	Chemical derivative	
2015	shTMT	Super Heavy Tandem Mass Tag	K	anywhere	235.176741	235.2201	(13)C9(15)N2C3H20O2	1	Chemical derivative	
2016	TMTpro	TMTpro 16plex Tandem Mass Tag	T	anywhere	304.207146	304.3127	(13)C7(15)N2C8H25N1O3	1	Isotopic label	
2016	TMTpro	TMTpro 16plex Tandem Mass Tag	S	anywhere	304.207146	304.3127	(13)C7(15)N2C8H25N1O3	1	Isotopic label	
2016	TMTpro	TMTpro 16plex Tandem Mass Tag	H	anywhere	304.207146	304.3127	(13)C7(15)N2C8H25N1O3	1	Isotopic label	
2016	TMTpro	TMTpro 16plex Tandem Mass Tag	N-term	protein-n-term	304.207146	304.3127	(13)C7(15)N2C8H25N1O3	1	Isotopic label	
2016	TMTpro	TMTpro 16plex Tandem Mass Tag	N-term	n-term	304.207146	304.3127	(13)C7(15)N2C8H25N1O3	0	Isotopic label	
2016	TMTpro	TMTpro 16plex Tandem Mass Tag	K	anywhere	304.207146	304.3127	(13)C7(15)N2C8H25N1O3	0	Isotopic label	
2017	TMTpro_zero	Native TMTpro Tandem Mass Tag	S	anywhere	295.189592	295.3773	C15H25N3O3	1	Chemical derivative	
2017	TMTpro_zero	Native TMTpro Tandem Mass Tag	H	anywhere	295.189592	295.3773	C15H25N3O3	1	Chemical derivative	
2017	TMTpro_zero	Native TMTpro Tandem Mass Tag	N-term	protein-n-term	295.189592	295.3773	C15H25N3O3	1	Chemical derivative	
2017	TMTpro_zero	Native TMTpro Tandem Mass Tag	N-term	n-term	295.189592	295.3773	C15H25N3O3	1	Chemical derivative	
2017	TMTpro_zero	Native TMTpro Tandem Mass Tag	K	anywhere	295.189592	295.3773	C15H25N3O3	1	Chemical derivative	
2017	TMTpro_zero	Native TMTpro Tandem Mass Tag	T	anywhere	295.189592	295.3773	C15H25N3O3	1	Chemical derivative	
2041	3-hydroxybenzyl-phosphate	3-hydroxybenzyl phosphate	S	anywhere	186.008196	186.1018	C7H7O4P1	1	Chemical derivative	
2041	3-hydroxybenzyl-phosphate	3-hydroxybenzyl phosphate	K	anywhere	186.008196	186.1018	C7H7O4P1	1	Chemical derivative	
2041	3-hydroxybenzyl-phosphate	3-hydroxybenzyl phosphate	T	anywhere	186.008196	186.1018	C7H7O4P1	1	Chemical derivative	
2041	3-hydroxybenzyl-phosphate	3-hydroxybenzyl phosphate	Y	anywhere	186.008196	186.1018	C7H7O4P1	1	Chemical derivative	
2028	Hex(6)HexNAc(5)NeuAc(3)	A3G3S3	N	anywhere	2861.000054	2862.5699	C109H176N8O79	1	N-linked glycosylation	C109H176N8O79@2861.000054@2862.5699
2025	Andro-H2O	andrographolide with the loss of H2O	C	anywhere	332.19876	332.4339	C20H28O4	1	Chemical derivative	
2027	His+O(2)	Photo-induced histidine adduct	H	anywhere	169.048741	169.1381	C6H7N3O3	1	Post-translational	
2029	Hex(7)HexNAc(6)	A4G4	S	anywhere	2352.846	2354.1393	C90H148N6O65	1	O-linked glycosylation	C90H148N6O65@2352.846@2354.1393
2029	Hex(7)HexNAc(6)	A4G4	T	anywhere	2352.846	2354.1393	C90H148N6O65	1	O-linked glycosylation	C90H148N6O65@2352.846@2354.1393
2029	Hex(7)HexNAc(6)	A4G4	N	anywhere	2352.846	2354.1393	C90H148N6O65	1	N-linked glycosylation	C90H148N6O65@2352.846@2354.1393
2033	Met+O(2)	Photo-induced Methionine Adduct	H	anywhere	163.030314	163.1949	C5H9N1O3S1	1	Chemical derivative	
2034	Gly+O(2)	Photo-induced Glycine Adduct	H	anywhere	89.011293	89.0501	C2H3N1O3	1	Chemical derivative	
2037	Glu+O(2)	Photo-induced Glutamate adduct	H	anywhere	161.032422	161.1128	C5H7N1O5	1	Post-translational	
2040	MBS+peptide	MBS_233p24 plus peptide 1250p53	C	anywhere	1482.77	1483.7597	C81H108N7O19	1	Chemical derivative	
2042	phenyl-phosphate	phenyl phosphate	S	anywhere	155.997631	156.0759	C6H5O3P1	1	Chemical derivative	
2042	phenyl-phosphate	phenyl phosphate	K	anywhere	155.997631	156.0759	C6H5O3P1	1	Chemical derivative	
2042	phenyl-phosphate	phenyl phosphate	T	anywhere	155.997631	156.0759	C6H5O3P1	1	Chemical derivative	
2042	phenyl-phosphate	phenyl phosphate	Y	anywhere	155.997631	156.0759	C6H5O3P1	1	Chemical derivative	
2044	RBS-ID_Uridine	RNA-protein UVC-crosslinked, hydrofluoride-digested uridine adduct	Y	anywhere	244.069536	244.2014	C9H12N2O6	1	Other	
2054	pRBS-ID_4-thiouridine	RNA-protein UVA-crosslinked, hydrofluoride-digested 4-thiouridine adduct	F	anywhere	226.058972	226.1861	C9H10N2O5	1	Other	C5H8O4@132.042259@132.1146
2053	Biotin:Aha-PC	Intact PC Biotin Alkyne tag	M	anywhere	690.24316	690.7246	C29H38N8O10S1	1	Chemical derivative	
2062	DBIA	desthiobiotinylation of cysteine with DBIA probe	C	anywhere	296.184841	296.3654	C14H24N4O3	1	Chemical derivative	
2055	pRBS-ID_6-thioguanosine	RNA-protein UVA-crosslinked, hydrofluoride-digested 6-thioguanosine adduct	W	anywhere	265.081104	265.2254	C10H11N5O4	1	Other	C5H8O4@132.042259@132.1146
2057	6C-CysPAT	Iodoacetamido-LC-Phosphonic Acid derivative	Y	anywhere	221.081695	221.1907	C8H16N1O4P1	1	Artefact	
2057	6C-CysPAT	Iodoacetamido-LC-Phosphonic Acid derivative	T	anywhere	221.081695	221.1907	C8H16N1O4P1	1	Artefact	
2057	6C-CysPAT	Iodoacetamido-LC-Phosphonic Acid derivative	S	anywhere	221.081695	221.1907	C8H16N1O4P1	1	Artefact	
2057	6C-CysPAT	Iodoacetamido-LC-Phosphonic Acid derivative	E	anywhere	221.081695	221.1907	C8H16N1O4P1	1	Artefact	
2057	6C-CysPAT	Iodoacetamido-LC-Phosphonic Acid derivative	D	anywhere	221.081695	221.1907	C8H16N1O4P1	1	Artefact	
2057	6C-CysPAT	Iodoacetamido-LC-Phosphonic Acid derivative	H	anywhere	221.081695	221.1907	C8H16N1O4P1	1	Artefact	
2057	6C-CysPAT	Iodoacetamido-LC-Phosphonic Acid derivative	N-term	n-term	221.081695	221.1907	C8H16N1O4P1	0	Artefact	
2057	6C-CysPAT	Iodoacetamido-LC-Phosphonic Acid derivative	K	anywhere	221.081695	221.1907	C8H16N1O4P1	1	Artefact	
2057	6C-CysPAT	Iodoacetamido-LC-Phosphonic Acid derivative	C	anywhere	221.081695	221.1907	C8H16N1O4P1	0	Chemical derivative	
2058	Xlink:DSPP[210]	Intact DSPP/TBDSPP crosslinker	N-term	protein-n-term	209.97181	210.0802	C8H3O5P1	1	Chemical derivative	
2058	Xlink:DSPP[210]	Intact DSPP/TBDSPP crosslinker	K	anywhere	209.97181	210.0802	C8H3O5P1	1	Chemical derivative	
2059	Xlink:DSPP[228]	Water-quenched monolink of DSPP/TBDSPP crosslinker	N-term	protein-n-term	227.982375	228.0955	C8H5O6P1	1	Chemical derivative	
2059	Xlink:DSPP[228]	Water-quenched monolink of DSPP/TBDSPP crosslinker	K	anywhere	227.982375	228.0955	C8H5O6P1	1	Chemical derivative	
2060	Xlink:DSPP[331]	Tris-quenched monolink of DSPP/TBDSPP crosslinker	N-term	protein-n-term	331.045704	331.2152	C12H14N1O8P1	1	Chemical derivative	
2060	Xlink:DSPP[331]	Tris-quenched monolink of DSPP/TBDSPP crosslinker	K	anywhere	331.045704	331.2152	C12H14N1O8P1	1	Chemical derivative	
2061	Xlink:DSPP[226]	Ammonia-quenched monolink of DSPP/TBDSPP crosslinker	K	anywhere	225.990534	226.1028	C8H5N1O5P1	1	Chemical derivative	
2061	Xlink:DSPP[226]	Ammonia-quenched monolink of DSPP/TBDSPP crosslinker	N-term	protein-n-term	225.990534	226.1028	C8H5N1O5P1	1	Chemical derivative	
2073	N6pAMP	Plain N6-Propargyl-AMP modified proteins without any clicked enrichment tag	Y	anywhere	367.06817	367.2539	C13H14N5O6P1	1	Chemical derivative	
2073	N6pAMP	Plain N6-Propargyl-AMP modified proteins without any clicked enrichment tag	T	anywhere	367.06817	367.2539	C13H14N5O6P1	1	Chemical derivative	
2073	N6pAMP	Plain N6-Propargyl-AMP modified proteins without any clicked enrichment tag	S	anywhere	367.06817	367.2539	C13H14N5O6P1	1	Chemical derivative	
2074	DABCYL-C2-maleimide	DABCYL-C2-maleimide Thiol-reactive dye for fluorescence labelling of proteins	K	anywhere	391.16444	391.4231	C21H21N5O3	1	Chemical derivative	C15H13N3O1@251.105862@251.2832
2074	DABCYL-C2-maleimide	DABCYL-C2-maleimide Thiol-reactive dye for fluorescence labelling of proteins	C	anywhere	391.16444	391.4231	C21H21N5O3	1	Chemical derivative	C15H13N3O1@251.105862@251.2832
2081	Ethynyl	Ethynlation of cysteine residues	C	anywhere	24	24.0214	C2	1	Chemical derivative	
2067	Mono_Ngamma-propargyl-L-Gln_desthiobiotin	Monomodification of Ngamma-propargyl-L-Gln probe with clicked desthiobiotin-azide	C	anywhere	596.328211	596.6764	C26H44N8O8	1	Chemical derivative	
2068	Di_L-Glu_Ngamma-propargyl-L-Gln_desthiobiotin	Dimodification of L-Glu and Ngamma-propargyl-L-Gln probe with clicked desthiobiotin-azide	E	anywhere	709.375889	709.7909	C31H51N9O10	1	Chemical derivative	C10H16N2O2@196.121178@196.2462;C21H39N7O5@469.301268@469.5783;C31H53N9O11@727.386454@727.8062
2068	Di_L-Glu_Ngamma-propargyl-L-Gln_desthiobiotin	Dimodification of L-Glu and Ngamma-propargyl-L-Gln probe with clicked desthiobiotin-azide	D	anywhere	709.375889	709.7909	C31H51N9O10	1	Chemical derivative	C10H16N2O2@196.121178@196.2462;C31H53N9O11@727.386454@727.8062;C21H39N7O5@469.301268@469.5783
2069	Di_L-Gln_Ngamma-propargyl-L-Gln_desthiobiotin	Dimodification of L-Gln and Ngamma-propargyl-L-Gln probe with clicked desthiobiotin-azide	E	anywhere	708.391873	708.8062	C31H52N10O9	1	Chemical derivative	C31H54N10O10@726.402438@726.8215;C21H39N7O5@469.301268@469.5783;C10H16N2O2@196.121178@196.2462
2069	Di_L-Gln_Ngamma-propargyl-L-Gln_desthiobiotin	Dimodification of L-Gln and Ngamma-propargyl-L-Gln probe with clicked desthiobiotin-azide	D	anywhere	708.391873	708.8062	C31H52N10O9	1	Chemical derivative	C10H16N2O2@196.121178@196.2462;C31H54N10O10@726.402438@726.8215;C21H39N7O5@469.301268@469.5783
2070	L-Gln	Monomodification with glutamine	D	anywhere	128.058578	128.1292	C5H8N2O2	1	Post-translational	
2070	L-Gln	Monomodification with glutamine	E	anywhere	128.058578	128.1292	C5H8N2O2	1	Post-translational	
2072	Glyceroyl	Glyceroylation	N-term	protein-n-term	88.016044	88.0621	C3H4O3	1	Post-translational	
2072	Glyceroyl	Glyceroylation	K	anywhere	88.016044	88.0621	C3H4O3	1	Post-translational	
2079	NBF	Thiol blocking reagent	R	anywhere	163.001791	163.0904	C6H1N3O3	1	Chemical derivative	
2079	NBF	Thiol blocking reagent	K	anywhere	163.001791	163.0904	C6H1N3O3	1	Chemical derivative	
2079	NBF	Thiol blocking reagent	C	anywhere	163.001791	163.0904	C6H1N3O3	1	Chemical derivative	
2080	DCP	Dimedone-Based Chemical Probes	C	anywhere	168.078644	168.1898	C9H12O3	1	Chemical derivative	
2082	QQTGG	SUMOylation leaving QQTGG	K	anywhere	471.207761	471.465	C18H29N7O8	1	Other	
2083	Pyro-QQTGG	SUMOylation leaving Pyro-QQTGG	K	anywhere	454.181212	454.4344	C18H26N6O8	1	Other	
2084	NQTGG	SUMOylation leaving NQTGG	K	anywhere	457.192111	457.4384	C17H27N7O8	1	Other	
2085	DVFQQQTGG	SUMOylation by Endogenous SUMO2/3 following Lys C and Asp-N serial digestion	K	anywhere	960.43011	960.9865	C41H60N12O15	1	Other	
2086	iST-NHS specific cysteine modification	Preomics iST-NHS Kit specific cysteine modification	C	anywhere	113.084064	113.1576	C6H11N1O1	1	Chemical derivative	
2122	Label:13C(6)15N(2)+TMT6plex	Sixplex Tandem Mass Tag 13C(6) 15N(2) Silac label	K	anywhere	237.177131	237.2062	(13)C10(15)N3C2H20N-1O2	1	Multiple	
2088	Label:13C(2)15N(1)	13C(2) 15N(1) Silac label	G	anywhere	3.003745	2.9787	(13)C2(15)N1C-2N-1	1	Isotopic label	
2123	Label:13C(6)15N(2)+TMTpro	TMTpro Tandem Mass Tag 13C(6) 15N(2) Silac label	K	anywhere	312.221344	312.2554	(13)C13(15)N4C2H25N-1O3	1	Multiple	
2126	2PCA-triazole-ethanethiol	Cleaved 2PCA clicked to biotin-SS-azide	N-term	n-term	216.046967	216.2623	C10H8N4S1	1	Other	
2106	DPIA	desthiobiotinylation of cysteine with DPIA (Desthiobiotin polyethyleneoxide iodoacetamide) probe	C	anywhere	455.274384	455.5484	C21H37N5O6	1	Chemical derivative	
2107	Acetoacetyl	Acetoacetylation	K	anywhere	84.021129	84.0734	C4H4O2	1	Post-translational	
2108	Isovaleryl	Isovalerylation	K	anywhere	84.057515	84.1164	C5H8O1	1	Post-translational	
2109	2-methylbutyryl	2-methylbutyrylation	K	anywhere	84.057515	84.1164	C5H8O1	1	Post-translational	
2110	Tiglyl	Tiglylation	K	anywhere	82.041865	82.1005	C5H6O1	1	Post-translational	
2111	3-methylglutaryl	3-methylglutarylation	K	anywhere	128.047344	128.1259	C6H8O3	1	Post-translational	
2112	3-methylglutaconyl	3-methylglutaconylation	K	anywhere	126.031694	126.11	C6H6O3	1	Post-translational	
2113	3-hydroxy-3-methylglutaryl	3-hydroxy-3-methylglutarylation	K	anywhere	144.042259	144.1253	C6H8O4	1	Post-translational	
2114	Lactylation	Lactylation(Lac)	K	anywhere	72.021129	72.0627	C3H4O2	1	Post-translational	
2115	Pyruvoyl	Pyruvoylation	K	anywhere	70.005479	70.0468	C3H2O2	1	Post-translational	
2116	Glyoxylyl	Glyoxylylation	K	anywhere	55.989829	56.0202	C2O2	1	Post-translational	
2117	Itaconatyl	Itaconatylation	C	anywhere	130.026609	130.0987	C5H6O4	1	Post-translational	
2118	Itaconyl	Itaconylation	K	anywhere	112.016044	112.0835	C5H4O3	1	Post-translational	
2119	ValGly	UFMylation residue	K	anywhere	156.089878	156.1824	C7H12N2O2	1	Post-translational	
2120	Pentanoyl	Pentanoylation	K	anywhere	84.057515	84.1164	C5H8O1	1	Post-translational	
2121	Hexanoyl	Hexanoylation	K	anywhere	98.073165	98.143	C6H10O1	1	Post-translational	
99900	CUSTOM0	custom modification 0	A	anywhere	1.00784	1.00811	H1	1	Chemical derivative	
99900	CUSTOM0	custom modification 0	C	anywhere	1.00784	1.00811	H1	1	Chemical derivative	
99900	CUSTOM0	custom modification 0	D	anywhere	1.00784	1.00811	H1	1	Chemical derivative	
99900	CUSTOM0	custom modification 0	E	anywhere	1.00784	1.00811	H1	1	Chemical derivative	
99900	CUSTOM0	custom modification 0	F	anywhere	1.00784	1.00811	H1	1	Chemical derivative	
99900	CUSTOM0	custom modification 0	G	anywhere	1.00784	1.00811	H1	1	Chemical derivative	
99900	CUSTOM0	custom modification 0	H	anywhere	1.00784	1.00811	H1	1	Chemical derivative	
99900	CUSTOM0	custom modification 0	I	anywhere	1.00784	1.00811	H1	1	Chemical derivative	
99900	CUSTOM0	custom modification 0	K	anywhere	1.00784	1.00811	H1	1	Chemical derivative	
99900	CUSTOM0	custom modification 0	L	anywhere	1.00784	1.00811	H1	1	Chemical derivative	
99900	CUSTOM0	custom modification 0	M	anywhere	1.00784	1.00811	H1	1	Chemical derivative	
99900	CUSTOM0	custom modification 0	N	anywhere	1.00784	1.00811	H1	1	Chemical derivative	
99900	CUSTOM0	custom modification 0	P	anywhere	1.00784	1.00811	H1	1	Chemical derivative	
99900	CUSTOM0	custom modification 0	Q	anywhere	1.00784	1.00811	H1	1	Chemical derivative	
99900	CUSTOM0	custom modification 0	R	anywhere	1.00784	1.00811	H1	1	Chemical derivative	
99900	CUSTOM0	custom modification 0	S	anywhere	1.00784	1.00811	H1	1	Chemical derivative	
99900	CUSTOM0	custom modification 0	T	anywhere	1.00784	1.00811	H1	1	Chemical derivative	
99900	CUSTOM0	custom modification 0	V	anywhere	1.00784	1.00811	H1	1	Chemical derivative	
99900	CUSTOM0	custom modification 0	W	anywhere	1.00784	1.00811	H1	1	Chemical derivative	
99900	CUSTOM0	custom modification 0	Y	anywhere	1.00784	1.00811	H1	1	Chemical derivative	
99900	CUSTOM0	custom modification 0	N-term	n-term	1.00784	1.00811	H1	1	Chemical derivative	
99900	CUSTOM0	custom modification 0	C-term	c-term	1.00784	1.00811	H1	1	Chemical derivative	
99901	CUSTOM1	custom modification 1	A	anywhere	1.00784	1.00811	H1	1	Chemical derivative	
99901	CUSTOM1	custom modification 1	C	anywhere	1.00784	1.00811	H1	1	Chemical derivative	
99901	CUSTOM1	custom modification 1	D	anywhere	1.00784	1.00811	H1	1	Chemical derivative	
99901	CUSTOM1	custom modification 1	E	anywhere	1.00784	1.00811	H1	1	Chemical derivative	
99901	CUSTOM1	custom modification 1	F	anywhere	1.00784	1.00811	H1	1	Chemical derivative	
99901	CUSTOM1	custom modification 1	G	anywhere	1.00784	1.00811	H1	1	Chemical derivative	
99901	CUSTOM1	custom modification 1	H	anywhere	1.00784	1.00811	H1	1	Chemical derivative	
99901	CUSTOM1	custom modification 1	I	anywhere	1.00784	1.00811	H1	1	Chemical derivative	
99901	CUSTOM1	custom modification 1	K	anywhere	1.00784	1.00811	H1	1	Chemical derivative	
99901	CUSTOM1	custom modification 1	L	anywhere	1.00784	1.00811	H1	1	Chemical derivative	
99901	CUSTOM1	custom modification 1	M	anywhere	1.00784	1.00811	H1	1	Chemical derivative	
99901	CUSTOM1	custom modification 1	N	anywhere	1.00784	1.00811	H1	1	Chemical derivative	
99901	CUSTOM1	custom modification 1	P	anywhere	1.00784	1.00811	H1	1	Chemical derivative	
99901	CUSTOM1	custom modification 1	Q	anywhere	1.00784	1.00811	H1	1	Chemical derivative	
99901	CUSTOM1	custom modification 1	R	anywhere	1.00784	1.00811	H1	1	Chemical derivative	
99901	CUSTOM1	custom modification 1	S	anywhere	1.00784	1.00811	H1	1	Chemical derivative	
99901	CUSTOM1	custom modification 1	T	anywhere	1.00784	1.00811	H1	1	Chemical derivative	
99901	CUSTOM1	custom modification 1	V	anywhere	1.00784	1.00811	H1	1	Chemical derivative	
99901	CUSTOM1	custom modification 1	W	anywhere	1.00784	1.00811	H1	1	Chemical derivative	
99901	CUSTOM1	custom modification 1	Y	anywhere	1.00784	1.00811	H1	1	Chemical derivative	
99901	CUSTOM1	custom modification 1	N-term	n-term	1.00784	1.00811	H1	1	Chemical derivative	
99901	CUSTOM1	custom modification 1	C-term	c-term	1.00784	1.00811	H1	1	Chemical derivative	
99902	CUSTOM2	custom modification 2	A	anywhere	1.00784	1.00811	H1	1	Chemical derivative	
99902	CUSTOM2	custom modification 2	C	anywhere	1.00784	1.00811	H1	1	Chemical derivative	
99902	CUSTOM2	custom modification 2	D	anywhere	1.00784	1.00811	H1	1	Chemical derivative	
99902	CUSTOM2	custom modification 2	E	anywhere	1.00784	1.00811	H1	1	Chemical derivative	
99902	CUSTOM2	custom modification 2	F	anywhere	1.00784	1.00811	H1	1	Chemical derivative	
99902	CUSTOM2	custom modification 2	G	anywhere	1.00784	1.00811	H1	1	Chemical derivative	
99902	CUSTOM2	custom modification 2	H	anywhere	1.00784	1.00811	H1	1	Chemical derivative	
99902	CUSTOM2	custom modification 2	I	anywhere	1.00784	1.00811	H1	1	Chemical derivative	
99902	CUSTOM2	custom modification 2	K	anywhere	1.00784	1.00811	H1	1	Chemical derivative	
99902	CUSTOM2	custom modification 2	L	anywhere	1.00784	1.00811	H1	1	Chemical derivative	
99902	CUSTOM2	custom modification 2	M	anywhere	1.00784	1.00811	H1	1	Chemical derivative	
99902	CUSTOM2	custom modification 2	N	anywhere	1.00784	1.00811	H1	1	Chemical derivative	
99902	CUSTOM2	custom modification 2	P	anywhere	1.00784	1.00811	H1	1	Chemical derivative	
99902	CUSTOM2	custom modification 2	Q	anywhere	1.00784	1.00811	H1	1	Chemical derivative	
99902	CUSTOM2	custom modification 2	R	anywhere	1.00784	1.00811	H1	1	Chemical derivative	
99902	CUSTOM2	custom modification 2	S	anywhere	1.00784	1.00811	H1	1	Chemical derivative	
99902	CUSTOM2	custom modification 2	T	anywhere	1.00784	1.00811	H1	1	Chemical derivative	
99902	CUSTOM2	custom modification 2	V	anywhere	1.00784	1.00811	H1	1	Chemical derivative	
99902	CUSTOM2	custom modification 2	W	anywhere	1.00784	1.00811	H1	1	Chemical derivative	
99902	CUSTOM2	custom modification 2	Y	anywhere	1.00784	1.00811	H1	1	Chemical derivative	
99902	CUSTOM2	custom modification 2	N-term	n-term	1.00784	1.00811	H1	1	Chemical derivative	
99902	CUSTOM2	custom modification 2	C-term	c-term	1.00784	1.00811	H1	1	Chemical derivative	
99903	CUSTOM3	custom modification 3	A	anywhere	1.00784	1.00811	H1	1	Chemical derivative	
99903	CUSTOM3	custom modification 3	C	anywhere	1.00784	1.00811	H1	1	Chemical derivative	
99903	CUSTOM3	custom modification 3	D	anywhere	1.00784	1.00811	H1	1	Chemical derivative	
99903	CUSTOM3	custom modification 3	E	anywhere	1.00784	1.00811	H1	1	Chemical derivative	
99903	CUSTOM3	custom modification 3	F	anywhere	1.00784	1.00811	H1	1	Chemical derivative	
99903	CUSTOM3	custom modification 3	G	anywhere	1.00784	1.00811	H1	1	Chemical derivative	
99903	CUSTOM3	custom modification 3	H	anywhere	1.00784	1.00811	H1	1	Chemical derivative	
99903	CUSTOM3	custom modification 3	I	anywhere	1.00784	1.00811	H1	1	Chemical derivative	
99903	CUSTOM3	custom modification 3	K	anywhere	1.00784	1.00811	H1	1	Chemical derivative	
99903	CUSTOM3	custom modification 3	L	anywhere	1.00784	1.00811	H1	1	Chemical derivative	
99903	CUSTOM3	custom modification 3	M	anywhere	1.00784	1.00811	H1	1	Chemical derivative	
99903	CUSTOM3	custom modification 3	N	anywhere	1.00784	1.00811	H1	1	Chemical derivative	
99903	CUSTOM3	custom modification 3	P	anywhere	1.00784	1.00811	H1	1	Chemical derivative	
99903	CUSTOM3	custom modification 3	Q	anywhere	1.00784	1.00811	H1	1	Chemical derivative	
99903	CUSTOM3	custom modification 3	R	anywhere	1.00784	1.00811	H1	1	Chemical derivative	
99903	CUSTOM3	custom modification 3	S	anywhere	1.00784	1.00811	H1	1	Chemical derivative	
99903	CUSTOM3	custom modification 3	T	anywhere	1.00784	1.00811	H1	1	Chemical derivative	
99903	CUSTOM3	custom modification 3	V	anywhere	1.00784	1.00811	H1	1	Chemical derivative	
99903	CUSTOM3	custom modification 3	W	anywhere	1.00784	1.00811	H1	1	Chemical derivative	
99903	CUSTOM3	custom modification 3	Y	anywhere	1.00784	1.00811	H1	1	Chemical derivative	
99903	CUSTOM3	custom modification 3	N-term	n-term	1.00784	1.00811	H1	1	Chemical derivative	
99903	CUSTOM3	custom modification 3	C-term	c-term	1.00784	1.00811	H1	1	Chemical derivative	
99904	CUSTOM4	custom modification 4	A	anywhere	1.00784	1.00811	H1	1	Chemical derivative	
99904	CUSTOM4	custom modification 4	C	anywhere	1.00784	1.00811	H1	1	Chemical derivative	
99904	CUSTOM4	custom modification 4	D	anywhere	1.00784	1.00811	H1	1	Chemical derivative	
99904	CUSTOM4	custom modification 4	E	anywhere	1.00784	1.00811	H1	1	Chemical derivative	
99904	CUSTOM4	custom modification 4	F	anywhere	1.00784	1.00811	H1	1	Chemical derivative	
99904	CUSTOM4	custom modification 4	G	anywhere	1.00784	1.00811	H1	1	Chemical derivative	
99904	CUSTOM4	custom modification 4	H	anywhere	1.00784	1.00811	H1	1	Chemical derivative	
99904	CUSTOM4	custom modification 4	I	anywhere	1.00784	1.00811	H1	1	Chemical derivative	
99904	CUSTOM4	custom modification 4	K	anywhere	1.00784	1.00811	H1	1	Chemical derivative	
99904	CUSTOM4	custom modification 4	L	anywhere	1.00784	1.00811	H1	1	Chemical derivative	
99904	CUSTOM4	custom modification 4	M	anywhere	1.00784	1.00811	H1	1	Chemical derivative	
99904	CUSTOM4	custom modification 4	N	anywhere	1.00784	1.00811	H1	1	Chemical derivative	
99904	CUSTOM4	custom modification 4	P	anywhere	1.00784	1.00811	H1	1	Chemical derivative	
99904	CUSTOM4	custom modification 4	Q	anywhere	1.00784	1.00811	H1	1	Chemical derivative	
99904	CUSTOM4	custom modification 4	R	anywhere	1.00784	1.00811	H1	1	Chemical derivative	
99904	CUSTOM4	custom modification 4	S	anywhere	1.00784	1.00811	H1	1	Chemical derivative	
99904	CUSTOM4	custom modification 4	T	anywhere	1.00784	1.00811	H1	1	Chemical derivative	
99904	CUSTOM4	custom modification 4	V	anywhere	1.00784	1.00811	H1	1	Chemical derivative	
99904	CUSTOM4	custom modification 4	W	anywhere	1.00784	1.00811	H1	1	Chemical derivative	
99904	CUSTOM4	custom modification 4	Y	anywhere	1.00784	1.00811	H1	1	Chemical derivative	
99904	CUSTOM4	custom modification 4	N-term	n-term	1.00784	1.00811	H1	1	Chemical derivative	
99904	CUSTOM4	custom modification 4	C-term	c-term	1.00784	1.00811	H1	1	Chemical derivative	
99905	CUSTOM5	custom modification 5	A	anywhere	1.00784	1.00811	H1	1	Chemical derivative	
99905	CUSTOM5	custom modification 5	C	anywhere	1.00784	1.00811	H1	1	Chemical derivative	
99905	CUSTOM5	custom modification 5	D	anywhere	1.00784	1.00811	H1	1	Chemical derivative	
99905	CUSTOM5	custom modification 5	E	anywhere	1.00784	1.00811	H1	1	Chemical derivative	
99905	CUSTOM5	custom modification 5	F	anywhere	1.00784	1.00811	H1	1	Chemical derivative	
99905	CUSTOM5	custom modification 5	G	anywhere	1.00784	1.00811	H1	1	Chemical derivative	
99905	CUSTOM5	custom modification 5	H	anywhere	1.00784	1.00811	H1	1	Chemical derivative	
99905	CUSTOM5	custom modification 5	I	anywhere	1.00784	1.00811	H1	1	Chemical derivative	
99905	CUSTOM5	custom modification 5	K	anywhere	1.00784	1.00811	H1	1	Chemical derivative	
99905	CUSTOM5	custom modification 5	L	anywhere	1.00784	1.00811	H1	1	Chemical derivative	
99905	CUSTOM5	custom modification 5	M	anywhere	1.00784	1.00811	H1	1	Chemical derivative	
99905	CUSTOM5	custom modification 5	N	anywhere	1.00784	1.00811	H1	1	Chemical derivative	
99905	CUSTOM5	custom modification 5	P	anywhere	1.00784	1.00811	H1	1	Chemical derivative	
99905	CUSTOM5	custom modification 5	Q	anywhere	1.00784	1.00811	H1	1	Chemical derivative	
99905	CUSTOM5	custom modification 5	R	anywhere	1.00784	1.00811	H1	1	Chemical derivative	
99905	CUSTOM5	custom modification 5	S	anywhere	1.00784	1.00811	H1	1	Chemical derivative	
99905	CUSTOM5	custom modification 5	T	anywhere	1.00784	1.00811	H1	1	Chemical derivative	
99905	CUSTOM5	custom modification 5	V	anywhere	1.00784	1.00811	H1	1	Chemical derivative	
99905	CUSTOM5	custom modification 5	W	anywhere	1.00784	1.00811	H1	1	Chemical derivative	
99905	CUSTOM5	custom modification 5	Y	anywhere	1.00784	1.00811	H1	1	Chemical derivative	
99905	CUSTOM5	custom modification 5	N-term	n-term	1.00784	1.00811	H1	1	Chemical derivative	
99905	CUSTOM5	custom modification 5	C-term	c-term	1.00784	1.00811	H1	1	Chemical derivative	
99906	CUSTOM6	custom modification 6	A	anywhere	1.00784	1.00811	H1	1	Chemical derivative	
99906	CUSTOM6	custom modification 6	C	anywhere	1.00784	1.00811	H1	1	Chemical derivative	
99906	CUSTOM6	custom modification 6	D	anywhere	1.00784	1.00811	H1	1	Chemical derivative	
99906	CUSTOM6	custom modification 6	E	anywhere	1.00784	1.00811	H1	1	Chemical derivative	
99906	CUSTOM6	custom modification 6	F	anywhere	1.00784	1.00811	H1	1	Chemical derivative	
99906	CUSTOM6	custom modification 6	G	anywhere	1.00784	1.00811	H1	1	Chemical derivative	
99906	CUSTOM6	custom modification 6	H	anywhere	1.00784	1.00811	H1	1	Chemical derivative	
99906	CUSTOM6	custom modification 6	I	anywhere	1.00784	1.00811	H1	1	Chemical derivative	
99906	CUSTOM6	custom modification 6	K	anywhere	1.00784	1.00811	H1	1	Chemical derivative	
99906	CUSTOM6	custom modification 6	L	anywhere	1.00784	1.00811	H1	1	Chemical derivative	
99906	CUSTOM6	custom modification 6	M	anywhere	1.00784	1.00811	H1	1	Chemical derivative	
99906	CUSTOM6	custom modification 6	N	anywhere	1.00784	1.00811	H1	1	Chemical derivative	
99906	CUSTOM6	custom modification 6	P	anywhere	1.00784	1.00811	H1	1	Chemical derivative	
99906	CUSTOM6	custom modification 6	Q	anywhere	1.00784	1.00811	H1	1	Chemical derivative	
99906	CUSTOM6	custom modification 6	R	anywhere	1.00784	1.00811	H1	1	Chemical derivative	
99906	CUSTOM6	custom modification 6	S	anywhere	1.00784	1.00811	H1	1	Chemical derivative	
99906	CUSTOM6	custom modification 6	T	anywhere	1.00784	1.00811	H1	1	Chemical derivative	
99906	CUSTOM6	custom modification 6	V	anywhere	1.00784	1.00811	H1	1	Chemical derivative	
99906	CUSTOM6	custom modification 6	W	anywhere	1.00784	1.00811	H1	1	Chemical derivative	
99906	CUSTOM6	custom modification 6	Y	anywhere	1.00784	1.00811	H1	1	Chemical derivative	
99906	CUSTOM6	custom modification 6	N-term	n-term	1.00784	1.00811	H1	1	Chemical derivative	
99906	CUSTOM6	custom modification 6	C-term	c-term	1.00784	1.00811	H1	1	Chemical derivative	
99907	CUSTOM7	custom modification 7	A	anywhere	1.00784	1.00811	H1	1	Chemical derivative	
99907	CUSTOM7	custom modification 7	C	anywhere	1.00784	1.00811	H1	1	Chemical derivative	
99907	CUSTOM7	custom modification 7	D	anywhere	1.00784	1.00811	H1	1	Chemical derivative	
99907	CUSTOM7	custom modification 7	E	anywhere	1.00784	1.00811	H1	1	Chemical derivative	
99907	CUSTOM7	custom modification 7	F	anywhere	1.00784	1.00811	H1	1	Chemical derivative	
99907	CUSTOM7	custom modification 7	G	anywhere	1.00784	1.00811	H1	1	Chemical derivative	
99907	CUSTOM7	custom modification 7	H	anywhere	1.00784	1.00811	H1	1	Chemical derivative	
99907	CUSTOM7	custom modification 7	I	anywhere	1.00784	1.00811	H1	1	Chemical derivative	
99907	CUSTOM7	custom modification 7	K	anywhere	1.00784	1.00811	H1	1	Chemical derivative	
99907	CUSTOM7	custom modification 7	L	anywhere	1.00784	1.00811	H1	1	Chemical derivative	
99907	CUSTOM7	custom modification 7	M	anywhere	1.00784	1.00811	H1	1	Chemical derivative	
99907	CUSTOM7	custom modification 7	N	anywhere	1.00784	1.00811	H1	1	Chemical derivative	
99907	CUSTOM7	custom modification 7	P	anywhere	1.00784	1.00811	H1	1	Chemical derivative	
99907	CUSTOM7	custom modification 7	Q	anywhere	1.00784	1.00811	H1	1	Chemical derivative	
99907	CUSTOM7	custom modification 7	R	anywhere	1.00784	1.00811	H1	1	Chemical derivative	
99907	CUSTOM7	custom modification 7	S	anywhere	1.00784	1.00811	H1	1	Chemical derivative	
99907	CUSTOM7	custom modification 7	T	anywhere	1.00784	1.00811	H1	1	Chemical derivative	
99907	CUSTOM7	custom modification 7	V	anywhere	1.00784	1.00811	H1	1	Chemical derivative	
99907	CUSTOM7	custom modification 7	W	anywhere	1.00784	1.00811	H1	1	Chemical derivative	
99907	CUSTOM7	custom modification 7	Y	anywhere	1.00784	1.00811	H1	1	Chemical derivative	
99907	CUSTOM7	custom modification 7	N-term	n-term	1.00784	1.00811	H1	1	Chemical derivative	
99907	CUSTOM7	custom modification 7	C-term	c-term	1.00784	1.00811	H1	1	Chemical derivative	
99908	CUSTOM8	custom modification 8	A	anywhere	1.00784	1.00811	H1	1	Chemical derivative	
99908	CUSTOM8	custom modification 8	C	anywhere	1.00784	1.00811	H1	1	Chemical derivative	
99908	CUSTOM8	custom modification 8	D	anywhere	1.00784	1.00811	H1	1	Chemical derivative	
99908	CUSTOM8	custom modification 8	E	anywhere	1.00784	1.00811	H1	1	Chemical derivative	
99908	CUSTOM8	custom modification 8	F	anywhere	1.00784	1.00811	H1	1	Chemical derivative	
99908	CUSTOM8	custom modification 8	G	anywhere	1.00784	1.00811	H1	1	Chemical derivative	
99908	CUSTOM8	custom modification 8	H	anywhere	1.00784	1.00811	H1	1	Chemical derivative	
99908	CUSTOM8	custom modification 8	I	anywhere	1.00784	1.00811	H1	1	Chemical derivative	
99908	CUSTOM8	custom modification 8	K	anywhere	1.00784	1.00811	H1	1	Chemical derivative	
99908	CUSTOM8	custom modification 8	L	anywhere	1.00784	1.00811	H1	1	Chemical derivative	
99908	CUSTOM8	custom modification 8	M	anywhere	1.00784	1.00811	H1	1	Chemical derivative	
99908	CUSTOM8	custom modification 8	N	anywhere	1.00784	1.00811	H1	1	Chemical derivative	
99908	CUSTOM8	custom modification 8	P	anywhere	1.00784	1.00811	H1	1	Chemical derivative	
99908	CUSTOM8	custom modification 8	Q	anywhere	1.00784	1.00811	H1	1	Chemical derivative	
99908	CUSTOM8	custom modification 8	R	anywhere	1.00784	1.00811	H1	1	Chemical derivative	
99908	CUSTOM8	custom modification 8	S	anywhere	1.00784	1.00811	H1	1	Chemical derivative	
99908	CUSTOM8	custom modification 8	T	anywhere	1.00784	1.00811	H1	1	Chemical derivative	
99908	CUSTOM8	custom modification 8	V	anywhere	1.00784	1.00811	H1	1	Chemical derivative	
99908	CUSTOM8	custom modification 8	W	anywhere	1.00784	1.00811	H1	1	Chemical derivative	
99908	CUSTOM8	custom modification 8	Y	anywhere	1.00784	1.00811	H1	1	Chemical derivative	
99908	CUSTOM8	custom modification 8	N-term	n-term	1.00784	1.00811	H1	1	Chemical derivative	
99908	CUSTOM8	custom modification 8	C-term	c-term	1.00784	1.00811	H1	1	Chemical derivative	
99909	CUSTOM9	custom modification 9	A	anywhere	1.00784	1.00811	H1	1	Chemical derivative	
99909	CUSTOM9	custom modification 9	C	anywhere	1.00784	1.00811	H1	1	Chemical derivative	
99909	CUSTOM9	custom modification 9	D	anywhere	1.00784	1.00811	H1	1	Chemical derivative	
99909	CUSTOM9	custom modification 9	E	anywhere	1.00784	1.00811	H1	1	Chemical derivative	
99909	CUSTOM9	custom modification 9	F	anywhere	1.00784	1.00811	H1	1	Chemical derivative	
99909	CUSTOM9	custom modification 9	G	anywhere	1.00784	1.00811	H1	1	Chemical derivative	
99909	CUSTOM9	custom modification 9	H	anywhere	1.00784	1.00811	H1	1	Chemical derivative	
99909	CUSTOM9	custom modification 9	I	anywhere	1.00784	1.00811	H1	1	Chemical derivative	
99909	CUSTOM9	custom modification 9	K	anywhere	1.00784	1.00811	H1	1	Chemical derivative	
99909	CUSTOM9	custom modification 9	L	anywhere	1.00784	1.00811	H1	1	Chemical derivative	
99909	CUSTOM9	custom modification 9	M	anywhere	1.00784	1.00811	H1	1	Chemical derivative	
99909	CUSTOM9	custom modification 9	N	anywhere	1.00784	1.00811	H1	1	Chemical derivative	
99909	CUSTOM9	custom modification 9	P	anywhere	1.00784	1.00811	H1	1	Chemical derivative	
99909	CUSTOM9	custom modification 9	Q	anywhere	1.00784	1.00811	H1	1	Chemical derivative	
99909	CUSTOM9	custom modification 9	R	anywhere	1.00784	1.00811	H1	1	Chemical derivative	
99909	CUSTOM9	custom modification 9	S	anywhere	1.00784	1.00811	H1	1	Chemical derivative	
99909	CUSTOM9	custom modification 9	T	anywhere	1.00784	1.00811	H1	1	Chemical derivative	
99909	CUSTOM9	custom modification 9	V	anywhere	1.00784	1.00811	H1	1	Chemical derivative	
99909	CUSTOM9	custom modification 9	W	anywhere	1.00784	1.00811	H1	1	Chemical derivative	
99909	CUSTOM9	custom modification 9	Y	anywhere	1.00784	1.00811	H1	1	Chemical derivative	
99909	CUSTOM9	custom modification 9	N-term	n-term	1.00784	1.00811	H1	1	Chemical derivative	
99909	CUSTOM9	custom modification 9	C-term	c-term	1.00784	1.00811	H1	1	Chemical derivative	
99910	Methyl:2H(2)13C	Mono-methylation 2H(2)13C	T	anywhere	17.031558	17.0344805	(13)C1(2)H2	1	Post-translational	
99910	Methyl:2H(2)13C	Mono-methylation 2H(2)13C	S	anywhere	17.031558	17.0344805	(13)C1(2)H2	1	Post-translational	
99910	Methyl:2H(2)13C	Mono-methylation 2H(2)13C	N-term	protein-n-term	17.031558	17.0344805	(13)C1(2)H2	1	Chemical derivative	
99910	Methyl:2H(2)13C	Mono-methylation 2H(2)13C	E	anywhere	17.031558	17.0344805	(13)C1(2)H2	0	Post-translational	
99910	Methyl:2H(2)13C	Mono-methylation 2H(2)13C	D	anywhere	17.031558	17.0344805	(13)C1(2)H2	0	Post-translational	
99910	Methyl:2H(2)13C	Mono-methylation 2H(2)13C	C-term	c-term	17.031558	17.0344805	(13)C1(2)H2	0	Multiple	
99910	Methyl:2H(2)13C	Mono-methylation 2H(2)13C	L	anywhere	17.031558	17.0344805	(13)C1(2)H2	1	Post-translational	
99910	Methyl:2H(2)13C	Mono-methylation 2H(2)13C	I	anywhere	17.031558	17.0344805	(13)C1(2)H2	1	Post-translational	
99910	Methyl:2H(2)13C	Mono-methylation 2H(2)13C	R	anywhere	17.031558	17.0344805	(13)C1(2)H2	1	Post-translational	
99910	Methyl:2H(2)13C	Mono-methylation 2H(2)13C	N-term	n-term	17.031558	17.0344805	(13)C1(2)H2	1	Chemical derivative	
99910	Methyl:2H(2)13C	Mono-methylation 2H(2)13C	Q	anywhere	17.031558	17.0344805	(13)C1(2)H2	1	Post-translational	
99910	Methyl:2H(2)13C	Mono-methylation 2H(2)13C	N	anywhere	17.031558	17.0344805	(13)C1(2)H2	1	Post-translational	
99910	Methyl:2H(2)13C	Mono-methylation 2H(2)13C	K	anywhere	17.031558	17.0344805	(13)C1(2)H2	1	Chemical derivative	
99910	Methyl:2H(2)13C	Mono-methylation 2H(2)13C	H	anywhere	17.031558	17.0344805	(13)C1(2)H2	1	Post-translational	
99910	Methyl:2H(2)13C	Mono-methylation 2H(2)13C	C	anywhere	17.031558	17.0344805	(13)C1(2)H2	1	Post-translational	
99911	Dimethyl:2H(2)13C	Dimethyl-Mono-Medium	N	anywhere	31.047208	31.05814	(13)C1(2)H2C1H2	1	Post-translational	
99911	Dimethyl:2H(2)13C	Dimethyl-Mono-Medium	N-term	n-term	31.047208	31.05814	(13)C1(2)H2C1H2	1	Chemical derivative	
99911	Dimethyl:2H(2)13C	Dimethyl-Mono-Medium	R	anywhere	31.047208	31.05814	(13)C1(2)H2C1H2	1	Post-translational	
99911	Dimethyl:2H(2)13C	Dimethyl-Mono-Medium	K	anywhere	31.047208	31.05814	(13)C1(2)H2C1H2	1	Post-translational	
99911	Dimethyl:2H(2)13C	Dimethyl-Mono-Medium	P	protein-n-term	31.047208	31.05814	(13)C1(2)H2C1H2	1	Post-translational	
99912	RNPXlink1	Cysteine Adduct	C	anywhere	151.99436	152.043276	C1H2N3O6	0	Post-translational	
99913	PhosphoDecoy	Phosphorylation Decoy	A	anywhere	79.966331	79.9799	H1O3P1	0	Post-translational	H3O4P1@97.976896@97.9952
99913	PhosphoDecoy	Phosphorylation Decoy	L	anywhere	79.966331	79.9799	H1O3P1	0	Post-translational	H3O4P1@97.976896@97.9952
99913	PhosphoDecoy	Phosphorylation Decoy	G	anywhere	79.966331	79.9799	H1O3P1	0	Post-translational	H3O4P1@97.976896@97.9952
